order_id,order_date,customer_id,customer_name,gender,age,city,state,region,product_id,product_name,category,quantity,unit_price,discount,sales,cost,profit
O00001,2025-06-25,C0481,Isha Mehta,Female,45,Bengaluru,Karnataka,South,P010,Yoga Mat,Sports,2,1200,0.05,2280.0,1300,980.0
O00002,2025-03-08,C0060,Aditi Sharma,Female,21,Mumbai,Maharashtra,West,P004,Smart Watch,Electronics,1,6500,0.15,5525.0,4000,1525.0
O00003,2025-03-07,C0025,Vikram Shah,Male,41,Chennai,Tamil Nadu,South,P020,Notebook Set,Stationery,2,500,0.1,900.0,440,460.0
O00004,2025-03-24,C0496,Sneha Singh,Male,45,Lucknow,Uttar Pradesh,North,P012,Air Fryer,Home Appliances,3,7500,0.15,19125.0,14400,4725.0
O00005,2025-12-16,C0211,Sneha Reddy,Female,57,Ahmedabad,Gujarat,West,P003,Headphones,Electronics,1,2500,0.05,2375.0,1400,975.0
O00006,2025-04-15,C0059,Neha Reddy,Male,28,Mumbai,Maharashtra,West,P014,T-Shirt,Fashion,1,1200,0.1,1080.0,650,430.0
O00007,2025-10-14,C0645,Neha Gupta,Male,44,Bengaluru,Karnataka,South,P019,Cushion Set,Home Decor,1,1200,0.25,900.0,600,300.0
O00008,2025-07-05,C0227,Neha Nair,Female,55,Ahmedabad,Gujarat,West,P015,Jeans,Fashion,2,2500,0.05,4750.0,2800,1950.0
O00009,2025-10-11,C0347,Raj Sharma,Female,54,Lucknow,Uttar Pradesh,North,P002,Smartphone,Electronics,1,28000,0.1,25200.0,21500,3700.0
O00010,2025-01-04,C0168,Aarav Reddy,Male,49,Bhubaneswar,Odisha,East,P019,Cushion Set,Home Decor,2,1200,0.1,2160.0,1200,960.0
O00011,2025-05-18,C0503,Rahul Kapoor,Male,43,Ahmedabad,Gujarat,West,P016,Jacket,Fashion,3,4500,0.1,12150.0,8100,4050.0
O00012,2025-06-28,C0217,Isha Nair,Female,52,Jaipur,Rajasthan,North,P003,Headphones,Electronics,2,2500,0.1,4500.0,2800,1700.0
O00013,2025-08-25,C0940,Aarav Nair,Female,58,Lucknow,Uttar Pradesh,North,P001,Laptop,Electronics,1,55000,0.1,49500.0,42000,7500.0
O00014,2025-01-18,C0582,Meera Desai,Male,25,Delhi,Delhi,North,P011,Coffee Maker,Home Appliances,3,5500,0.0,16500.0,10200,6300.0
O00015,2025-10-30,C0095,Rahul Sharma,Male,51,Jaipur,Rajasthan,North,P003,Headphones,Electronics,1,2500,0.2,2000.0,1400,600.0
O00016,2025-01-09,C0310,Pooja Nair,Male,40,Kochi,Kerala,South,P017,Table Lamp,Home Decor,2,1800,0.15,3060.0,1900,1160.0
O00017,2025-01-29,C0284,Arjun Desai,Male,32,Hyderabad,Telangana,South,P008,Backpack,Accessories,2,2200,0.05,4180.0,2400,1780.0
O00018,2025-05-24,C0413,Nikhil Singh,Female,54,Delhi,Delhi,North,P019,Cushion Set,Home Decor,1,1200,0.1,1080.0,600,480.0
O00019,2025-12-14,C0748,Varun Khan,Female,59,Mumbai,Maharashtra,West,P011,Coffee Maker,Home Appliances,3,5500,0.15,14025.0,10200,3825.0
O00020,2025-05-29,C0460,Kavya Joshi,Male,53,Mumbai,Maharashtra,West,P003,Headphones,Electronics,1,2500,0.25,1875.0,1400,475.0
O00021,2025-03-05,C0042,Neha Singh,Female,60,Chennai,Tamil Nadu,South,P003,Headphones,Electronics,5,2500,0.25,9375.0,7000,2375.0
O00022,2025-07-06,C0531,Pooja Shah,Female,49,Chennai,Tamil Nadu,South,P012,Air Fryer,Home Appliances,1,7500,0.2,6000.0,4800,1200.0
O00023,2025-08-15,C0006,Amit Iyer,Male,35,Kochi,Kerala,South,P015,Jeans,Fashion,1,2500,0.05,2375.0,1400,975.0
O00024,2025-04-28,C0670,Sneha Verma,Male,43,Chennai,Tamil Nadu,South,P016,Jacket,Fashion,1,4500,0.2,3600.0,2700,900.0
O00025,2025-12-22,C0543,Neha Khan,Male,20,Jaipur,Rajasthan,North,P005,Office Chair,Furniture,1,8500,0.2,6800.0,6000,800.0
O00026,2025-09-11,C0223,Vikram Reddy,Male,31,Bhubaneswar,Odisha,East,P004,Smart Watch,Electronics,2,6500,0.1,11700.0,8000,3700.0
O00027,2025-01-31,C0210,Neha Singh,Male,30,Ahmedabad,Gujarat,West,P001,Laptop,Electronics,2,55000,0.1,99000.0,84000,15000.0
O00028,2025-06-10,C0692,Kavya Gupta,Female,32,Bhubaneswar,Odisha,East,P014,T-Shirt,Fashion,3,1200,0.1,3240.0,1950,1290.0
O00029,2025-08-03,C0674,Pooja Joshi,Female,43,Lucknow,Uttar Pradesh,North,P002,Smartphone,Electronics,1,28000,0.15,23800.0,21500,2300.0
O00030,2025-06-18,C0257,Rahul Reddy,Female,44,Delhi,Delhi,North,P009,Running Shoes,Sports,1,4500,0.05,4275.0,2700,1575.0
O00031,2025-03-22,C0215,Raj Verma,Male,18,Kolkata,West Bengal,East,P012,Air Fryer,Home Appliances,2,7500,0.0,15000.0,9600,5400.0
O00032,2025-02-15,C0437,Nikhil Kapoor,Female,45,Pune,Maharashtra,West,P020,Notebook Set,Stationery,1,500,0.05,475.0,220,255.0
O00033,2025-02-18,C0006,Amit Iyer,Male,35,Kochi,Kerala,South,P006,Desk,Furniture,2,12000,0.1,21600.0,17000,4600.0
O00034,2025-10-25,C0057,Vikram Reddy,Female,41,Jaipur,Rajasthan,North,P005,Office Chair,Furniture,2,8500,0.05,16150.0,12000,4150.0
O00035,2025-10-10,C0087,Amit Shah,Female,54,Jaipur,Rajasthan,North,P013,Mixer Grinder,Home Appliances,1,4200,0.15,3570.0,2700,870.0
O00036,2025-03-29,C0130,Amit Reddy,Female,29,Jaipur,Rajasthan,North,P013,Mixer Grinder,Home Appliances,3,4200,0.0,12600.0,8100,4500.0
O00037,2025-05-01,C0393,Neha Joshi,Male,41,Chennai,Tamil Nadu,South,P007,Bookshelf,Furniture,2,7000,0.2,11200.0,9600,1600.0
O00038,2025-01-03,C0985,Meera Sharma,Male,44,Kochi,Kerala,South,P019,Cushion Set,Home Decor,2,1200,0.2,1920.0,1200,720.0
O00039,2025-11-12,C0528,Arjun Singh,Female,44,Kolkata,West Bengal,East,P017,Table Lamp,Home Decor,1,1800,0.2,1440.0,950,490.0
O00040,2025-08-15,C0042,Neha Singh,Female,60,Chennai,Tamil Nadu,South,P004,Smart Watch,Electronics,1,6500,0.15,5525.0,4000,1525.0
O00041,2025-03-20,C0405,Meera Patel,Male,53,Kolkata,West Bengal,East,P004,Smart Watch,Electronics,1,6500,0.0,6500.0,4000,2500.0
O00042,2025-05-25,C0379,Priya Reddy,Female,53,Lucknow,Uttar Pradesh,North,P010,Yoga Mat,Sports,1,1200,0.1,1080.0,650,430.0
O00043,2025-08-30,C0100,Nikhil Kapoor,Female,56,Kolkata,West Bengal,East,P016,Jacket,Fashion,1,4500,0.05,4275.0,2700,1575.0
O00044,2025-02-01,C0861,Karan Verma,Female,58,Bhubaneswar,Odisha,East,P001,Laptop,Electronics,3,55000,0.25,123750.0,126000,-2250.0
O00045,2025-09-20,C0331,Vikram Joshi,Female,23,Kolkata,West Bengal,East,P014,T-Shirt,Fashion,2,1200,0.05,2280.0,1300,980.0
O00046,2025-07-30,C0990,Ananya Gupta,Female,60,Kochi,Kerala,South,P013,Mixer Grinder,Home Appliances,2,4200,0.1,7560.0,5400,2160.0
O00047,2025-03-12,C0313,Aditi Singh,Female,58,Pune,Maharashtra,West,P004,Smart Watch,Electronics,1,6500,0.15,5525.0,4000,1525.0
O00048,2025-07-16,C0483,Vikram Joshi,Male,32,Kolkata,West Bengal,East,P014,T-Shirt,Fashion,3,1200,0.2,2880.0,1950,930.0
O00049,2025-02-27,C0072,Karan Verma,Male,59,Bhubaneswar,Odisha,East,P020,Notebook Set,Stationery,1,500,0.15,425.0,220,205.0
O00050,2025-04-22,C0342,Rahul Mehta,Male,40,Pune,Maharashtra,West,P001,Laptop,Electronics,3,55000,0.15,140250.0,126000,14250.0
O00051,2025-02-17,C0169,Raj Sharma,Female,25,Kolkata,West Bengal,East,P007,Bookshelf,Furniture,4,7000,0.1,25200.0,19200,6000.0
O00052,2025-07-04,C0740,Sneha Iyer,Male,56,Kochi,Kerala,South,P009,Running Shoes,Sports,2,4500,0.1,8100.0,5400,2700.0
O00053,2025-11-23,C0674,Pooja Joshi,Female,43,Lucknow,Uttar Pradesh,North,P019,Cushion Set,Home Decor,5,1200,0.0,6000.0,3000,3000.0
O00054,2025-06-14,C0725,Rahul Reddy,Male,21,Ahmedabad,Gujarat,West,P020,Notebook Set,Stationery,2,500,0.2,800.0,440,360.0
O00055,2025-08-03,C0604,Vikram Verma,Female,45,Kochi,Kerala,South,P009,Running Shoes,Sports,1,4500,0.1,4050.0,2700,1350.0
O00056,2025-11-27,C0736,Rahul Gupta,Male,42,Bengaluru,Karnataka,South,P015,Jeans,Fashion,1,2500,0.0,2500.0,1400,1100.0
O00057,2025-11-26,C0141,Vikram Desai,Female,34,Bengaluru,Karnataka,South,P011,Coffee Maker,Home Appliances,1,5500,0.2,4400.0,3400,1000.0
O00058,2025-05-01,C0340,Isha Gupta,Female,42,Mumbai,Maharashtra,West,P011,Coffee Maker,Home Appliances,1,5500,0.1,4950.0,3400,1550.0
O00059,2025-08-01,C0570,Varun Verma,Female,35,Bengaluru,Karnataka,South,P005,Office Chair,Furniture,2,8500,0.2,13600.0,12000,1600.0
O00060,2025-11-07,C0513,Rahul Desai,Female,45,Bhubaneswar,Odisha,East,P004,Smart Watch,Electronics,1,6500,0.2,5200.0,4000,1200.0
O00061,2025-02-10,C0596,Rahul Singh,Female,39,Bhubaneswar,Odisha,East,P006,Desk,Furniture,3,12000,0.15,30600.0,25500,5100.0
O00062,2025-12-19,C0158,Isha Mehta,Female,35,Kochi,Kerala,South,P011,Coffee Maker,Home Appliances,1,5500,0.0,5500.0,3400,2100.0
O00063,2025-10-16,C0068,Rahul Shah,Male,47,Kolkata,West Bengal,East,P001,Laptop,Electronics,1,55000,0.05,52250.0,42000,10250.0
O00064,2025-06-17,C0855,Sneha Joshi,Male,50,Kochi,Kerala,South,P019,Cushion Set,Home Decor,4,1200,0.2,3840.0,2400,1440.0
O00065,2025-02-03,C0438,Karan Iyer,Female,33,Hyderabad,Telangana,South,P003,Headphones,Electronics,1,2500,0.2,2000.0,1400,600.0
O00066,2025-11-14,C0107,Nikhil Patel,Male,51,Delhi,Delhi,North,P004,Smart Watch,Electronics,2,6500,0.1,11700.0,8000,3700.0
O00067,2025-10-02,C0686,Kavya Mehta,Male,58,Lucknow,Uttar Pradesh,North,P010,Yoga Mat,Sports,2,1200,0.1,2160.0,1300,860.0
O00068,2025-07-16,C0852,Rohan Patel,Male,29,Bengaluru,Karnataka,South,P014,T-Shirt,Fashion,1,1200,0.05,1140.0,650,490.0
O00069,2025-07-10,C0118,Aditi Gupta,Female,56,Bengaluru,Karnataka,South,P002,Smartphone,Electronics,2,28000,0.25,42000.0,43000,-1000.0
O00070,2025-08-09,C0716,Aditi Desai,Male,27,Delhi,Delhi,North,P006,Desk,Furniture,1,12000,0.05,11400.0,8500,2900.0
O00071,2025-01-10,C0881,Amit Shah,Female,41,Mumbai,Maharashtra,West,P020,Notebook Set,Stationery,2,500,0.05,950.0,440,510.0
O00072,2025-04-30,C0889,Aditi Kapoor,Male,34,Delhi,Delhi,North,P005,Office Chair,Furniture,2,8500,0.15,14450.0,12000,2450.0
O00073,2025-05-03,C0851,Amit Singh,Male,44,Delhi,Delhi,North,P006,Desk,Furniture,1,12000,0.05,11400.0,8500,2900.0
O00074,2025-09-04,C0425,Isha Khan,Male,55,Chennai,Tamil Nadu,South,P017,Table Lamp,Home Decor,2,1800,0.2,2880.0,1900,980.0
O00075,2025-12-26,C0260,Kavya Iyer,Male,56,Mumbai,Maharashtra,West,P001,Laptop,Electronics,1,55000,0.0,55000.0,42000,13000.0
O00076,2025-08-09,C0005,Varun Joshi,Male,60,Pune,Maharashtra,West,P010,Yoga Mat,Sports,2,1200,0.0,2400.0,1300,1100.0
O00077,2025-09-18,C0042,Neha Singh,Female,60,Chennai,Tamil Nadu,South,P008,Backpack,Accessories,3,2200,0.1,5940.0,3600,2340.0
O00078,2025-02-27,C0320,Karan Mehta,Female,60,Lucknow,Uttar Pradesh,North,P006,Desk,Furniture,3,12000,0.1,32400.0,25500,6900.0
O00079,2025-11-11,C0296,Rahul Verma,Female,35,Bengaluru,Karnataka,South,P005,Office Chair,Furniture,3,8500,0.05,24225.0,18000,6225.0
O00080,2025-05-08,C0129,Neha Sharma,Male,28,Lucknow,Uttar Pradesh,North,P002,Smartphone,Electronics,1,28000,0.1,25200.0,21500,3700.0
O00081,2025-07-06,C0293,Pooja Mehta,Male,48,Kochi,Kerala,South,P006,Desk,Furniture,5,12000,0.1,54000.0,42500,11500.0
O00082,2025-07-24,C0122,Arjun Mehta,Female,22,Hyderabad,Telangana,South,P001,Laptop,Electronics,1,55000,0.2,44000.0,42000,2000.0
O00083,2025-03-27,C0757,Arjun Singh,Female,39,Jaipur,Rajasthan,North,P016,Jacket,Fashion,2,4500,0.0,9000.0,5400,3600.0
O00084,2025-04-14,C0215,Raj Verma,Male,18,Kolkata,West Bengal,East,P008,Backpack,Accessories,1,2200,0.25,1650.0,1200,450.0
O00085,2025-05-23,C0474,Rahul Gupta,Male,57,Mumbai,Maharashtra,West,P009,Running Shoes,Sports,5,4500,0.1,20250.0,13500,6750.0
O00086,2025-07-24,C0385,Kavya Verma,Female,55,Mumbai,Maharashtra,West,P019,Cushion Set,Home Decor,2,1200,0.05,2280.0,1200,1080.0
O00087,2025-05-09,C0035,Kavya Mehta,Male,37,Bhubaneswar,Odisha,East,P014,T-Shirt,Fashion,2,1200,0.0,2400.0,1300,1100.0
O00088,2025-09-03,C0896,Varun Desai,Female,35,Pune,Maharashtra,West,P001,Laptop,Electronics,1,55000,0.1,49500.0,42000,7500.0
O00089,2025-02-07,C0407,Raj Iyer,Female,60,Kochi,Kerala,South,P020,Notebook Set,Stationery,2,500,0.05,950.0,440,510.0
O00090,2025-12-29,C0236,Simran Singh,Male,36,Bengaluru,Karnataka,South,P004,Smart Watch,Electronics,2,6500,0.05,12350.0,8000,4350.0
O00091,2025-04-19,C0110,Aarav Verma,Male,34,Bengaluru,Karnataka,South,P002,Smartphone,Electronics,2,28000,0.05,53200.0,43000,10200.0
O00092,2025-11-05,C0246,Varun Shah,Male,19,Mumbai,Maharashtra,West,P015,Jeans,Fashion,1,2500,0.15,2125.0,1400,725.0
O00093,2025-02-21,C0014,Nikhil Iyer,Male,20,Pune,Maharashtra,West,P010,Yoga Mat,Sports,1,1200,0.1,1080.0,650,430.0
O00094,2025-01-01,C0266,Nikhil Shah,Male,38,Pune,Maharashtra,West,P009,Running Shoes,Sports,1,4500,0.0,4500.0,2700,1800.0
O00095,2025-01-11,C0411,Raj Reddy,Female,27,Ahmedabad,Gujarat,West,P005,Office Chair,Furniture,1,8500,0.1,7650.0,6000,1650.0
O00096,2025-11-10,C0789,Rahul Iyer,Female,34,Ahmedabad,Gujarat,West,P011,Coffee Maker,Home Appliances,1,5500,0.15,4675.0,3400,1275.0
O00097,2025-08-23,C0565,Raj Nair,Male,42,Kochi,Kerala,South,P005,Office Chair,Furniture,1,8500,0.0,8500.0,6000,2500.0
O00098,2025-05-08,C0077,Rohan Nair,Male,21,Mumbai,Maharashtra,West,P019,Cushion Set,Home Decor,1,1200,0.2,960.0,600,360.0
O00099,2025-08-02,C0102,Simran Reddy,Male,18,Kochi,Kerala,South,P004,Smart Watch,Electronics,1,6500,0.1,5850.0,4000,1850.0
O00100,2025-08-31,C0320,Karan Mehta,Female,60,Lucknow,Uttar Pradesh,North,P019,Cushion Set,Home Decor,1,1200,0.25,900.0,600,300.0
O00101,2025-02-13,C0137,Nikhil Patel,Female,37,Hyderabad,Telangana,South,P011,Coffee Maker,Home Appliances,3,5500,0.05,15675.0,10200,5475.0
O00102,2025-01-06,C0019,Simran Desai,Male,40,Kochi,Kerala,South,P017,Table Lamp,Home Decor,2,1800,0.25,2700.0,1900,800.0
O00103,2025-06-05,C0700,Varun Singh,Female,53,Chennai,Tamil Nadu,South,P014,T-Shirt,Fashion,1,1200,0.15,1020.0,650,370.0
O00104,2025-01-08,C0014,Nikhil Iyer,Male,20,Pune,Maharashtra,West,P014,T-Shirt,Fashion,2,1200,0.1,2160.0,1300,860.0
O00105,2025-01-05,C0733,Isha Khan,Female,40,Chennai,Tamil Nadu,South,P007,Bookshelf,Furniture,2,7000,0.1,12600.0,9600,3000.0
O00106,2025-12-28,C0100,Nikhil Kapoor,Female,56,Kolkata,West Bengal,East,P004,Smart Watch,Electronics,4,6500,0.0,26000.0,16000,10000.0
O00107,2025-07-01,C0952,Rohan Desai,Female,38,Chennai,Tamil Nadu,South,P004,Smart Watch,Electronics,1,6500,0.2,5200.0,4000,1200.0
O00108,2025-04-22,C0479,Aarav Singh,Male,51,Bhubaneswar,Odisha,East,P018,Wall Clock,Home Decor,1,1500,0.15,1275.0,800,475.0
O00109,2025-09-30,C0617,Meera Singh,Male,44,Jaipur,Rajasthan,North,P017,Table Lamp,Home Decor,4,1800,0.0,7200.0,3800,3400.0
O00110,2025-09-22,C0076,Rahul Joshi,Female,23,Lucknow,Uttar Pradesh,North,P009,Running Shoes,Sports,1,4500,0.0,4500.0,2700,1800.0
O00111,2025-07-31,C0775,Sneha Desai,Female,23,Ahmedabad,Gujarat,West,P003,Headphones,Electronics,1,2500,0.0,2500.0,1400,1100.0
O00112,2025-03-19,C0744,Nikhil Joshi,Male,38,Ahmedabad,Gujarat,West,P008,Backpack,Accessories,1,2200,0.1,1980.0,1200,780.0
O00113,2025-09-27,C0529,Rahul Singh,Female,51,Lucknow,Uttar Pradesh,North,P013,Mixer Grinder,Home Appliances,1,4200,0.1,3780.0,2700,1080.0
O00114,2025-06-03,C0384,Rahul Shah,Female,26,Chennai,Tamil Nadu,South,P009,Running Shoes,Sports,5,4500,0.1,20250.0,13500,6750.0
O00115,2025-08-09,C0602,Vikram Shah,Female,53,Delhi,Delhi,North,P016,Jacket,Fashion,1,4500,0.05,4275.0,2700,1575.0
O00116,2025-12-13,C0004,Rohan Shah,Male,38,Mumbai,Maharashtra,West,P020,Notebook Set,Stationery,4,500,0.1,1800.0,880,920.0
O00117,2025-01-25,C0468,Raj Mehta,Male,50,Kolkata,West Bengal,East,P003,Headphones,Electronics,5,2500,0.1,11250.0,7000,4250.0
O00118,2025-12-20,C0755,Arjun Reddy,Male,49,Kolkata,West Bengal,East,P009,Running Shoes,Sports,2,4500,0.0,9000.0,5400,3600.0
O00119,2025-07-27,C0261,Sneha Nair,Female,18,Mumbai,Maharashtra,West,P009,Running Shoes,Sports,1,4500,0.05,4275.0,2700,1575.0
O00120,2025-01-03,C0074,Simran Nair,Male,52,Bengaluru,Karnataka,South,P006,Desk,Furniture,1,12000,0.0,12000.0,8500,3500.0
O00121,2025-08-03,C0314,Rahul Gupta,Female,23,Jaipur,Rajasthan,North,P004,Smart Watch,Electronics,1,6500,0.2,5200.0,4000,1200.0
O00122,2025-04-22,C0608,Meera Iyer,Female,38,Lucknow,Uttar Pradesh,North,P002,Smartphone,Electronics,1,28000,0.15,23800.0,21500,2300.0
O00123,2025-07-11,C0074,Simran Nair,Male,52,Bengaluru,Karnataka,South,P019,Cushion Set,Home Decor,2,1200,0.25,1800.0,1200,600.0
O00124,2025-02-16,C0145,Aarav Khan,Female,23,Bengaluru,Karnataka,South,P009,Running Shoes,Sports,1,4500,0.05,4275.0,2700,1575.0
O00125,2025-08-09,C0102,Simran Reddy,Male,18,Kochi,Kerala,South,P010,Yoga Mat,Sports,4,1200,0.2,3840.0,2600,1240.0
O00126,2025-07-06,C0690,Priya Shah,Female,44,Jaipur,Rajasthan,North,P019,Cushion Set,Home Decor,2,1200,0.1,2160.0,1200,960.0
O00127,2025-02-19,C0043,Isha Nair,Male,48,Kolkata,West Bengal,East,P016,Jacket,Fashion,2,4500,0.1,8100.0,5400,2700.0
O00128,2025-07-16,C0564,Simran Khan,Male,54,Ahmedabad,Gujarat,West,P003,Headphones,Electronics,3,2500,0.05,7125.0,4200,2925.0
O00129,2025-08-04,C0269,Aditi Verma,Male,42,Lucknow,Uttar Pradesh,North,P011,Coffee Maker,Home Appliances,1,5500,0.15,4675.0,3400,1275.0
O00130,2025-08-09,C0641,Aarav Joshi,Female,34,Bhubaneswar,Odisha,East,P009,Running Shoes,Sports,1,4500,0.2,3600.0,2700,900.0
O00131,2025-03-31,C0934,Simran Sharma,Male,44,Hyderabad,Telangana,South,P016,Jacket,Fashion,1,4500,0.05,4275.0,2700,1575.0
O00132,2025-08-20,C0079,Ananya Nair,Female,26,Ahmedabad,Gujarat,West,P015,Jeans,Fashion,1,2500,0.05,2375.0,1400,975.0
O00133,2025-11-19,C0227,Neha Nair,Female,55,Ahmedabad,Gujarat,West,P014,T-Shirt,Fashion,2,1200,0.15,2040.0,1300,740.0
O00134,2025-09-15,C0707,Aditi Joshi,Male,20,Bhubaneswar,Odisha,East,P007,Bookshelf,Furniture,1,7000,0.25,5250.0,4800,450.0
O00135,2025-06-02,C0190,Aarav Desai,Female,41,Pune,Maharashtra,West,P016,Jacket,Fashion,1,4500,0.15,3825.0,2700,1125.0
O00136,2025-09-13,C0151,Arjun Desai,Male,40,Bhubaneswar,Odisha,East,P001,Laptop,Electronics,5,55000,0.05,261250.0,210000,51250.0
O00137,2025-09-15,C0726,Sneha Verma,Male,45,Lucknow,Uttar Pradesh,North,P003,Headphones,Electronics,1,2500,0.1,2250.0,1400,850.0
O00138,2025-03-06,C0975,Arjun Reddy,Female,27,Mumbai,Maharashtra,West,P007,Bookshelf,Furniture,2,7000,0.1,12600.0,9600,3000.0
O00139,2025-07-09,C0434,Rahul Desai,Male,55,Jaipur,Rajasthan,North,P002,Smartphone,Electronics,1,28000,0.2,22400.0,21500,900.0
O00140,2025-04-01,C0199,Neha Kapoor,Female,24,Ahmedabad,Gujarat,West,P004,Smart Watch,Electronics,1,6500,0.15,5525.0,4000,1525.0
O00141,2025-06-22,C0295,Raj Singh,Female,51,Jaipur,Rajasthan,North,P017,Table Lamp,Home Decor,2,1800,0.1,3240.0,1900,1340.0
O00142,2025-09-04,C0119,Amit Sharma,Male,38,Ahmedabad,Gujarat,West,P020,Notebook Set,Stationery,4,500,0.05,1900.0,880,1020.0
O00143,2025-09-13,C0648,Aarav Reddy,Male,18,Hyderabad,Telangana,South,P006,Desk,Furniture,1,12000,0.2,9600.0,8500,1100.0
O00144,2025-04-26,C0662,Aarav Singh,Male,58,Hyderabad,Telangana,South,P005,Office Chair,Furniture,1,8500,0.15,7225.0,6000,1225.0
O00145,2025-02-18,C0793,Karan Patel,Female,20,Pune,Maharashtra,West,P005,Office Chair,Furniture,1,8500,0.25,6375.0,6000,375.0
O00146,2025-08-15,C0018,Varun Reddy,Female,58,Pune,Maharashtra,West,P005,Office Chair,Furniture,1,8500,0.1,7650.0,6000,1650.0
O00147,2025-03-10,C0439,Vikram Shah,Male,34,Delhi,Delhi,North,P001,Laptop,Electronics,1,55000,0.15,46750.0,42000,4750.0
O00148,2025-05-06,C0151,Arjun Desai,Male,40,Bhubaneswar,Odisha,East,P019,Cushion Set,Home Decor,2,1200,0.15,2040.0,1200,840.0
O00149,2025-08-01,C0248,Rahul Nair,Male,43,Mumbai,Maharashtra,West,P004,Smart Watch,Electronics,1,6500,0.05,6175.0,4000,2175.0
O00150,2025-02-22,C0676,Varun Sharma,Male,22,Hyderabad,Telangana,South,P009,Running Shoes,Sports,1,4500,0.25,3375.0,2700,675.0
O00151,2025-04-22,C0134,Isha Shah,Female,45,Bhubaneswar,Odisha,East,P001,Laptop,Electronics,2,55000,0.0,110000.0,84000,26000.0
O00152,2025-06-08,C0514,Nikhil Desai,Female,28,Chennai,Tamil Nadu,South,P018,Wall Clock,Home Decor,1,1500,0.15,1275.0,800,475.0
O00153,2025-08-28,C0530,Varun Iyer,Male,32,Delhi,Delhi,North,P015,Jeans,Fashion,1,2500,0.25,1875.0,1400,475.0
O00154,2025-05-30,C0916,Sneha Mehta,Male,56,Lucknow,Uttar Pradesh,North,P020,Notebook Set,Stationery,5,500,0.05,2375.0,1100,1275.0
O00155,2025-05-19,C0664,Kavya Patel,Male,21,Mumbai,Maharashtra,West,P016,Jacket,Fashion,1,4500,0.0,3825.0,2700,1125.0
O00156,2025-04-23,C0699,Amit Sharma,Female,57,Bengaluru,Karnataka,South,P006,Desk,Furniture,2,12000,0.1,21600.0,17000,4600.0
O00157,2025-05-23,C0411,Raj Reddy,Female,27,Ahmedabad,Gujarat,West,P005,Office Chair,Furniture,1,8500,0.15,7225.0,6000,1225.0
O00158,2025-05-18,C0131,Meera Joshi,Female,38,Kochi,Kerala,South,P014,T-Shirt,Fashion,1,1200,0.2,960.0,650,310.0
O00159,2025-10-31,C0318,Simran Sharma,Female,28,Jaipur,Rajasthan,North,P008,Backpack,Accessories,1,2200,0.1,1980.0,1200,780.0
O00160,2025-01-31,C0428,Arjun Verma,Female,41,Delhi,Delhi,North,P011,Coffee Maker,Home Appliances,1,5500,0.15,4675.0,3400,1275.0
O00161,2025-10-20,C0555,Rahul Iyer,Male,45,Chennai,Tamil Nadu,South,P001,Laptop,Electronics,1,55000,0.05,52250.0,42000,10250.0
O00162,2025-04-18,C0483,Vikram Joshi,Male,32,Kolkata,West Bengal,East,P002,Smartphone,Electronics,1,28000,0.05,26600.0,21500,5100.0
O00163,2025-10-11,C0291,Sneha Desai,Female,35,Chennai,Tamil Nadu,South,P011,Coffee Maker,Home Appliances,3,5500,0.1,14850.0,10200,4650.0
O00164,2025-06-08,C0189,Nikhil Khan,Male,58,Mumbai,Maharashtra,West,P011,Coffee Maker,Home Appliances,2,5500,0.15,9350.0,6800,2550.0
O00165,2025-11-22,C0117,Rahul Mehta,Female,54,Kochi,Kerala,South,P015,Jeans,Fashion,1,2500,0.05,2375.0,1400,975.0
O00166,2025-01-14,C0572,Amit Iyer,Female,23,Kochi,Kerala,South,P003,Headphones,Electronics,2,2500,0.15,4250.0,2800,1450.0
O00167,2025-05-02,C0521,Amit Desai,Male,43,Delhi,Delhi,North,P010,Yoga Mat,Sports,3,1200,0.1,3240.0,1950,1290.0
O00168,2025-08-03,C0565,Raj Nair,Male,42,Kochi,Kerala,South,P004,Smart Watch,Electronics,2,6500,0.15,11050.0,8000,3050.0
O00169,2025-09-29,C0274,Ananya Desai,Male,49,Kolkata,West Bengal,East,P002,Smartphone,Electronics,1,28000,0.0,28000.0,21500,6500.0
O00170,2025-01-25,C0187,Aditi Iyer,Female,29,Ahmedabad,Gujarat,West,P009,Running Shoes,Sports,3,4500,0.15,11475.0,8100,3375.0
O00171,2025-11-18,C0646,Raj Singh,Male,35,Bengaluru,Karnataka,South,P003,Headphones,Electronics,1,2500,0.15,2125.0,1400,725.0
O00172,2025-10-21,C0662,Aarav Singh,Male,58,Hyderabad,Telangana,South,P004,Smart Watch,Electronics,1,6500,0.2,5200.0,4000,1200.0
O00173,2025-06-18,C0343,Arjun Verma,Female,38,Kochi,Kerala,South,P006,Desk,Furniture,2,12000,0.15,20400.0,17000,3400.0
O00174,2025-04-13,C0487,Priya Patel,Female,43,Kochi,Kerala,South,P005,Office Chair,Furniture,3,8500,0.15,21675.0,18000,3675.0
O00175,2025-12-20,C0274,Ananya Desai,Male,49,Kolkata,West Bengal,East,P002,Smartphone,Electronics,4,28000,0.2,89600.0,86000,3600.0
O00176,2025-02-09,C0581,Karan Khan,Male,51,Jaipur,Rajasthan,North,P002,Smartphone,Electronics,4,28000,0.15,95200.0,86000,9200.0
O00177,2025-08-23,C0740,Sneha Iyer,Male,56,Kochi,Kerala,South,P003,Headphones,Electronics,1,2500,0.05,2375.0,1400,975.0
O00178,2025-11-16,C0566,Neha Singh,Female,35,Pune,Maharashtra,West,P001,Laptop,Electronics,4,55000,0.2,176000.0,168000,8000.0
O00179,2025-03-30,C0394,Aditi Gupta,Male,25,Lucknow,Uttar Pradesh,North,P013,Mixer Grinder,Home Appliances,1,4200,0.15,3570.0,2700,870.0
O00180,2025-04-10,C0346,Nikhil Kapoor,Male,30,Ahmedabad,Gujarat,West,P006,Desk,Furniture,1,12000,0.1,10800.0,8500,2300.0
O00181,2025-05-24,C0518,Nikhil Singh,Female,41,Ahmedabad,Gujarat,West,P005,Office Chair,Furniture,2,8500,0.15,14450.0,12000,2450.0
O00182,2025-03-23,C0557,Ananya Gupta,Male,58,Delhi,Delhi,North,P007,Bookshelf,Furniture,1,7000,0.2,5600.0,4800,800.0
O00183,2025-03-18,C0436,Pooja Patel,Female,37,Kochi,Kerala,South,P014,T-Shirt,Fashion,2,1200,0.25,1800.0,1300,500.0
O00184,2025-02-28,C0500,Simran Sharma,Female,43,Mumbai,Maharashtra,West,P018,Wall Clock,Home Decor,1,1500,0.25,1125.0,800,325.0
O00185,2025-08-17,C0066,Raj Kapoor,Male,23,Lucknow,Uttar Pradesh,North,P015,Jeans,Fashion,4,2500,0.05,9500.0,5600,3900.0
O00186,2025-04-01,C0912,Arjun Mehta,Male,55,Delhi,Delhi,North,P015,Jeans,Fashion,1,2500,0.1,2250.0,1400,850.0
O00187,2025-12-20,C0683,Karan Patel,Male,32,Chennai,Tamil Nadu,South,P010,Yoga Mat,Sports,1,1200,0.0,1200.0,650,550.0
O00188,2025-01-01,C0275,Ananya Shah,Male,27,Bhubaneswar,Odisha,East,P014,T-Shirt,Fashion,4,1200,0.05,4560.0,2600,1960.0
O00189,2025-09-26,C0440,Raj Desai,Male,57,Pune,Maharashtra,West,P011,Coffee Maker,Home Appliances,1,5500,0.2,4400.0,3400,1000.0
O00190,2025-10-13,C0032,Neha Mehta,Male,54,Hyderabad,Telangana,South,P004,Smart Watch,Electronics,2,6500,0.1,11700.0,8000,3700.0
O00191,2025-07-16,C0028,Rohan Reddy,Male,45,Ahmedabad,Gujarat,West,P004,Smart Watch,Electronics,2,6500,0.1,11700.0,8000,3700.0
O00192,2025-10-01,C0178,Nikhil Kapoor,Female,39,Kolkata,West Bengal,East,P006,Desk,Furniture,2,12000,0.15,20400.0,17000,3400.0
O00193,2025-03-19,C0567,Raj Mehta,Female,36,Kolkata,West Bengal,East,P019,Cushion Set,Home Decor,2,1200,0.15,2040.0,1200,840.0
O00194,2025-05-21,C0762,Karan Patel,Male,54,Delhi,Delhi,North,P011,Coffee Maker,Home Appliances,1,5500,0.05,5225.0,3400,1825.0
O00195,2025-10-15,C0437,Nikhil Kapoor,Female,45,Pune,Maharashtra,West,P015,Jeans,Fashion,3,2500,0.05,7125.0,4200,2925.0
O00196,2025-03-12,C0411,Raj Reddy,Female,27,Ahmedabad,Gujarat,West,P007,Bookshelf,Furniture,1,7000,0.1,6300.0,4800,1500.0
O00197,2025-02-19,C0298,Simran Iyer,Male,28,Delhi,Delhi,North,P009,Running Shoes,Sports,1,4500,0.1,4050.0,2700,1350.0
O00198,2025-03-21,C0112,Sneha Shah,Male,35,Jaipur,Rajasthan,North,P003,Headphones,Electronics,1,2500,0.25,1875.0,1400,475.0
O00199,2025-08-23,C0082,Aditi Shah,Male,34,Jaipur,Rajasthan,North,P003,Headphones,Electronics,2,2500,0.15,4250.0,2800,1450.0
O00200,2025-10-14,C0647,Arjun Verma,Female,21,Ahmedabad,Gujarat,West,P017,Table Lamp,Home Decor,2,1800,0.1,3240.0,1900,1340.0
O00201,2025-11-03,C0872,Nikhil Shah,Male,24,Lucknow,Uttar Pradesh,North,P012,Air Fryer,Home Appliances,4,7500,0.2,24000.0,19200,4800.0
O00202,2025-06-04,C0346,Nikhil Kapoor,Male,30,Ahmedabad,Gujarat,West,P007,Bookshelf,Furniture,2,7000,0.1,12600.0,9600,3000.0
O00203,2025-03-01,C0535,Neha Joshi,Female,55,Delhi,Delhi,North,P016,Jacket,Fashion,2,4500,0.15,7650.0,5400,2250.0
O00204,2025-02-02,C0851,Amit Singh,Male,44,Delhi,Delhi,North,P005,Office Chair,Furniture,4,8500,0.05,32300.0,24000,8300.0
O00205,2025-05-07,C0062,Rahul Verma,Male,44,Kolkata,West Bengal,East,P020,Notebook Set,Stationery,1,500,0.15,425.0,220,205.0
O00206,2025-08-09,C0658,Rohan Sharma,Male,18,Lucknow,Uttar Pradesh,North,P007,Bookshelf,Furniture,2,7000,0.1,12600.0,9600,3000.0
O00207,2025-07-19,C0492,Priya Verma,Male,37,Delhi,Delhi,North,P007,Bookshelf,Furniture,2,7000,0.0,14000.0,9600,4400.0
O00208,2025-05-06,C0474,Rahul Gupta,Male,57,Mumbai,Maharashtra,West,P006,Desk,Furniture,1,12000,0.05,11400.0,8500,2900.0
O00209,2025-02-10,C0210,Neha Singh,Male,30,Ahmedabad,Gujarat,West,P003,Headphones,Electronics,3,2500,0.1,6750.0,4200,2550.0
O00210,2025-10-02,C0561,Priya Nair,Male,43,Bengaluru,Karnataka,South,P002,Smartphone,Electronics,1,28000,0.15,23800.0,21500,2300.0
O00211,2025-10-24,C0688,Aditi Sharma,Female,56,Chennai,Tamil Nadu,South,P013,Mixer Grinder,Home Appliances,2,4200,0.0,8400.0,5400,3000.0
O00212,2025-03-26,C0078,Raj Iyer,Female,35,Hyderabad,Telangana,South,P018,Wall Clock,Home Decor,2,1500,0.15,2550.0,1600,950.0
O00213,2025-03-30,C0413,Nikhil Singh,Female,54,Delhi,Delhi,North,P016,Jacket,Fashion,3,4500,0.15,11475.0,8100,3375.0
O00214,2025-02-11,C0070,Vikram Shah,Female,54,Chennai,Tamil Nadu,South,P003,Headphones,Electronics,3,2500,0.15,6375.0,4200,2175.0
O00215,2025-04-30,C0790,Priya Joshi,Male,29,Kolkata,West Bengal,East,P011,Coffee Maker,Home Appliances,2,5500,0.15,9350.0,6800,2550.0
O00216,2025-10-06,C0389,Varun Nair,Male,53,Kolkata,West Bengal,East,P002,Smartphone,Electronics,2,28000,0.05,53200.0,43000,10200.0
O00217,2025-02-02,C0704,Nikhil Iyer,Male,41,Unknown,Kerala,South,P001,Laptop,Electronics,1,55000,0.1,49500.0,42000,7500.0
O00218,2025-10-03,C0270,Vikram Joshi,Female,39,Chennai,Tamil Nadu,South,P014,T-Shirt,Fashion,1,1200,0.2,960.0,650,310.0
O00219,2025-06-02,C0086,Simran Kapoor,Male,22,Bhubaneswar,Odisha,East,P011,Coffee Maker,Home Appliances,3,5500,0.1,14850.0,10200,4650.0
O00220,2025-03-31,C0028,Rohan Reddy,Male,45,Ahmedabad,Gujarat,West,P002,Smartphone,Electronics,4,28000,0.1,100800.0,86000,14800.0
O00221,2025-04-14,C0202,Raj Reddy,Male,20,Kochi,Kerala,South,P001,Laptop,Electronics,3,55000,0.15,140250.0,126000,14250.0
O00222,2025-01-12,C0173,Nikhil Sharma,Female,22,Pune,Maharashtra,West,P020,Notebook Set,Stationery,1,500,0.05,475.0,220,255.0
O00223,2025-06-09,C0438,Karan Iyer,Female,33,Hyderabad,Telangana,South,P001,Laptop,Electronics,3,55000,0.15,140250.0,126000,14250.0
O00224,2025-07-15,C0015,Kavya Reddy,Female,20,Delhi,Delhi,North,P009,Running Shoes,Sports,4,4500,0.2,14400.0,10800,3600.0
O00225,2025-11-03,C0401,Pooja Patel,Female,38,Lucknow,Uttar Pradesh,North,P010,Yoga Mat,Sports,1,1200,0.0,1200.0,650,550.0
O00226,2025-09-19,C0289,Ananya Reddy,Female,40,Hyderabad,Telangana,South,P002,Smartphone,Electronics,2,28000,0.2,44800.0,43000,1800.0
O00227,2025-04-01,C0454,Pooja Iyer,Male,50,Jaipur,Rajasthan,North,P003,Headphones,Electronics,2,2500,0.05,4750.0,2800,1950.0
O00228,2025-07-16,C0581,Karan Khan,Male,51,Jaipur,Rajasthan,North,P008,Backpack,Accessories,2,2200,0.1,3960.0,2400,1560.0
O00229,2025-03-10,C0510,Aditi Nair,Male,57,Delhi,Delhi,North,P015,Jeans,Fashion,5,2500,0.2,10000.0,7000,3000.0
O00230,2025-08-08,C0971,Meera Gupta,Female,49,Lucknow,Uttar Pradesh,North,P010,Yoga Mat,Sports,1,1200,0.15,1020.0,650,370.0
O00231,2025-08-02,C0096,Varun Shah,Female,49,Ahmedabad,Gujarat,West,P013,Mixer Grinder,Home Appliances,2,4200,0.2,6720.0,5400,1320.0
O00232,2025-05-26,C0321,Ananya Gupta,Female,36,Kochi,Kerala,South,P020,Notebook Set,Stationery,3,500,0.2,1200.0,660,540.0
O00233,2025-08-21,C0317,Aarav Gupta,Male,45,Kochi,Kerala,South,P015,Jeans,Fashion,1,2500,0.1,2250.0,1400,850.0
O00234,2025-08-22,C0310,Pooja Nair,Male,40,Kochi,Kerala,South,P009,Running Shoes,Sports,3,4500,0.15,11475.0,8100,3375.0
O00235,2025-08-02,C0540,Nikhil Sharma,Female,30,Kolkata,West Bengal,East,P009,Running Shoes,Sports,2,4500,0.1,8100.0,5400,2700.0
O00236,2025-03-02,C0373,Amit Singh,Male,24,Ahmedabad,Gujarat,West,P013,Mixer Grinder,Home Appliances,1,4200,0.1,3780.0,2700,1080.0
O00237,2025-12-29,C0398,Sneha Singh,Female,20,Kolkata,West Bengal,East,P014,T-Shirt,Fashion,1,1200,0.1,1080.0,650,430.0
O00238,2025-03-19,C0323,Sneha Gupta,Female,44,Kochi,Kerala,South,P010,Yoga Mat,Sports,1,1200,0.15,1020.0,650,370.0
O00239,2025-04-05,C0984,Simran Reddy,Male,26,Bengaluru,Karnataka,South,P013,Mixer Grinder,Home Appliances,2,4200,0.1,7560.0,5400,2160.0
O00240,2025-11-26,C0872,Nikhil Shah,Male,24,Lucknow,Uttar Pradesh,North,P001,Laptop,Electronics,4,55000,0.15,187000.0,168000,19000.0
O00241,2025-08-04,C0222,Rahul Shah,Male,51,Lucknow,Uttar Pradesh,North,P009,Running Shoes,Sports,1,4500,0.15,3825.0,2700,1125.0
O00242,2025-08-01,C0077,Rohan Nair,Male,21,Mumbai,Maharashtra,West,P005,Office Chair,Furniture,1,8500,0.0,8500.0,6000,2500.0
O00243,2025-10-31,C0745,Rohan Kapoor,Female,25,Bhubaneswar,Odisha,East,P003,Headphones,Electronics,1,2500,0.1,2250.0,1400,850.0
O00244,2025-07-19,C0995,Neha Singh,Male,56,Chennai,Tamil Nadu,South,P002,Smartphone,Electronics,2,28000,0.1,50400.0,43000,7400.0
O00245,2025-12-18,C0210,Neha Singh,Male,30,Ahmedabad,Gujarat,West,P012,Air Fryer,Home Appliances,4,7500,0.1,27000.0,19200,7800.0
O00246,2025-01-31,C0262,Karan Reddy,Male,34,Lucknow,Uttar Pradesh,North,P010,Yoga Mat,Sports,2,1200,0.15,2040.0,1300,740.0
O00247,2025-10-17,C0895,Simran Gupta,Male,22,Jaipur,Rajasthan,North,P005,Office Chair,Furniture,2,8500,0.1,15300.0,12000,3300.0
O00248,2025-12-09,C0591,Varun Nair,Male,60,Bengaluru,Karnataka,South,P010,Yoga Mat,Sports,2,1200,0.2,1920.0,1300,620.0
O00249,2025-05-15,C0213,Ananya Gupta,Female,22,Kolkata,West Bengal,East,P010,Yoga Mat,Sports,1,1200,0.15,1020.0,650,370.0
O00250,2025-03-24,C0457,Priya Verma,Male,33,Pune,Maharashtra,West,P004,Smart Watch,Electronics,2,6500,0.1,11700.0,8000,3700.0
O00251,2025-02-16,C0899,Priya Patel,Female,58,Ahmedabad,Gujarat,West,P013,Mixer Grinder,Home Appliances,2,4200,0.15,7140.0,5400,1740.0
O00252,2025-07-25,C0709,Rahul Khan,Female,40,Kolkata,West Bengal,East,P016,Jacket,Fashion,2,4500,0.0,9000.0,5400,3600.0
O00253,2025-03-18,C0625,Varun Iyer,Male,51,Bengaluru,Karnataka,South,P016,Jacket,Fashion,3,4500,0.0,13500.0,8100,5400.0
O00254,2025-09-16,C0619,Nikhil Mehta,Female,20,Kochi,Kerala,South,P012,Air Fryer,Home Appliances,3,7500,0.0,22500.0,14400,8100.0
O00255,2025-04-02,C0124,Arjun Verma,Male,54,Pune,Maharashtra,West,P010,Yoga Mat,Sports,3,1200,0.1,3240.0,1950,1290.0
O00256,2025-04-10,C0725,Rahul Reddy,Male,21,Ahmedabad,Gujarat,West,P002,Smartphone,Electronics,4,28000,0.05,106400.0,86000,20400.0
O00257,2025-07-14,C0197,Ananya Nair,Female,43,Chennai,Tamil Nadu,South,P006,Desk,Furniture,5,12000,0.25,45000.0,42500,2500.0
O00258,2025-07-11,C0877,Arjun Mehta,Female,36,Bhubaneswar,Odisha,East,P002,Smartphone,Electronics,2,28000,0.1,50400.0,43000,7400.0
O00259,2025-03-09,C0267,Neha Nair,Male,36,Pune,Maharashtra,West,P020,Notebook Set,Stationery,1,500,0.15,425.0,220,205.0
O00260,2025-08-30,C0769,Meera Verma,Female,41,Delhi,Delhi,North,P003,Headphones,Electronics,1,2500,0.05,2375.0,1400,975.0
O00261,2025-03-31,C0190,Aarav Desai,Female,41,Pune,Maharashtra,West,P003,Headphones,Electronics,3,2500,0.05,7125.0,4200,2925.0
O00262,2025-12-11,C0395,Arjun Iyer,Male,24,Mumbai,Maharashtra,West,P019,Cushion Set,Home Decor,1,1200,0.05,1140.0,600,540.0
O00263,2025-01-10,C0074,Simran Nair,Male,52,Bengaluru,Karnataka,South,P020,Notebook Set,Stationery,1,500,0.15,425.0,220,205.0
O00264,2025-09-21,C0536,Neha Kapoor,Male,39,Delhi,Delhi,North,P015,Jeans,Fashion,1,2500,0.1,2250.0,1400,850.0
O00265,2025-09-25,C0740,Sneha Iyer,Male,56,Kochi,Kerala,South,P001,Laptop,Electronics,2,55000,0.1,99000.0,84000,15000.0
O00266,2025-11-16,C0599,Varun Khan,Female,26,Bhubaneswar,Odisha,East,P001,Laptop,Electronics,2,55000,0.1,99000.0,84000,15000.0
O00267,2025-04-28,C0403,Rohan Gupta,Female,57,Delhi,Delhi,North,P008,Backpack,Accessories,1,2200,0.15,1870.0,1200,670.0
O00268,2025-09-07,C0031,Ananya Patel,Male,21,Kolkata,West Bengal,East,P003,Headphones,Electronics,1,2500,0.0,2500.0,1400,1100.0
O00269,2025-02-28,C0881,Amit Shah,Female,41,Mumbai,Maharashtra,West,P001,Laptop,Electronics,2,55000,0.15,93500.0,84000,9500.0
O00270,2025-07-14,C0584,Amit Reddy,Female,59,Jaipur,Rajasthan,North,P010,Yoga Mat,Sports,1,1200,0.1,1080.0,650,430.0
O00271,2025-02-19,C0630,Aarav Kapoor,Male,24,Hyderabad,Telangana,South,P020,Notebook Set,Stationery,1,500,0.15,425.0,220,205.0
O00272,2025-10-23,C0688,Aditi Sharma,Female,56,Chennai,Tamil Nadu,South,P007,Bookshelf,Furniture,2,7000,0.05,13300.0,9600,3700.0
O00273,2025-04-07,C0632,Aditi Gupta,Male,37,Kochi,Kerala,South,P014,T-Shirt,Fashion,2,1200,0.1,2160.0,1300,860.0
O00274,2025-05-07,C0331,Vikram Joshi,Female,23,Kolkata,West Bengal,East,P013,Mixer Grinder,Home Appliances,1,4200,0.05,3990.0,2700,1290.0
O00275,2025-09-03,C0616,Amit Gupta,Female,54,Bhubaneswar,Odisha,East,P005,Office Chair,Furniture,2,8500,0.25,12750.0,12000,750.0
O00276,2025-03-28,C0500,Simran Sharma,Female,43,Mumbai,Maharashtra,West,P013,Mixer Grinder,Home Appliances,1,4200,0.1,3780.0,2700,1080.0
O00277,2025-03-18,C0764,Kavya Reddy,Male,18,Delhi,Delhi,North,P004,Smart Watch,Electronics,3,6500,0.25,14625.0,12000,2625.0
O00278,2025-07-23,C0697,Karan Sharma,Male,41,Lucknow,Uttar Pradesh,North,P003,Headphones,Electronics,1,2500,0.1,2250.0,1400,850.0
O00279,2025-05-26,C0028,Rohan Reddy,Male,45,Ahmedabad,Gujarat,West,P014,T-Shirt,Fashion,1,1200,0.05,1140.0,650,490.0
O00280,2025-05-29,C0279,Meera Sharma,Male,37,Kolkata,West Bengal,East,P002,Smartphone,Electronics,3,28000,0.1,75600.0,64500,11100.0
O00281,2025-04-21,C0024,Pooja Patel,Male,50,Kolkata,West Bengal,East,P020,Notebook Set,Stationery,2,500,0.0,1000.0,440,560.0
O00282,2025-05-09,C0070,Vikram Shah,Female,54,Chennai,Tamil Nadu,South,P003,Headphones,Electronics,1,2500,0.2,2000.0,1400,600.0
O00283,2025-09-10,C0477,Karan Gupta,Female,58,Kolkata,West Bengal,East,P012,Air Fryer,Home Appliances,1,7500,0.15,6375.0,4800,1575.0
O00284,2025-06-15,C0792,Amit Kapoor,Male,34,Kochi,Kerala,South,P009,Running Shoes,Sports,3,4500,0.15,11475.0,8100,3375.0
O00285,2025-10-24,C0083,Karan Kapoor,Female,49,Jaipur,Rajasthan,North,P003,Headphones,Electronics,2,2500,0.1,4500.0,2800,1700.0
O00286,2025-05-17,C0339,Raj Singh,Male,44,Mumbai,Maharashtra,West,P001,Laptop,Electronics,1,55000,0.1,49500.0,42000,7500.0
O00287,2025-10-06,C0846,Priya Reddy,Female,25,Kochi,Kerala,South,P013,Mixer Grinder,Home Appliances,2,4200,0.25,6300.0,5400,900.0
O00288,2025-11-30,C0712,Varun Verma,Female,48,Hyderabad,Telangana,South,P017,Table Lamp,Home Decor,1,1800,0.05,1710.0,950,760.0
O00289,2025-01-11,C0400,Raj Singh,Female,23,Lucknow,Uttar Pradesh,North,P017,Table Lamp,Home Decor,2,1800,0.15,3060.0,1900,1160.0
O00290,2025-03-12,C0660,Varun Mehta,Male,39,Bhubaneswar,Odisha,East,P010,Yoga Mat,Sports,1,1200,0.1,1080.0,650,430.0
O00291,2025-06-08,C0403,Rohan Gupta,Female,57,Delhi,Delhi,North,P016,Jacket,Fashion,1,4500,0.25,3375.0,2700,675.0
O00292,2025-08-04,C0110,Aarav Verma,Male,34,Bengaluru,Karnataka,South,P014,T-Shirt,Fashion,1,1200,0.15,1020.0,650,370.0
O00293,2025-01-26,C0086,Simran Kapoor,Male,22,Bhubaneswar,Odisha,East,P015,Jeans,Fashion,1,2500,0.25,1875.0,1400,475.0
O00294,2025-10-13,C0132,Kavya Verma,Female,28,Bengaluru,Karnataka,South,P010,Yoga Mat,Sports,1,1200,0.1,1080.0,650,430.0
O00295,2025-06-11,C0256,Varun Iyer,Female,31,Bhubaneswar,Odisha,East,P013,Mixer Grinder,Home Appliances,1,4200,0.05,3990.0,2700,1290.0
O00296,2025-04-12,C0877,Arjun Mehta,Female,36,Bhubaneswar,Odisha,East,P016,Jacket,Fashion,1,4500,0.1,4050.0,2700,1350.0
O00297,2025-03-10,C0694,Neha Patel,Male,54,Lucknow,Uttar Pradesh,North,P008,Backpack,Accessories,1,2200,0.15,1870.0,1200,670.0
O00298,2025-05-13,C0324,Rohan Iyer,Female,51,Kolkata,West Bengal,East,P016,Jacket,Fashion,2,4500,0.15,7650.0,5400,2250.0
O00299,2025-07-08,C0376,Vikram Verma,Male,35,Ahmedabad,Gujarat,West,P012,Air Fryer,Home Appliances,1,7500,0.0,7500.0,4800,2700.0
O00300,2025-07-30,C0189,Nikhil Khan,Male,58,Mumbai,Maharashtra,West,P003,Headphones,Electronics,2,2500,0.1,4500.0,2800,1700.0
O00301,2025-08-31,C0583,Aarav Khan,Male,30,Pune,Maharashtra,West,P001,Laptop,Electronics,1,55000,0.05,52250.0,42000,10250.0
O00302,2025-06-15,C0698,Pooja Patel,Male,44,Chennai,Tamil Nadu,South,P008,Backpack,Accessories,1,2200,0.2,1760.0,1200,560.0
O00303,2025-03-02,C0169,Raj Sharma,Female,25,Kolkata,West Bengal,East,P011,Coffee Maker,Home Appliances,2,5500,0.05,10450.0,6800,3650.0
O00304,2025-12-28,C0029,Neha Verma,Female,54,Hyderabad,Telangana,South,P017,Table Lamp,Home Decor,4,1800,0.15,6120.0,3800,2320.0
O00305,2025-10-06,C0499,Simran Sharma,Male,34,Ahmedabad,Gujarat,West,P003,Headphones,Electronics,1,2500,0.05,2375.0,1400,975.0
O00306,2025-04-23,C0440,Raj Desai,Male,57,Pune,Maharashtra,West,P016,Jacket,Fashion,1,4500,0.1,4050.0,2700,1350.0
O00307,2025-01-30,C0298,Simran Iyer,Male,28,Delhi,Delhi,North,P018,Wall Clock,Home Decor,2,1500,0.2,2400.0,1600,800.0
O00308,2025-11-19,C0519,Sneha Patel,Female,48,Lucknow,Uttar Pradesh,North,P003,Headphones,Electronics,4,2500,0.05,9500.0,5600,3900.0
O00309,2025-06-10,C0429,Meera Nair,Female,46,Bengaluru,Karnataka,South,P018,Wall Clock,Home Decor,5,1500,0.0,7500.0,4000,3500.0
O00310,2025-08-22,C0178,Nikhil Kapoor,Female,39,Kolkata,West Bengal,East,P020,Notebook Set,Stationery,1,500,0.0,500.0,220,280.0
O00311,2025-12-05,C0294,Varun Shah,Female,31,Kochi,Kerala,South,P015,Jeans,Fashion,1,2500,0.1,2250.0,1400,850.0
O00312,2025-06-19,C0320,Karan Mehta,Female,60,Lucknow,Uttar Pradesh,North,P016,Jacket,Fashion,2,4500,0.15,7650.0,5400,2250.0
O00313,2025-11-14,C0801,Arjun Khan,Male,36,Jaipur,Rajasthan,North,P020,Notebook Set,Stationery,2,500,0.05,950.0,440,510.0
O00314,2025-07-05,C0928,Priya Desai,Female,47,Ahmedabad,Gujarat,West,P012,Air Fryer,Home Appliances,2,7500,0.15,12750.0,9600,3150.0
O00315,2025-02-26,C0819,Vikram Verma,Female,44,Ahmedabad,Gujarat,West,P006,Desk,Furniture,3,12000,0.0,36000.0,25500,10500.0
O00316,2025-08-28,C0599,Varun Khan,Female,26,Bhubaneswar,Odisha,East,P017,Table Lamp,Home Decor,2,1800,0.2,2880.0,1900,980.0
O00317,2025-09-14,C0461,Nikhil Joshi,Male,30,Delhi,Delhi,North,P013,Mixer Grinder,Home Appliances,1,4200,0.15,3570.0,2700,870.0
O00318,2025-12-24,C0567,Raj Mehta,Female,36,Kolkata,West Bengal,East,P012,Air Fryer,Home Appliances,1,7500,0.25,5625.0,4800,825.0
O00319,2025-07-20,C0891,Amit Iyer,Male,23,Kochi,Kerala,South,P005,Office Chair,Furniture,2,8500,0.2,13600.0,12000,1600.0
O00320,2025-11-21,C0178,Nikhil Kapoor,Female,39,Kolkata,West Bengal,East,P015,Jeans,Fashion,1,2500,0.1,2250.0,1400,850.0
O00321,2025-11-11,C0414,Ananya Shah,Female,55,Kolkata,West Bengal,East,P002,Smartphone,Electronics,1,28000,0.1,25200.0,21500,3700.0
O00322,2025-10-29,C0567,Raj Mehta,Female,36,Kolkata,West Bengal,East,P019,Cushion Set,Home Decor,1,1200,0.15,1020.0,600,420.0
O00323,2025-04-16,C0556,Aarav Kapoor,Male,23,Jaipur,Rajasthan,North,P007,Bookshelf,Furniture,1,7000,0.05,6650.0,4800,1850.0
O00324,2025-10-17,C0179,Arjun Reddy,Male,46,Hyderabad,Telangana,South,P003,Headphones,Electronics,1,2500,0.05,2375.0,1400,975.0
O00325,2025-04-11,C0463,Nikhil Nair,Male,53,Ahmedabad,Gujarat,West,P009,Running Shoes,Sports,3,4500,0.0,13500.0,8100,5400.0
O00326,2025-04-07,C0689,Rahul Desai,Male,45,Bhubaneswar,Odisha,East,P001,Laptop,Electronics,1,55000,0.1,49500.0,42000,7500.0
O00327,2025-06-02,C0360,Simran Nair,Male,29,Kochi,Kerala,South,P014,T-Shirt,Fashion,2,1200,0.1,2160.0,1300,860.0
O00328,2025-01-29,C0686,Kavya Mehta,Male,58,Lucknow,Uttar Pradesh,North,P019,Cushion Set,Home Decor,1,1200,0.05,1140.0,600,540.0
O00329,2025-06-02,C0263,Pooja Patel,Male,58,Delhi,Delhi,North,P017,Table Lamp,Home Decor,1,1800,0.0,1800.0,950,850.0
O00330,2025-03-14,C0890,Simran Gupta,Female,19,Chennai,Tamil Nadu,South,P003,Headphones,Electronics,4,2500,0.15,8500.0,5600,2900.0
O00331,2025-09-11,C0413,Nikhil Singh,Female,54,Delhi,Delhi,North,P003,Headphones,Electronics,3,2500,0.0,7500.0,4200,3300.0
O00332,2025-01-04,C0472,Sneha Verma,Male,39,Bengaluru,Karnataka,South,P017,Table Lamp,Home Decor,1,1800,0.25,1350.0,950,400.0
O00333,2025-08-25,C0022,Vikram Joshi,Female,49,Bengaluru,Karnataka,South,P019,Cushion Set,Home Decor,2,1200,0.05,2280.0,1200,1080.0
O00334,2025-02-07,C0119,Amit Sharma,Male,38,Ahmedabad,Gujarat,West,P009,Running Shoes,Sports,1,4500,0.15,3825.0,2700,1125.0
O00335,2025-01-20,C0508,Kavya Singh,Female,30,Chennai,Tamil Nadu,South,P010,Yoga Mat,Sports,5,1200,0.1,5400.0,3250,2150.0
O00336,2025-04-23,C0313,Aditi Singh,Female,58,Pune,Maharashtra,West,P006,Desk,Furniture,1,12000,0.0,12000.0,8500,3500.0
O00337,2025-01-23,C0390,Karan Mehta,Male,40,Chennai,Tamil Nadu,South,P019,Cushion Set,Home Decor,1,1200,0.1,1080.0,600,480.0
O00338,2025-05-16,C0043,Isha Nair,Male,48,Kolkata,West Bengal,East,P013,Mixer Grinder,Home Appliances,2,4200,0.1,7560.0,5400,2160.0
O00339,2025-09-05,C0738,Neha Desai,Male,31,Chennai,Tamil Nadu,South,P006,Desk,Furniture,3,12000,0.2,28800.0,25500,3300.0
O00340,2025-10-28,C0675,Nikhil Patel,Male,57,Pune,Maharashtra,West,P006,Desk,Furniture,1,12000,0.15,10200.0,8500,1700.0
O00341,2025-04-07,C0130,Amit Reddy,Female,29,Jaipur,Rajasthan,North,P019,Cushion Set,Home Decor,2,1200,0.0,2400.0,1200,1200.0
O00342,2025-02-02,C0510,Aditi Nair,Male,57,Delhi,Delhi,North,P001,Laptop,Electronics,1,55000,0.05,52250.0,42000,10250.0
O00343,2025-05-15,C0717,Aditi Singh,Female,57,Bengaluru,Karnataka,South,P007,Bookshelf,Furniture,3,7000,0.05,19950.0,14400,5550.0
O00344,2025-09-12,C0516,Priya Joshi,Male,18,Mumbai,Maharashtra,West,P011,Coffee Maker,Home Appliances,1,5500,0.0,5500.0,3400,2100.0
O00345,2025-10-05,C0224,Aarav Shah,Female,21,Hyderabad,Telangana,South,P003,Headphones,Electronics,3,2500,0.1,6750.0,4200,2550.0
O00346,2025-05-13,C0532,Ananya Desai,Female,38,Chennai,Tamil Nadu,South,P002,Smartphone,Electronics,1,28000,0.25,21000.0,21500,-500.0
O00347,2025-08-26,C0148,Ananya Gupta,Male,28,Mumbai,Maharashtra,West,P017,Table Lamp,Home Decor,1,1800,0.1,1620.0,950,670.0
O00348,2025-01-15,C0230,Arjun Reddy,Female,25,Hyderabad,Telangana,South,P019,Cushion Set,Home Decor,4,1200,0.15,4080.0,2400,1680.0
O00349,2025-10-04,C0170,Rahul Reddy,Female,36,Bengaluru,Karnataka,South,P017,Table Lamp,Home Decor,5,1800,0.15,7650.0,4750,2900.0
O00350,2025-05-06,C0434,Rahul Desai,Male,55,Jaipur,Rajasthan,North,P019,Cushion Set,Home Decor,2,1200,0.2,1920.0,1200,720.0
O00351,2025-12-11,C0074,Simran Nair,Male,52,Bengaluru,Karnataka,South,P011,Coffee Maker,Home Appliances,1,5500,0.05,5225.0,3400,1825.0
O00352,2025-01-17,C0881,Amit Shah,Female,41,Mumbai,Maharashtra,West,P017,Table Lamp,Home Decor,2,1800,0.15,3060.0,1900,1160.0
O00353,2025-11-08,C0242,Kavya Gupta,Female,51,Kolkata,West Bengal,East,P008,Backpack,Accessories,2,2200,0.2,3520.0,2400,1120.0
O00354,2025-02-19,C0154,Arjun Nair,Male,28,Lucknow,Uttar Pradesh,North,P014,T-Shirt,Fashion,2,1200,0.05,2280.0,1300,980.0
O00355,2025-05-15,C0379,Priya Reddy,Female,53,Lucknow,Uttar Pradesh,North,P020,Notebook Set,Stationery,2,500,0.1,900.0,440,460.0
O00356,2025-04-28,C0198,Simran Sharma,Female,57,Kochi,Kerala,South,P004,Smart Watch,Electronics,1,6500,0.25,4875.0,4000,875.0
O00357,2025-11-02,C0414,Ananya Shah,Female,55,Kolkata,West Bengal,East,P008,Backpack,Accessories,2,2200,0.15,3740.0,2400,1340.0
O00358,2025-03-01,C0254,Arjun Reddy,Male,25,Chennai,Tamil Nadu,South,P010,Yoga Mat,Sports,2,1200,0.05,2280.0,1300,980.0
O00359,2025-05-05,C0091,Vikram Verma,Female,39,Delhi,Delhi,North,P003,Headphones,Electronics,1,2500,0.1,2250.0,1400,850.0
O00360,2025-04-26,C0190,Aarav Desai,Female,41,Pune,Maharashtra,West,P002,Smartphone,Electronics,2,28000,0.1,50400.0,43000,7400.0
O00361,2025-06-22,C0329,Simran Reddy,Male,30,Hyderabad,Telangana,South,P017,Table Lamp,Home Decor,2,1800,0.1,3240.0,1900,1340.0
O00362,2025-07-06,C0021,Varun Joshi,Male,28,Ahmedabad,Gujarat,West,P020,Notebook Set,Stationery,2,500,0.1,900.0,440,460.0
O00363,2025-03-29,C0659,Varun Nair,Female,34,Pune,Maharashtra,West,P008,Backpack,Accessories,1,2200,0.05,2090.0,1200,890.0
O00364,2025-07-22,C0497,Priya Shah,Female,39,Lucknow,Uttar Pradesh,North,P002,Smartphone,Electronics,2,28000,0.15,47600.0,43000,4600.0
O00365,2025-12-27,C0477,Karan Gupta,Female,58,Kolkata,West Bengal,East,P002,Smartphone,Electronics,1,28000,0.15,23800.0,21500,2300.0
O00366,2025-11-07,C0424,Isha Iyer,Male,20,Lucknow,Uttar Pradesh,North,P019,Cushion Set,Home Decor,2,1200,0.2,1920.0,1200,720.0
O00367,2025-11-16,C0466,Arjun Desai,Female,28,Lucknow,Uttar Pradesh,North,P010,Yoga Mat,Sports,2,1200,0.05,2280.0,1300,980.0
O00368,2025-07-01,C0883,Aditi Nair,Male,27,Kochi,Kerala,South,P007,Bookshelf,Furniture,2,7000,0.15,11900.0,9600,2300.0
O00369,2025-12-18,C0006,Amit Iyer,Male,35,Kochi,Kerala,South,P010,Yoga Mat,Sports,1,1200,0.05,1140.0,650,490.0
O00370,2025-06-17,C0033,Aditi Kapoor,Male,18,Bengaluru,Karnataka,South,P006,Desk,Furniture,2,12000,0.1,21600.0,17000,4600.0
O00371,2025-06-30,C0134,Isha Shah,Female,45,Bhubaneswar,Odisha,East,P010,Yoga Mat,Sports,4,1200,0.2,3840.0,2600,1240.0
O00372,2025-10-27,C0116,Nikhil Gupta,Female,36,Kochi,Kerala,South,P018,Wall Clock,Home Decor,1,1500,0.1,1350.0,800,550.0
O00373,2025-05-10,C0127,Aarav Khan,Female,44,Lucknow,Uttar Pradesh,North,P012,Air Fryer,Home Appliances,3,7500,0.05,21375.0,14400,6975.0
O00374,2025-05-29,C0548,Neha Shah,Male,60,Pune,Maharashtra,West,P014,T-Shirt,Fashion,2,1200,0.05,2280.0,1300,980.0
O00375,2025-11-02,C0347,Raj Sharma,Female,54,Lucknow,Uttar Pradesh,North,P008,Backpack,Accessories,2,2200,0.1,3960.0,2400,1560.0
O00376,2025-07-28,C0984,Simran Reddy,Male,26,Bengaluru,Karnataka,South,P015,Jeans,Fashion,1,2500,0.15,2125.0,1400,725.0
O00377,2025-04-21,C0160,Arjun Sharma,Female,21,Kochi,Kerala,South,P014,T-Shirt,Fashion,1,1200,0.25,900.0,650,250.0
O00378,2025-05-17,C0224,Aarav Shah,Female,21,Hyderabad,Telangana,South,P003,Headphones,Electronics,3,2500,0.15,6375.0,4200,2175.0
O00379,2025-12-21,C0970,Varun Reddy,Female,49,Kolkata,West Bengal,East,P012,Air Fryer,Home Appliances,1,7500,0.2,6000.0,4800,1200.0
O00380,2025-07-30,C0735,Nikhil Joshi,Female,54,Kolkata,West Bengal,East,P005,Office Chair,Furniture,1,8500,0.15,7225.0,6000,1225.0
O00381,2025-05-26,C0356,Rahul Desai,Female,38,Kolkata,West Bengal,East,P016,Jacket,Fashion,2,4500,0.2,7200.0,5400,1800.0
O00382,2025-03-25,C0432,Kavya Nair,Male,53,Pune,Maharashtra,West,P009,Running Shoes,Sports,1,4500,0.0,4500.0,2700,1800.0
O00383,2025-01-30,C0750,Meera Kapoor,Female,49,Mumbai,Maharashtra,West,P020,Notebook Set,Stationery,3,500,0.2,1200.0,660,540.0
O00384,2025-03-06,C0365,Varun Singh,Female,56,Bengaluru,Karnataka,South,P002,Smartphone,Electronics,2,28000,0.1,50400.0,43000,7400.0
O00385,2025-01-24,C0145,Aarav Khan,Female,23,Bengaluru,Karnataka,South,P016,Jacket,Fashion,3,4500,0.2,10800.0,8100,2700.0
O00386,2025-07-30,C0730,Nikhil Nair,Female,58,Ahmedabad,Gujarat,West,P014,T-Shirt,Fashion,3,1200,0.0,3600.0,1950,1650.0
O00387,2025-08-10,C0417,Simran Khan,Male,39,Pune,Maharashtra,West,P015,Jeans,Fashion,1,2500,0.15,2125.0,1400,725.0
O00388,2025-03-31,C0106,Nikhil Iyer,Female,30,Kochi,Kerala,South,P006,Desk,Furniture,1,12000,0.15,10200.0,8500,1700.0
O00389,2025-04-16,C0387,Pooja Desai,Male,39,Hyderabad,Telangana,South,P010,Yoga Mat,Sports,2,1200,0.25,1800.0,1300,500.0
O00390,2025-06-21,C0307,Vikram Shah,Female,39,Hyderabad,Telangana,South,P016,Jacket,Fashion,1,4500,0.15,3825.0,2700,1125.0
O00391,2025-08-18,C0796,Neha Mehta,Female,53,Kolkata,West Bengal,East,P004,Smart Watch,Electronics,4,6500,0.1,23400.0,16000,7400.0
O00392,2025-03-18,C0087,Amit Shah,Female,54,Jaipur,Rajasthan,North,P004,Smart Watch,Electronics,2,6500,0.1,11700.0,8000,3700.0
O00393,2025-03-09,C0794,Rohan Mehta,Female,43,Kolkata,West Bengal,East,P011,Coffee Maker,Home Appliances,1,5500,0.1,4950.0,3400,1550.0
O00394,2025-12-31,C0393,Neha Joshi,Male,41,Chennai,Tamil Nadu,South,P010,Yoga Mat,Sports,3,1200,0.05,3420.0,1950,1470.0
O00395,2025-12-19,C0300,Isha Desai,Female,29,Pune,Maharashtra,West,P005,Office Chair,Furniture,1,8500,0.05,8075.0,6000,2075.0
O00396,2025-04-02,C0113,Priya Joshi,Male,57,Delhi,Delhi,North,P006,Desk,Furniture,1,12000,0.05,11400.0,8500,2900.0
O00397,2025-03-29,C0579,Pooja Iyer,Male,33,Kochi,Kerala,South,P005,Office Chair,Furniture,2,8500,0.1,15300.0,12000,3300.0
O00398,2025-02-19,C0871,Nikhil Reddy,Female,37,Delhi,Delhi,North,P016,Jacket,Fashion,3,4500,0.2,10800.0,8100,2700.0
O00399,2025-04-13,C0276,Rahul Desai,Female,27,Delhi,Delhi,North,P013,Mixer Grinder,Home Appliances,2,4200,0.2,6720.0,5400,1320.0
O00400,2025-02-15,C0171,Isha Verma,Male,55,Bengaluru,Karnataka,South,P017,Table Lamp,Home Decor,1,1800,0.0,1800.0,950,850.0
O00401,2025-06-28,C0433,Priya Sharma,Male,43,Pune,Maharashtra,West,P020,Notebook Set,Stationery,1,500,0.0,500.0,220,280.0
O00402,2025-09-24,C0689,Rahul Desai,Male,45,Bhubaneswar,Odisha,East,P010,Yoga Mat,Sports,1,1200,0.05,1140.0,650,490.0
O00403,2025-09-25,C0003,Neha Nair,Male,45,Kolkata,West Bengal,East,P002,Smartphone,Electronics,1,28000,0.05,26600.0,21500,5100.0
O00404,2025-11-16,C0507,Priya Patel,Female,28,Bhubaneswar,Odisha,East,P001,Laptop,Electronics,1,55000,0.0,55000.0,42000,13000.0
O00405,2025-01-08,C0472,Sneha Verma,Male,39,Bengaluru,Karnataka,South,P006,Desk,Furniture,2,12000,0.1,21600.0,17000,4600.0
O00406,2025-09-22,C0230,Arjun Reddy,Female,25,Hyderabad,Telangana,South,P020,Notebook Set,Stationery,3,500,0.1,1350.0,660,690.0
O00407,2025-03-19,C0340,Isha Gupta,Female,42,Mumbai,Maharashtra,West,P010,Yoga Mat,Sports,1,1200,0.1,1080.0,650,430.0
O00408,2025-08-28,C0175,Pooja Singh,Female,48,Bhubaneswar,Odisha,East,P005,Office Chair,Furniture,1,8500,0.1,7650.0,6000,1650.0
O00409,2025-09-15,C0682,Ananya Shah,Female,37,Bengaluru,Karnataka,South,P008,Backpack,Accessories,3,2200,0.05,6270.0,3600,2670.0
O00410,2025-07-15,C0510,Aditi Nair,Male,57,Delhi,Delhi,North,P012,Air Fryer,Home Appliances,2,7500,0.15,12750.0,9600,3150.0
O00411,2025-11-26,C0412,Kavya Verma,Male,30,Pune,Maharashtra,West,P013,Mixer Grinder,Home Appliances,4,4200,0.15,14280.0,10800,3480.0
O00412,2025-05-11,C0290,Vikram Verma,Male,25,Delhi,Delhi,North,P003,Headphones,Electronics,1,2500,0.1,2250.0,1400,850.0
O00413,2025-12-09,C0209,Rahul Sharma,Male,54,Jaipur,Rajasthan,North,P020,Notebook Set,Stationery,1,500,0.0,500.0,220,280.0
O00414,2025-09-18,C0723,Rohan Verma,Male,20,Delhi,Delhi,North,P011,Coffee Maker,Home Appliances,2,5500,0.05,10450.0,6800,3650.0
O00415,2025-08-30,C0340,Isha Gupta,Female,42,Mumbai,Maharashtra,West,P003,Headphones,Electronics,2,2500,0.05,4750.0,2800,1950.0
O00416,2025-06-20,C0384,Rahul Shah,Female,26,Chennai,Tamil Nadu,South,P019,Cushion Set,Home Decor,1,1200,0.1,1080.0,600,480.0
O00417,2025-05-27,C0401,Pooja Patel,Female,38,Lucknow,Uttar Pradesh,North,P002,Smartphone,Electronics,2,28000,0.05,53200.0,43000,10200.0
O00418,2025-09-27,C0337,Sneha Nair,Female,46,Ahmedabad,Gujarat,West,P019,Cushion Set,Home Decor,1,1200,0.1,1080.0,600,480.0
O00419,2025-05-29,C0182,Meera Desai,Male,20,Pune,Maharashtra,West,P020,Notebook Set,Stationery,1,500,0.05,475.0,220,255.0
O00420,2025-10-26,C0083,Karan Kapoor,Female,49,Jaipur,Rajasthan,North,P014,T-Shirt,Fashion,2,1200,0.15,2040.0,1300,740.0
O00421,2025-01-28,C0068,Rahul Shah,Male,47,Kolkata,West Bengal,East,P016,Jacket,Fashion,1,4500,0.0,4500.0,2700,1800.0
O00422,2025-05-29,C0643,Neha Sharma,Female,46,Ahmedabad,Gujarat,West,P007,Bookshelf,Furniture,2,7000,0.1,12600.0,9600,3000.0
O00423,2025-10-07,C0158,Isha Mehta,Female,35,Kochi,Kerala,South,P020,Notebook Set,Stationery,1,500,0.05,475.0,220,255.0
O00424,2025-07-01,C0038,Kavya Kapoor,Female,27,Lucknow,Uttar Pradesh,North,P011,Coffee Maker,Home Appliances,1,5500,0.0,5500.0,3400,2100.0
O00425,2025-06-15,C0691,Sneha Joshi,Male,21,Pune,Maharashtra,West,P015,Jeans,Fashion,1,2500,0.2,2000.0,1400,600.0
O00426,2025-01-17,C0107,Nikhil Patel,Male,51,Delhi,Delhi,North,P019,Cushion Set,Home Decor,1,1200,0.15,1020.0,600,420.0
O00427,2025-05-30,C0501,Sneha Sharma,Male,24,Delhi,Delhi,North,P020,Notebook Set,Stationery,1,500,0.0,500.0,220,280.0
O00428,2025-12-05,C0246,Varun Shah,Male,19,Mumbai,Maharashtra,West,P017,Table Lamp,Home Decor,2,1800,0.15,3060.0,1900,1160.0
O00429,2025-02-14,C0087,Amit Shah,Female,54,Jaipur,Rajasthan,North,P006,Desk,Furniture,3,12000,0.1,32400.0,25500,6900.0
O00430,2025-11-26,C0308,Unknown Customer,Male,55,Bhubaneswar,Odisha,East,P020,Notebook Set,Stationery,1,500,0.1,450.0,220,230.0
O00431,2025-07-08,C0010,Sneha Kapoor,Female,55,Bengaluru,Karnataka,South,P013,Mixer Grinder,Home Appliances,1,4200,0.1,3780.0,2700,1080.0
O00432,2025-05-19,C0747,Rohan Desai,Male,48,Bengaluru,Karnataka,South,P020,Notebook Set,Stationery,5,500,0.2,2000.0,1100,900.0
O00433,2025-03-02,C0394,Aditi Gupta,Male,25,Lucknow,Uttar Pradesh,North,P014,T-Shirt,Fashion,1,1200,0.05,1140.0,650,490.0
O00434,2025-10-21,C0096,Varun Shah,Female,49,Ahmedabad,Gujarat,West,P006,Desk,Furniture,1,12000,0.1,10800.0,8500,2300.0
O00435,2025-11-18,C0168,Aarav Reddy,Male,49,Bhubaneswar,Odisha,East,P008,Backpack,Accessories,1,2200,0.05,2090.0,1200,890.0
O00436,2025-02-02,C0337,Sneha Nair,Female,46,Ahmedabad,Gujarat,West,P011,Coffee Maker,Home Appliances,2,5500,0.15,9350.0,6800,2550.0
O00437,2025-10-26,C0132,Kavya Verma,Female,28,Bengaluru,Karnataka,South,P016,Jacket,Fashion,1,4500,0.2,3600.0,2700,900.0
O00438,2025-04-22,C0192,Isha Joshi,Female,47,Ahmedabad,Gujarat,West,P006,Desk,Furniture,2,12000,0.2,19200.0,17000,2200.0
O00439,2025-10-18,C0414,Ananya Shah,Female,55,Kolkata,West Bengal,East,P012,Air Fryer,Home Appliances,1,7500,0.15,6375.0,4800,1575.0
O00440,2025-02-06,C0736,Rahul Gupta,Male,42,Bengaluru,Karnataka,South,P007,Bookshelf,Furniture,1,7000,0.25,5250.0,4800,450.0
O00441,2025-04-10,C0298,Simran Iyer,Male,28,Delhi,Delhi,North,P017,Table Lamp,Home Decor,1,1800,0.15,1530.0,950,580.0
O00442,2025-01-23,C0597,Pooja Mehta,Male,46,Kochi,Kerala,South,P010,Yoga Mat,Sports,2,1200,0.15,2040.0,1300,740.0
O00443,2025-08-06,C0796,Neha Mehta,Female,53,Kolkata,West Bengal,East,P002,Smartphone,Electronics,2,28000,0.25,42000.0,43000,-1000.0
O00444,2025-03-30,C0152,Meera Kapoor,Male,32,Mumbai,Maharashtra,West,P003,Headphones,Electronics,1,2500,0.0,2500.0,1400,1100.0
O00445,2025-07-28,C0703,Amit Mehta,Male,41,Pune,Maharashtra,West,P002,Smartphone,Electronics,1,28000,0.1,25200.0,21500,3700.0
O00446,2025-09-28,C0643,Neha Sharma,Female,46,Ahmedabad,Gujarat,West,P010,Yoga Mat,Sports,2,1200,0.15,2040.0,1300,740.0
O00447,2025-08-25,C0261,Sneha Nair,Female,18,Mumbai,Maharashtra,West,P002,Smartphone,Electronics,3,28000,0.2,67200.0,64500,2700.0
O00448,2025-07-28,C0980,Nikhil Kapoor,Female,45,Kolkata,West Bengal,East,P002,Smartphone,Electronics,1,28000,0.2,22400.0,21500,900.0
O00449,2025-10-05,C0187,Aditi Iyer,Female,29,Ahmedabad,Gujarat,West,P020,Notebook Set,Stationery,2,500,0.2,800.0,440,360.0
O00450,2025-07-25,C0181,Aarav Verma,Male,60,Ahmedabad,Gujarat,West,P018,Wall Clock,Home Decor,1,1500,0.2,1200.0,800,400.0
O00451,2025-03-19,C0660,Varun Mehta,Male,39,Bhubaneswar,Odisha,East,P009,Running Shoes,Sports,1,4500,0.1,4050.0,2700,1350.0
O00452,2025-11-24,C0325,Kavya Shah,Female,21,Lucknow,Uttar Pradesh,North,P020,Notebook Set,Stationery,1,500,0.0,500.0,220,280.0
O00453,2025-04-08,C0240,Aarav Kapoor,Female,57,Hyderabad,Telangana,South,P001,Laptop,Electronics,2,55000,0.0,110000.0,84000,26000.0
O00454,2025-12-12,C0125,Simran Joshi,Female,53,Pune,Maharashtra,West,P013,Mixer Grinder,Home Appliances,1,4200,0.1,3780.0,2700,1080.0
O00455,2025-12-31,C0652,Pooja Iyer,Male,40,Kolkata,West Bengal,East,P013,Mixer Grinder,Home Appliances,3,4200,0.1,11340.0,8100,3240.0
O00456,2025-12-16,C0677,Pooja Desai,Female,38,Bhubaneswar,Odisha,East,P009,Running Shoes,Sports,2,4500,0.1,8100.0,5400,2700.0
O00457,2025-12-02,C0444,Ananya Sharma,Male,59,Kolkata,West Bengal,East,P008,Backpack,Accessories,3,2200,0.1,5940.0,3600,2340.0
O00458,2025-04-04,C0921,Karan Sharma,Male,44,Jaipur,Rajasthan,North,P009,Running Shoes,Sports,1,4500,0.2,3600.0,2700,900.0
O00459,2025-03-21,C0230,Arjun Reddy,Female,25,Hyderabad,Telangana,South,P009,Running Shoes,Sports,1,4500,0.1,4050.0,2700,1350.0
O00460,2025-02-07,C0155,Vikram Mehta,Male,34,Ahmedabad,Gujarat,West,P015,Jeans,Fashion,4,2500,0.2,8000.0,5600,2400.0
O00461,2025-08-16,C0554,Aarav Nair,Male,48,Hyderabad,Telangana,South,P003,Headphones,Electronics,2,2500,0.2,4000.0,2800,1200.0
O00462,2025-05-14,C0644,Arjun Khan,Female,37,Kochi,Kerala,South,P004,Smart Watch,Electronics,3,6500,0.1,17550.0,12000,5550.0
O00463,2025-07-15,C0159,Neha Joshi,Female,45,Pune,Maharashtra,West,P003,Headphones,Electronics,1,2500,0.1,2250.0,1400,850.0
O00464,2025-10-09,C0052,Nikhil Khan,Male,18,Chennai,Tamil Nadu,South,P005,Office Chair,Furniture,1,8500,0.15,7225.0,6000,1225.0
O00465,2025-04-11,C0707,Aditi Joshi,Male,20,Bhubaneswar,Odisha,East,P010,Yoga Mat,Sports,2,1200,0.15,2040.0,1300,740.0
O00466,2025-03-16,C0955,Meera Reddy,Male,51,Chennai,Tamil Nadu,South,P002,Smartphone,Electronics,1,28000,0.05,26600.0,21500,5100.0
O00467,2025-10-21,C0520,Pooja Singh,Female,58,Mumbai,Maharashtra,West,P018,Wall Clock,Home Decor,2,1500,0.0,3000.0,1600,1400.0
O00468,2025-07-27,C0199,Neha Kapoor,Female,24,Ahmedabad,Gujarat,West,P006,Desk,Furniture,1,12000,0.05,11400.0,8500,2900.0
O00469,2025-03-24,C0994,Karan Patel,Male,57,Jaipur,Rajasthan,North,P003,Headphones,Electronics,1,2500,0.05,2375.0,1400,975.0
O00470,2025-05-23,C0820,Aditi Reddy,Male,33,Jaipur,Rajasthan,North,P014,T-Shirt,Fashion,1,1200,0.05,1140.0,650,490.0
O00471,2025-02-25,C0394,Aditi Gupta,Male,25,Lucknow,Uttar Pradesh,North,P001,Laptop,Electronics,1,55000,0.05,52250.0,42000,10250.0
O00472,2025-12-27,C0726,Sneha Verma,Male,45,Lucknow,Uttar Pradesh,North,P013,Mixer Grinder,Home Appliances,1,4200,0.1,3780.0,2700,1080.0
O00473,2025-10-14,C0714,Nikhil Kapoor,Male,23,Jaipur,Rajasthan,North,P014,T-Shirt,Fashion,2,1200,0.25,1800.0,1300,500.0
O00474,2025-07-30,C0884,Ananya Sharma,Female,58,Chennai,Tamil Nadu,South,P004,Smart Watch,Electronics,1,6500,0.15,5525.0,4000,1525.0
O00475,2025-06-28,C0747,Rohan Desai,Male,48,Bengaluru,Karnataka,South,P001,Laptop,Electronics,1,55000,0.2,44000.0,42000,2000.0
O00476,2025-02-27,C0519,Sneha Patel,Female,48,Lucknow,Uttar Pradesh,North,P008,Backpack,Accessories,3,2200,0.15,5610.0,3600,2010.0
O00477,2025-03-14,C0485,Neha Singh,Male,43,Hyderabad,Telangana,South,P002,Smartphone,Electronics,1,28000,0.15,23800.0,21500,2300.0
O00478,2025-08-03,C0354,Neha Shah,Male,47,Jaipur,Rajasthan,North,P002,Smartphone,Electronics,1,28000,0.1,25200.0,21500,3700.0
O00479,2025-09-23,C0502,Pooja Gupta,Female,59,Mumbai,Maharashtra,West,P005,Office Chair,Furniture,2,8500,0.05,16150.0,12000,4150.0
O00480,2025-03-14,C0688,Aditi Sharma,Female,56,Chennai,Tamil Nadu,South,P006,Desk,Furniture,3,12000,0.2,28800.0,25500,3300.0
O00481,2025-09-28,C0942,Rohan Patel,Female,19,Kolkata,West Bengal,East,P011,Coffee Maker,Home Appliances,1,5500,0.2,4400.0,3400,1000.0
O00482,2025-12-20,C0353,Ananya Shah,Female,42,Bhubaneswar,Odisha,East,P014,T-Shirt,Fashion,1,1200,0.1,1080.0,650,430.0
O00483,2025-08-22,C0450,Aditi Nair,Female,24,Kolkata,West Bengal,East,P012,Air Fryer,Home Appliances,2,7500,0.0,15000.0,9600,5400.0
O00484,2025-11-15,C0334,Nikhil Desai,Female,34,Kochi,Kerala,South,P003,Headphones,Electronics,1,2500,0.15,2125.0,1400,725.0
O00485,2025-01-19,C0545,Varun Gupta,Male,23,Chennai,Tamil Nadu,South,P003,Headphones,Electronics,2,2500,0.05,4750.0,2800,1950.0
O00486,2025-04-23,C0505,Karan Iyer,Male,27,Kolkata,West Bengal,East,P018,Wall Clock,Home Decor,4,1500,0.0,6000.0,3200,2800.0
O00487,2025-03-04,C0012,Aarav Reddy,Female,51,Mumbai,Maharashtra,West,P011,Coffee Maker,Home Appliances,4,5500,0.15,18700.0,13600,5100.0
O00488,2025-07-03,C0420,Aditi Nair,Male,31,Bhubaneswar,Odisha,East,P018,Wall Clock,Home Decor,1,1500,0.1,1350.0,800,550.0
O00489,2025-10-04,C0061,Isha Joshi,Female,43,Lucknow,Uttar Pradesh,North,P008,Backpack,Accessories,1,2200,0.15,1870.0,1200,670.0
O00490,2025-06-11,C0018,Varun Reddy,Female,58,Pune,Maharashtra,West,P013,Mixer Grinder,Home Appliances,4,4200,0.2,13440.0,10800,2640.0
O00491,2025-08-31,C0683,Karan Patel,Male,32,Chennai,Tamil Nadu,South,P010,Yoga Mat,Sports,1,1200,0.1,1080.0,650,430.0
O00492,2025-05-25,C0184,Arjun Khan,Male,59,Kochi,Kerala,South,P006,Desk,Furniture,1,12000,0.1,10800.0,8500,2300.0
O00493,2025-05-26,C0248,Rahul Nair,Male,43,Mumbai,Maharashtra,West,P010,Yoga Mat,Sports,2,1200,0.05,2280.0,1300,980.0
O00494,2025-03-22,C0044,Meera Singh,Female,44,Jaipur,Rajasthan,North,P010,Yoga Mat,Sports,1,1200,0.05,1140.0,650,490.0
O00495,2025-11-18,C0125,Simran Joshi,Female,53,Pune,Maharashtra,West,P004,Smart Watch,Electronics,1,6500,0.15,5525.0,4000,1525.0
O00496,2025-11-17,C0653,Isha Mehta,Female,27,Jaipur,Rajasthan,North,P006,Desk,Furniture,3,12000,0.1,32400.0,25500,6900.0
O00497,2025-02-12,C0377,Aarav Singh,Male,54,Jaipur,Rajasthan,North,P016,Jacket,Fashion,1,4500,0.05,4275.0,2700,1575.0
O00498,2025-11-09,C0801,Arjun Khan,Male,36,Jaipur,Rajasthan,North,P019,Cushion Set,Home Decor,1,1200,0.0,1200.0,600,600.0
O00499,2025-10-20,C0294,Varun Shah,Female,31,Kochi,Kerala,South,P008,Backpack,Accessories,1,2200,0.1,1980.0,1200,780.0
O00500,2025-06-25,C0192,Isha Joshi,Female,47,Ahmedabad,Gujarat,West,P006,Desk,Furniture,2,12000,0.1,21600.0,17000,4600.0
O00501,2025-03-10,C0254,Arjun Reddy,Male,25,Chennai,Tamil Nadu,South,P004,Smart Watch,Electronics,1,6500,0.15,5525.0,4000,1525.0
O00502,2025-02-25,C0592,Pooja Khan,Female,56,Chennai,Tamil Nadu,South,P014,T-Shirt,Fashion,1,1200,0.1,1080.0,650,430.0
O00503,2025-04-29,C0433,Priya Sharma,Male,43,Pune,Maharashtra,West,P007,Bookshelf,Furniture,2,7000,0.05,13300.0,9600,3700.0
O00504,2025-07-23,C0836,Neha Patel,Male,39,Bengaluru,Karnataka,South,P020,Notebook Set,Stationery,3,500,0.1,1350.0,660,690.0
O00505,2025-02-24,C0478,Rahul Desai,Female,46,Jaipur,Rajasthan,North,P007,Bookshelf,Furniture,1,7000,0.2,5600.0,4800,800.0
O00506,2025-02-07,C0376,Vikram Verma,Male,35,Ahmedabad,Gujarat,West,P008,Backpack,Accessories,3,2200,0.05,6270.0,3600,2670.0
O00507,2025-08-31,C0677,Pooja Desai,Female,38,Bhubaneswar,Odisha,East,P012,Air Fryer,Home Appliances,1,7500,0.15,6375.0,4800,1575.0
O00508,2025-07-20,C0905,Pooja Desai,Male,51,Kochi,Kerala,South,P016,Jacket,Fashion,2,4500,0.1,8100.0,5400,2700.0
O00509,2025-08-24,C0260,Kavya Iyer,Male,56,Mumbai,Maharashtra,West,P010,Yoga Mat,Sports,1,1200,0.15,1020.0,650,370.0
O00510,2025-01-15,C0177,Vikram Singh,Male,49,Chennai,Tamil Nadu,South,P009,Running Shoes,Sports,1,4500,0.05,4275.0,2700,1575.0
O00511,2025-05-24,C0492,Priya Verma,Male,37,Delhi,Delhi,North,P020,Notebook Set,Stationery,2,500,0.2,800.0,440,360.0
O00512,2025-03-18,C0381,Rahul Gupta,Male,19,Pune,Maharashtra,West,P001,Laptop,Electronics,1,55000,0.1,49500.0,42000,7500.0
O00513,2025-11-05,C0979,Rohan Reddy,Female,42,Pune,Maharashtra,West,P019,Cushion Set,Home Decor,1,1200,0.2,960.0,600,360.0
O00514,2025-09-20,C0349,Amit Reddy,Male,41,Pune,Maharashtra,West,P003,Headphones,Electronics,1,2500,0.05,2375.0,1400,975.0
O00515,2025-07-04,C0051,Amit Verma,Male,55,Kochi,Kerala,South,P016,Jacket,Fashion,2,4500,0.15,7650.0,5400,2250.0
O00516,2025-02-24,C0957,Raj Iyer,Female,42,Kochi,Kerala,South,P013,Mixer Grinder,Home Appliances,1,4200,0.15,3570.0,2700,870.0
O00517,2025-11-04,C0750,Meera Kapoor,Female,49,Mumbai,Maharashtra,West,P007,Bookshelf,Furniture,1,7000,0.1,6300.0,4800,1500.0
O00518,2025-01-04,C0124,Arjun Verma,Male,54,Pune,Maharashtra,West,P018,Wall Clock,Home Decor,1,1500,0.1,1350.0,800,550.0
O00519,2025-10-26,C0836,Neha Patel,Male,39,Bengaluru,Karnataka,South,P001,Laptop,Electronics,1,55000,0.15,46750.0,42000,4750.0
O00520,2025-02-09,C0248,Rahul Nair,Male,43,Mumbai,Maharashtra,West,P004,Smart Watch,Electronics,1,6500,0.0,6500.0,4000,2500.0
O00521,2025-08-18,C0277,Arjun Sharma,Female,53,Kolkata,West Bengal,East,P011,Coffee Maker,Home Appliances,1,5500,0.15,4675.0,3400,1275.0
O00522,2025-10-13,C0839,Aarav Gupta,Female,24,Delhi,Delhi,North,P008,Backpack,Accessories,1,2200,0.0,2200.0,1200,1000.0
O00523,2025-05-18,C0410,Priya Sharma,Male,27,Pune,Maharashtra,West,P013,Mixer Grinder,Home Appliances,1,4200,0.05,3990.0,2700,1290.0
O00524,2025-04-13,C0095,Rahul Sharma,Male,51,Jaipur,Rajasthan,North,P001,Laptop,Electronics,3,55000,0.15,140250.0,126000,14250.0
O00525,2025-01-07,C0271,Ananya Shah,Female,48,Kolkata,West Bengal,East,P002,Smartphone,Electronics,2,28000,0.0,56000.0,43000,13000.0
O00526,2025-06-13,C0603,Simran Desai,Female,54,Jaipur,Rajasthan,North,P003,Headphones,Electronics,3,2500,0.25,5625.0,4200,1425.0
O00527,2025-12-31,C0121,Priya Nair,Female,45,Jaipur,Rajasthan,North,P003,Headphones,Electronics,1,2500,0.2,2000.0,1400,600.0
O00528,2025-10-03,C0466,Arjun Desai,Female,28,Lucknow,Uttar Pradesh,North,P009,Running Shoes,Sports,4,4500,0.1,16200.0,10800,5400.0
O00529,2025-02-18,C0573,Rahul Mehta,Female,21,Mumbai,Maharashtra,West,P015,Jeans,Fashion,1,2500,0.15,2125.0,1400,725.0
O00530,2025-04-06,C0251,Aditi Sharma,Male,51,Lucknow,Uttar Pradesh,North,P019,Cushion Set,Home Decor,5,1200,0.2,4800.0,3000,1800.0
O00531,2025-02-28,C0572,Amit Iyer,Female,23,Kochi,Kerala,South,P017,Table Lamp,Home Decor,1,1800,0.05,1710.0,950,760.0
O00532,2025-08-19,C0806,Arjun Mehta,Female,50,Lucknow,Uttar Pradesh,North,P004,Smart Watch,Electronics,1,6500,0.2,5200.0,4000,1200.0
O00533,2025-06-26,C0358,Nikhil Desai,Female,36,Bengaluru,Karnataka,South,P009,Running Shoes,Sports,1,4500,0.05,4275.0,2700,1575.0
O00534,2025-03-31,C0282,Nikhil Joshi,Male,45,Mumbai,Maharashtra,West,P004,Smart Watch,Electronics,1,6500,0.1,5850.0,4000,1850.0
O00535,2025-10-09,C0178,Nikhil Kapoor,Female,39,Kolkata,West Bengal,East,P005,Office Chair,Furniture,3,8500,0.1,22950.0,18000,4950.0
O00536,2025-02-05,C0480,Priya Gupta,Male,51,Jaipur,Rajasthan,North,P010,Yoga Mat,Sports,2,1200,0.15,2040.0,1300,740.0
O00537,2025-06-20,C0800,Vikram Sharma,Male,35,Jaipur,Rajasthan,North,P002,Smartphone,Electronics,5,28000,0.0,140000.0,107500,32500.0
O00538,2025-05-06,C0235,Pooja Kapoor,Female,51,Hyderabad,Telangana,South,P004,Smart Watch,Electronics,2,6500,0.05,12350.0,8000,4350.0
O00539,2025-10-26,C0293,Pooja Mehta,Male,48,Kochi,Kerala,South,P020,Notebook Set,Stationery,1,500,0.1,450.0,220,230.0
O00540,2025-12-21,C0302,Kavya Shah,Female,48,Pune,Maharashtra,West,P010,Yoga Mat,Sports,1,1200,0.1,1080.0,650,430.0
O00541,2025-07-23,C0438,Karan Iyer,Female,33,Hyderabad,Telangana,South,P009,Running Shoes,Sports,5,4500,0.15,19125.0,13500,5625.0
O00542,2025-10-16,C0161,Aarav Reddy,Female,24,Kochi,Kerala,South,P001,Laptop,Electronics,2,55000,0.15,93500.0,84000,9500.0
O00543,2025-12-22,C0722,Kavya Desai,Male,37,Ahmedabad,Gujarat,West,P005,Office Chair,Furniture,2,8500,0.05,16150.0,12000,4150.0
O00544,2025-04-07,C0212,Rahul Joshi,Male,25,Ahmedabad,Gujarat,West,P018,Wall Clock,Home Decor,1,1500,0.05,1425.0,800,625.0
O00545,2025-08-26,C0584,Amit Reddy,Female,59,Jaipur,Rajasthan,North,P003,Headphones,Electronics,2,2500,0.1,4500.0,2800,1700.0
O00546,2025-06-22,C0394,Aditi Gupta,Male,25,Lucknow,Uttar Pradesh,North,P009,Running Shoes,Sports,4,4500,0.1,16200.0,10800,5400.0
O00547,2025-10-28,C0462,Sneha Desai,Male,24,Lucknow,Uttar Pradesh,North,P001,Laptop,Electronics,1,55000,0.05,52250.0,42000,10250.0
O00548,2025-03-29,C0125,Simran Joshi,Female,53,Pune,Maharashtra,West,P010,Yoga Mat,Sports,1,1200,0.05,1140.0,650,490.0
O00549,2025-12-17,C0617,Meera Singh,Male,44,Jaipur,Rajasthan,North,P001,Laptop,Electronics,1,55000,0.05,52250.0,42000,10250.0
O00550,2025-01-17,C0132,Kavya Verma,Female,28,Bengaluru,Karnataka,South,P017,Table Lamp,Home Decor,3,1800,0.0,5400.0,2850,2550.0
O00551,2025-05-20,C0078,Raj Iyer,Female,35,Hyderabad,Telangana,South,P017,Table Lamp,Home Decor,1,1800,0.1,1620.0,950,670.0
O00552,2025-09-11,C0425,Isha Khan,Male,55,Chennai,Tamil Nadu,South,P016,Jacket,Fashion,1,4500,0.15,3825.0,2700,1125.0
O00553,2025-10-05,C0589,Kavya Sharma,Female,47,Bhubaneswar,Odisha,East,P005,Office Chair,Furniture,1,8500,0.1,7650.0,6000,1650.0
O00554,2025-05-31,C0034,Priya Gupta,Female,18,Ahmedabad,Gujarat,West,P017,Table Lamp,Home Decor,2,1800,0.15,3060.0,1900,1160.0
O00555,2025-12-12,C0047,Aarav Desai,Male,22,Kolkata,West Bengal,East,P011,Coffee Maker,Home Appliances,1,5500,0.05,5225.0,3400,1825.0
O00556,2025-11-30,C0697,Karan Sharma,Male,41,Lucknow,Uttar Pradesh,North,P008,Backpack,Accessories,1,2200,0.1,1980.0,1200,780.0
O00557,2025-05-20,C0705,Rohan Khan,Female,59,Pune,Maharashtra,West,P013,Mixer Grinder,Home Appliances,4,4200,0.1,15120.0,10800,4320.0
O00558,2025-04-24,C0174,Sneha Reddy,Male,30,Lucknow,Uttar Pradesh,North,P001,Laptop,Electronics,4,55000,0.15,187000.0,168000,19000.0
O00559,2025-03-09,C0491,Nikhil Kapoor,Female,49,Bengaluru,Karnataka,South,P003,Headphones,Electronics,1,2500,0.15,2125.0,1400,725.0
O00560,2025-06-28,C0333,Karan Reddy,Female,54,Bhubaneswar,Odisha,East,P015,Jeans,Fashion,2,2500,0.15,4250.0,2800,1450.0
O00561,2025-05-05,C0508,Kavya Singh,Female,30,Chennai,Tamil Nadu,South,P005,Office Chair,Furniture,2,8500,0.15,14450.0,12000,2450.0
O00562,2025-11-09,C0776,Kavya Kapoor,Female,18,Bhubaneswar,Odisha,East,P012,Air Fryer,Home Appliances,1,7500,0.0,7500.0,4800,2700.0
O00563,2025-11-07,C0055,Rahul Shah,Male,22,Bhubaneswar,Odisha,East,P008,Backpack,Accessories,1,2200,0.15,1870.0,1200,670.0
O00564,2025-12-04,C0667,Rahul Singh,Male,38,Delhi,Delhi,North,P018,Wall Clock,Home Decor,1,1500,0.15,1275.0,800,475.0
O00565,2025-12-29,C0376,Vikram Verma,Male,35,Ahmedabad,Gujarat,West,P020,Notebook Set,Stationery,1,500,0.25,375.0,220,155.0
O00566,2025-12-24,C0441,Raj Khan,Female,45,Kolkata,West Bengal,East,P019,Cushion Set,Home Decor,1,1200,0.15,1020.0,600,420.0
O00567,2025-08-21,C0530,Varun Iyer,Male,32,Delhi,Delhi,North,P005,Office Chair,Furniture,3,8500,0.15,21675.0,18000,3675.0
O00568,2025-05-27,C0864,Rohan Shah,Female,22,Mumbai,Maharashtra,West,P004,Smart Watch,Electronics,1,6500,0.1,5850.0,4000,1850.0
O00569,2025-04-21,C0039,Ananya Kapoor,Male,35,Jaipur,Rajasthan,North,P010,Yoga Mat,Sports,2,1200,0.2,1920.0,1300,620.0
O00570,2025-12-29,C0020,Arjun Singh,Male,57,Lucknow,Uttar Pradesh,North,P001,Laptop,Electronics,1,55000,0.25,41250.0,42000,-750.0
O00571,2025-12-24,C0124,Arjun Verma,Male,54,Pune,Maharashtra,West,P001,Laptop,Electronics,2,55000,0.15,93500.0,84000,9500.0
O00572,2025-08-26,C0974,Vikram Iyer,Male,34,Kolkata,West Bengal,East,P011,Coffee Maker,Home Appliances,1,5500,0.1,4950.0,3400,1550.0
O00573,2025-01-03,C0595,Aarav Kapoor,Female,41,Chennai,Tamil Nadu,South,P010,Yoga Mat,Sports,2,1200,0.0,2400.0,1300,1100.0
O00574,2025-07-30,C0490,Raj Gupta,Female,22,Ahmedabad,Gujarat,West,P020,Notebook Set,Stationery,3,500,0.15,1275.0,660,615.0
O00575,2025-01-25,C0032,Neha Mehta,Male,54,Hyderabad,Telangana,South,P004,Smart Watch,Electronics,2,6500,0.15,11050.0,8000,3050.0
O00576,2025-11-27,C0799,Amit Patel,Female,21,Kochi,Kerala,South,P005,Office Chair,Furniture,1,8500,0.15,7225.0,6000,1225.0
O00577,2025-07-03,C0710,Aarav Shah,Female,40,Jaipur,Rajasthan,North,P002,Smartphone,Electronics,2,28000,0.05,53200.0,43000,10200.0
O00578,2025-03-02,C0541,Raj Joshi,Female,48,Chennai,Tamil Nadu,South,P019,Cushion Set,Home Decor,4,1200,0.15,4080.0,2400,1680.0
O00579,2025-05-03,C0247,Aarav Khan,Male,19,Pune,Maharashtra,West,P016,Jacket,Fashion,2,4500,0.05,8550.0,5400,3150.0
O00580,2025-02-24,C0048,Rohan Desai,Female,25,Kolkata,West Bengal,East,P017,Table Lamp,Home Decor,1,1800,0.15,1530.0,950,580.0
O00581,2025-06-12,C0456,Karan Patel,Female,29,Jaipur,Rajasthan,North,P019,Cushion Set,Home Decor,2,1200,0.05,2280.0,1200,1080.0
O00582,2025-07-06,C0600,Raj Singh,Male,54,Ahmedabad,Gujarat,West,P010,Yoga Mat,Sports,1,1200,0.15,1020.0,650,370.0
O00583,2025-02-08,C0065,Arjun Singh,Female,59,Delhi,Delhi,North,P009,Running Shoes,Sports,3,4500,0.05,12825.0,8100,4725.0
O00584,2025-07-04,C0509,Kavya Reddy,Female,25,Lucknow,Uttar Pradesh,North,P007,Bookshelf,Furniture,2,7000,0.0,14000.0,9600,4400.0
O00585,2025-03-24,C0205,Nikhil Mehta,Male,42,Bengaluru,Karnataka,South,P012,Air Fryer,Home Appliances,1,7500,0.1,6750.0,4800,1950.0
O00586,2025-07-14,C0651,Pooja Khan,Female,37,Kochi,Kerala,South,P009,Running Shoes,Sports,1,4500,0.0,4500.0,2700,1800.0
O00587,2025-02-03,C0418,Rahul Patel,Male,34,Lucknow,Uttar Pradesh,North,P009,Running Shoes,Sports,1,4500,0.15,3825.0,2700,1125.0
O00588,2025-04-23,C0089,Aarav Sharma,Female,30,Bengaluru,Karnataka,South,P020,Notebook Set,Stationery,3,500,0.2,1200.0,660,540.0
O00589,2025-08-18,C0406,Meera Kapoor,Female,38,Kolkata,West Bengal,East,P020,Notebook Set,Stationery,1,500,0.25,375.0,220,155.0
O00590,2025-10-10,C0293,Pooja Mehta,Male,48,Kochi,Kerala,South,P016,Jacket,Fashion,1,4500,0.05,4275.0,2700,1575.0
O00591,2025-10-14,C0126,Simran Desai,Male,36,Bengaluru,Karnataka,South,P015,Jeans,Fashion,4,2500,0.15,8500.0,5600,2900.0
O00592,2025-06-04,C0747,Rohan Desai,Male,48,Bengaluru,Karnataka,South,P014,T-Shirt,Fashion,1,1200,0.1,1080.0,650,430.0
O00593,2025-06-14,C0008,Arjun Gupta,Female,52,Kolkata,West Bengal,East,P003,Headphones,Electronics,1,2500,0.2,2000.0,1400,600.0
O00594,2025-07-01,C0225,Aarav Patel,Female,47,Chennai,Tamil Nadu,South,P002,Smartphone,Electronics,2,28000,0.15,47600.0,43000,4600.0
O00595,2025-08-27,C0009,Aditi Khan,Female,26,Mumbai,Maharashtra,West,P014,T-Shirt,Fashion,1,1200,0.0,1200.0,650,550.0
O00596,2025-05-17,C0066,Raj Kapoor,Male,23,Lucknow,Uttar Pradesh,North,P015,Jeans,Fashion,1,2500,0.1,2250.0,1400,850.0
O00597,2025-12-05,C0214,Karan Mehta,Male,26,Hyderabad,Telangana,South,P001,Laptop,Electronics,1,55000,0.05,52250.0,42000,10250.0
O00598,2025-09-23,C0037,Sneha Patel,Female,46,Ahmedabad,Gujarat,West,P019,Cushion Set,Home Decor,2,1200,0.15,2040.0,1200,840.0
O00599,2025-07-06,C0472,Sneha Verma,Male,39,Bengaluru,Karnataka,South,P002,Smartphone,Electronics,4,28000,0.1,100800.0,86000,14800.0
O00600,2025-02-09,C0060,Aditi Sharma,Female,21,Mumbai,Maharashtra,West,P006,Desk,Furniture,1,12000,0.15,10200.0,8500,1700.0
O00601,2025-11-06,C0580,Sneha Shah,Female,19,Delhi,Delhi,North,P014,T-Shirt,Fashion,1,1200,0.1,1080.0,650,430.0
O00602,2025-06-16,C0036,Meera Shah,Female,36,Bhubaneswar,Odisha,East,P003,Headphones,Electronics,1,2500,0.25,1875.0,1400,475.0
O00603,2025-09-17,C0041,Pooja Joshi,Female,52,Mumbai,Maharashtra,West,P002,Smartphone,Electronics,3,28000,0.2,67200.0,64500,2700.0
O00604,2025-05-23,C0220,Varun Sharma,Male,40,Bhubaneswar,Odisha,East,P007,Bookshelf,Furniture,1,7000,0.1,6300.0,4800,1500.0
O00605,2025-07-23,C0824,Aditi Khan,Male,52,Pune,Maharashtra,West,P015,Jeans,Fashion,3,2500,0.15,6375.0,4200,2175.0
O00606,2025-06-25,C0517,Arjun Kapoor,Female,55,Jaipur,Rajasthan,North,P009,Running Shoes,Sports,1,4500,0.15,3825.0,2700,1125.0
O00607,2025-09-19,C0658,Rohan Sharma,Male,18,Lucknow,Uttar Pradesh,North,P013,Mixer Grinder,Home Appliances,4,4200,0.2,13440.0,10800,2640.0
O00608,2025-09-09,C0098,Raj Iyer,Female,38,Bhubaneswar,Odisha,East,P012,Air Fryer,Home Appliances,2,7500,0.0,15000.0,9600,5400.0
O00609,2025-11-25,C0738,Neha Desai,Male,31,Chennai,Tamil Nadu,South,P001,Laptop,Electronics,2,55000,0.05,104500.0,84000,20500.0
O00610,2025-07-19,C0006,Amit Iyer,Male,35,Kochi,Kerala,South,P020,Notebook Set,Stationery,1,500,0.05,475.0,220,255.0
O00611,2025-07-18,C0150,Arjun Kapoor,Female,41,Lucknow,Uttar Pradesh,North,P001,Laptop,Electronics,3,55000,0.1,148500.0,126000,22500.0
O00612,2025-07-15,C0492,Priya Verma,Male,37,Delhi,Delhi,North,P020,Notebook Set,Stationery,1,500,0.05,475.0,220,255.0
O00613,2025-11-10,C0276,Rahul Desai,Female,27,Delhi,Delhi,North,P011,Coffee Maker,Home Appliances,1,5500,0.1,4950.0,3400,1550.0
O00614,2025-03-18,C0970,Varun Reddy,Female,49,Kolkata,West Bengal,East,P020,Notebook Set,Stationery,1,500,0.15,425.0,220,205.0
O00615,2025-01-19,C0021,Varun Joshi,Male,28,Ahmedabad,Gujarat,West,P002,Smartphone,Electronics,3,28000,0.1,75600.0,64500,11100.0
O00616,2025-03-03,C0998,Neha Mehta,Female,50,Delhi,Delhi,North,P010,Yoga Mat,Sports,2,1200,0.15,2040.0,1300,740.0
O00617,2025-11-23,C0499,Simran Sharma,Male,34,Ahmedabad,Gujarat,West,P003,Headphones,Electronics,2,2500,0.0,5000.0,2800,2200.0
O00618,2025-10-08,C0436,Pooja Patel,Female,37,Kochi,Kerala,South,P001,Laptop,Electronics,2,55000,0.2,88000.0,84000,4000.0
O00619,2025-09-07,C0041,Pooja Joshi,Female,52,Mumbai,Maharashtra,West,P013,Mixer Grinder,Home Appliances,1,4200,0.2,3360.0,2700,660.0
O00620,2025-08-15,C0195,Karan Reddy,Female,36,Jaipur,Rajasthan,North,P004,Smart Watch,Electronics,3,6500,0.1,17550.0,12000,5550.0
O00621,2025-05-07,C0867,Rahul Nair,Male,56,Bhubaneswar,Odisha,East,P012,Air Fryer,Home Appliances,3,7500,0.2,18000.0,14400,3600.0
O00622,2025-02-27,C0259,Aarav Khan,Male,56,Ahmedabad,Gujarat,West,P002,Smartphone,Electronics,2,28000,0.05,53200.0,43000,10200.0
O00623,2025-07-23,C0538,Priya Sharma,Female,31,Kolkata,West Bengal,East,P007,Bookshelf,Furniture,1,7000,0.15,5950.0,4800,1150.0
O00624,2025-08-31,C0999,Isha Kapoor,Male,22,Hyderabad,Telangana,South,P016,Jacket,Fashion,4,4500,0.0,18000.0,10800,7200.0
O00625,2025-11-28,C0187,Aditi Iyer,Female,29,Ahmedabad,Gujarat,West,P009,Running Shoes,Sports,3,4500,0.1,12150.0,8100,4050.0
O00626,2025-11-22,C0453,Arjun Joshi,Male,42,Bhubaneswar,Odisha,East,P013,Mixer Grinder,Home Appliances,2,4200,0.05,7980.0,5400,2580.0
O00627,2025-09-09,C0575,Kavya Khan,Male,51,Delhi,Delhi,North,P013,Mixer Grinder,Home Appliances,1,4200,0.1,3780.0,2700,1080.0
O00628,2025-11-18,C0115,Amit Khan,Male,41,Ahmedabad,Gujarat,West,P017,Table Lamp,Home Decor,2,1800,0.05,3420.0,1900,1520.0
O00629,2025-07-18,C0103,Rohan Patel,Male,45,Bengaluru,Karnataka,South,P007,Bookshelf,Furniture,2,7000,0.1,12600.0,9600,3000.0
O00630,2025-12-09,C0344,Simran Desai,Male,38,Bengaluru,Karnataka,South,P014,T-Shirt,Fashion,1,1200,0.1,1080.0,650,430.0
O00631,2025-08-28,C0285,Nikhil Sharma,Male,39,Bhubaneswar,Odisha,East,P020,Notebook Set,Stationery,1,500,0.2,400.0,220,180.0
O00632,2025-05-19,C0594,Amit Joshi,Female,37,Chennai,Tamil Nadu,South,P015,Jeans,Fashion,1,2500,0.1,2250.0,1400,850.0
O00633,2025-05-02,C0048,Rohan Desai,Female,25,Kolkata,West Bengal,East,P010,Yoga Mat,Sports,2,1200,0.05,2280.0,1300,980.0
O00634,2025-02-18,C0948,Neha Iyer,Male,42,Jaipur,Rajasthan,North,P013,Mixer Grinder,Home Appliances,1,4200,0.05,3990.0,2700,1290.0
O00635,2025-10-31,C0010,Sneha Kapoor,Female,55,Bengaluru,Karnataka,South,P015,Jeans,Fashion,1,2500,0.2,2000.0,1400,600.0
O00636,2025-04-25,C0477,Karan Gupta,Female,58,Kolkata,West Bengal,East,P013,Mixer Grinder,Home Appliances,2,4200,0.1,7560.0,5400,2160.0
O00637,2025-12-09,C0440,Raj Desai,Male,57,Pune,Maharashtra,West,P001,Laptop,Electronics,2,55000,0.1,99000.0,84000,15000.0
O00638,2025-09-08,C0093,Neha Iyer,Female,20,Pune,Maharashtra,West,P004,Smart Watch,Electronics,1,6500,0.15,5525.0,4000,1525.0
O00639,2025-01-07,C0105,Rahul Sharma,Female,52,Jaipur,Rajasthan,North,P017,Table Lamp,Home Decor,1,1800,0.1,1620.0,950,670.0
O00640,2025-08-07,C0685,Priya Patel,Female,25,Kolkata,West Bengal,East,P005,Office Chair,Furniture,3,8500,0.05,24225.0,18000,6225.0
O00641,2025-03-18,C0811,Arjun Verma,Male,46,Lucknow,Uttar Pradesh,North,P015,Jeans,Fashion,2,2500,0.1,4500.0,2800,1700.0
O00642,2025-06-28,C0203,Aditi Patel,Male,18,Ahmedabad,Gujarat,West,P008,Backpack,Accessories,1,2200,0.05,2090.0,1200,890.0
O00643,2025-05-25,C0328,Karan Patel,Male,32,Kolkata,West Bengal,East,P010,Yoga Mat,Sports,4,1200,0.05,4560.0,2600,1960.0
O00644,2025-06-03,C0259,Aarav Khan,Male,56,Ahmedabad,Gujarat,West,P002,Smartphone,Electronics,1,28000,0.0,28000.0,21500,6500.0
O00645,2025-05-01,C0050,Neha Khan,Male,29,Lucknow,Uttar Pradesh,North,P003,Headphones,Electronics,4,2500,0.05,9500.0,5600,3900.0
O00646,2025-05-04,C0550,Aarav Mehta,Female,34,Jaipur,Rajasthan,North,P020,Notebook Set,Stationery,1,500,0.05,475.0,220,255.0
O00647,2025-05-30,C0726,Sneha Verma,Male,45,Lucknow,Uttar Pradesh,North,P019,Cushion Set,Home Decor,1,1200,0.25,900.0,600,300.0
O00648,2025-09-25,C0220,Varun Sharma,Male,40,Bhubaneswar,Odisha,East,P013,Mixer Grinder,Home Appliances,1,4200,0.1,3780.0,2700,1080.0
O00649,2025-11-23,C0981,Simran Singh,Male,32,Bhubaneswar,Odisha,East,P009,Running Shoes,Sports,1,4500,0.15,3825.0,2700,1125.0
O00650,2025-01-01,C0052,Nikhil Khan,Male,18,Chennai,Tamil Nadu,South,P014,T-Shirt,Fashion,2,1200,0.0,2400.0,1300,1100.0
O00651,2025-06-10,C0538,Priya Sharma,Female,31,Kolkata,West Bengal,East,P013,Mixer Grinder,Home Appliances,3,4200,0.0,12600.0,8100,4500.0
O00652,2025-09-01,C0337,Sneha Nair,Female,46,Ahmedabad,Gujarat,West,P011,Coffee Maker,Home Appliances,3,5500,0.15,14025.0,10200,3825.0
O00653,2025-09-08,C0336,Priya Shah,Male,43,Kolkata,West Bengal,East,P002,Smartphone,Electronics,1,28000,0.1,25200.0,21500,3700.0
O00654,2025-03-05,C0345,Meera Desai,Male,60,Mumbai,Maharashtra,West,P013,Mixer Grinder,Home Appliances,1,4200,0.05,3990.0,2700,1290.0
O00655,2025-10-26,C0184,Arjun Khan,Male,59,Kochi,Kerala,South,P016,Jacket,Fashion,1,4500,0.1,4050.0,2700,1350.0
O00656,2025-09-05,C0595,Aarav Kapoor,Female,41,Chennai,Tamil Nadu,South,P020,Notebook Set,Stationery,1,500,0.1,450.0,220,230.0
O00657,2025-10-24,C0602,Vikram Shah,Female,53,Delhi,Delhi,North,P001,Laptop,Electronics,2,55000,0.2,88000.0,84000,4000.0
O00658,2025-04-25,C0202,Raj Reddy,Male,20,Kochi,Kerala,South,P015,Jeans,Fashion,1,2500,0.0,2500.0,1400,1100.0
O00659,2025-10-22,C0739,Meera Desai,Female,53,Kolkata,West Bengal,East,P012,Air Fryer,Home Appliances,2,7500,0.1,13500.0,9600,3900.0
O00660,2025-01-01,C0229,Rohan Singh,Male,52,Lucknow,Uttar Pradesh,North,P009,Running Shoes,Sports,2,4500,0.15,7650.0,5400,2250.0
O00661,2025-02-10,C0606,Amit Gupta,Female,59,Delhi,Delhi,North,P003,Headphones,Electronics,1,2500,0.25,1875.0,1400,475.0
O00662,2025-06-22,C0083,Karan Kapoor,Female,49,Jaipur,Rajasthan,North,P009,Running Shoes,Sports,2,4500,0.15,7650.0,5400,2250.0
O00663,2025-03-29,C0117,Rahul Mehta,Female,54,Kochi,Kerala,South,P008,Backpack,Accessories,1,2200,0.05,2090.0,1200,890.0
O00664,2025-04-08,C0228,Aarav Nair,Female,28,Hyderabad,Telangana,South,P006,Desk,Furniture,1,12000,0.15,10200.0,8500,1700.0
O00665,2025-03-29,C0470,Aditi Khan,Female,42,Mumbai,Maharashtra,West,P015,Jeans,Fashion,3,2500,0.15,6375.0,4200,2175.0
O00666,2025-09-08,C0521,Amit Desai,Male,43,Delhi,Delhi,North,P014,T-Shirt,Fashion,1,1200,0.15,1020.0,650,370.0
O00667,2025-12-01,C0293,Pooja Mehta,Male,48,Kochi,Kerala,South,P012,Air Fryer,Home Appliances,1,7500,0.15,6375.0,4800,1575.0
O00668,2025-05-21,C0053,Arjun Verma,Female,48,Delhi,Delhi,North,P020,Notebook Set,Stationery,2,500,0.2,800.0,440,360.0
O00669,2025-03-12,C0275,Ananya Shah,Male,27,Bhubaneswar,Odisha,East,P008,Backpack,Accessories,1,2200,0.0,2200.0,1200,1000.0
O00670,2025-05-17,C0566,Neha Singh,Female,35,Pune,Maharashtra,West,P005,Office Chair,Furniture,2,8500,0.0,17000.0,12000,5000.0
O00671,2025-04-09,C0547,Rohan Verma,Female,25,Pune,Maharashtra,West,P014,T-Shirt,Fashion,1,1200,0.15,1020.0,650,370.0
O00672,2025-05-31,C0111,Aditi Singh,Female,52,Bengaluru,Karnataka,South,P004,Smart Watch,Electronics,1,6500,0.05,6175.0,4000,2175.0
O00673,2025-06-24,C0006,Amit Iyer,Male,35,Kochi,Kerala,South,P006,Desk,Furniture,3,12000,0.0,36000.0,25500,10500.0
O00674,2025-06-16,C0638,Kavya Shah,Female,44,Hyderabad,Telangana,South,P004,Smart Watch,Electronics,2,6500,0.1,11700.0,8000,3700.0
O00675,2025-12-09,C0073,Rohan Sharma,Female,54,Ahmedabad,Gujarat,West,P002,Smartphone,Electronics,1,28000,0.15,23800.0,21500,2300.0
O00676,2025-09-14,C0056,Rohan Shah,Male,47,Kolkata,West Bengal,East,P017,Table Lamp,Home Decor,1,1800,0.05,1710.0,950,760.0
O00677,2025-08-12,C0002,Raj Iyer,Male,55,Chennai,Tamil Nadu,South,P005,Office Chair,Furniture,3,8500,0.15,21675.0,18000,3675.0
O00678,2025-11-26,C0324,Rohan Iyer,Female,51,Kolkata,West Bengal,East,P010,Yoga Mat,Sports,1,1200,0.0,1200.0,650,550.0
O00679,2025-03-06,C0385,Kavya Verma,Female,55,Mumbai,Maharashtra,West,P001,Laptop,Electronics,2,55000,0.0,110000.0,84000,26000.0
O00680,2025-03-10,C0513,Rahul Desai,Female,45,Bhubaneswar,Odisha,East,P014,T-Shirt,Fashion,2,1200,0.1,2160.0,1300,860.0
O00681,2025-03-08,C0213,Ananya Gupta,Female,22,Kolkata,West Bengal,East,P007,Bookshelf,Furniture,2,7000,0.0,14000.0,9600,4400.0
O00682,2025-02-19,C0590,Vikram Gupta,Male,18,Chennai,Tamil Nadu,South,P015,Jeans,Fashion,2,2500,0.2,4000.0,2800,1200.0
O00683,2025-11-10,C0118,Aditi Gupta,Female,56,Bengaluru,Karnataka,South,P009,Running Shoes,Sports,2,4500,0.2,7200.0,5400,1800.0
O00684,2025-11-05,C0735,Nikhil Joshi,Female,54,Kolkata,West Bengal,East,P004,Smart Watch,Electronics,2,6500,0.15,11050.0,8000,3050.0
O00685,2025-04-01,C0449,Pooja Khan,Male,23,Chennai,Tamil Nadu,South,P010,Yoga Mat,Sports,3,1200,0.05,3420.0,1950,1470.0
O00686,2025-04-25,C0460,Kavya Joshi,Male,53,Mumbai,Maharashtra,West,P003,Headphones,Electronics,2,2500,0.1,4500.0,2800,1700.0
O00687,2025-02-26,C0148,Ananya Gupta,Male,28,Mumbai,Maharashtra,West,P009,Running Shoes,Sports,1,4500,0.05,4275.0,2700,1575.0
O00688,2025-12-08,C0051,Amit Verma,Male,55,Kochi,Kerala,South,P006,Desk,Furniture,1,12000,0.05,11400.0,8500,2900.0
O00689,2025-01-18,C0351,Priya Reddy,Male,34,Pune,Maharashtra,West,P019,Cushion Set,Home Decor,2,1200,0.1,2160.0,1200,960.0
O00690,2025-09-29,C0491,Nikhil Kapoor,Female,49,Bengaluru,Karnataka,South,P002,Smartphone,Electronics,3,28000,0.15,71400.0,64500,6900.0
O00691,2025-05-10,C0065,Arjun Singh,Female,59,Delhi,Delhi,North,P014,T-Shirt,Fashion,1,1200,0.0,1200.0,650,550.0
O00692,2025-09-26,C0910,Arjun Nair,Male,41,Bhubaneswar,Odisha,East,P003,Headphones,Electronics,1,2500,0.05,2375.0,1400,975.0
O00693,2025-03-21,C0963,Amit Patel,Male,53,Kolkata,West Bengal,East,P006,Desk,Furniture,4,12000,0.2,38400.0,34000,4400.0
O00694,2025-10-26,C0424,Isha Iyer,Male,20,Lucknow,Uttar Pradesh,North,P009,Running Shoes,Sports,2,4500,0.1,8100.0,5400,2700.0
O00695,2025-11-06,C0909,Simran Joshi,Male,19,Delhi,Delhi,North,P019,Cushion Set,Home Decor,1,1200,0.2,960.0,600,360.0
O00696,2025-07-21,C0125,Simran Joshi,Female,53,Pune,Maharashtra,West,P004,Smart Watch,Electronics,2,6500,0.25,9750.0,8000,1750.0
O00697,2025-08-13,C0018,Varun Reddy,Female,58,Pune,Maharashtra,West,P002,Smartphone,Electronics,5,28000,0.1,126000.0,107500,18500.0
O00698,2025-06-08,C0027,Raj Reddy,Male,51,Kochi,Kerala,South,P006,Desk,Furniture,3,12000,0.05,34200.0,25500,8700.0
O00699,2025-07-23,C0464,Simran Desai,Female,26,Kochi,Kerala,South,P002,Smartphone,Electronics,2,28000,0.15,47600.0,43000,4600.0
O00700,2025-05-17,C0042,Neha Singh,Female,60,Chennai,Tamil Nadu,South,P003,Headphones,Electronics,1,2500,0.05,2375.0,1400,975.0
O00701,2025-03-14,C0923,Meera Kapoor,Male,37,Delhi,Delhi,North,P012,Air Fryer,Home Appliances,3,7500,0.05,21375.0,14400,6975.0
O00702,2025-02-17,C0098,Raj Iyer,Female,38,Bhubaneswar,Odisha,East,P002,Smartphone,Electronics,2,28000,0.15,47600.0,43000,4600.0
O00703,2025-01-18,C0220,Varun Sharma,Male,40,Bhubaneswar,Odisha,East,P001,Laptop,Electronics,3,55000,0.1,148500.0,126000,22500.0
O00704,2025-09-24,C0723,Rohan Verma,Male,20,Delhi,Delhi,North,P014,T-Shirt,Fashion,1,1200,0.05,1140.0,650,490.0
O00705,2025-12-06,C0154,Arjun Nair,Male,28,Lucknow,Uttar Pradesh,North,P008,Backpack,Accessories,1,2200,0.15,1870.0,1200,670.0
O00706,2025-01-19,C0172,Ananya Verma,Male,20,Lucknow,Uttar Pradesh,North,P003,Headphones,Electronics,1,2500,0.15,2125.0,1400,725.0
O00707,2025-04-10,C0518,Nikhil Singh,Female,41,Ahmedabad,Gujarat,West,P005,Office Chair,Furniture,1,8500,0.05,8075.0,6000,2075.0
O00708,2025-04-26,C0197,Ananya Nair,Female,43,Chennai,Tamil Nadu,South,P013,Mixer Grinder,Home Appliances,2,4200,0.05,7980.0,5400,2580.0
O00709,2025-12-12,C0153,Meera Patel,Male,44,Lucknow,Uttar Pradesh,North,P005,Office Chair,Furniture,4,8500,0.05,32300.0,24000,8300.0
O00710,2025-03-15,C0181,Aarav Verma,Male,60,Ahmedabad,Gujarat,West,P010,Yoga Mat,Sports,2,1200,0.1,2160.0,1300,860.0
O00711,2025-10-07,C0374,Nikhil Nair,Female,58,Bhubaneswar,Odisha,East,P003,Headphones,Electronics,3,2500,0.15,6375.0,4200,2175.0
O00712,2025-09-26,C0937,Aarav Patel,Female,50,Hyderabad,Telangana,South,P012,Air Fryer,Home Appliances,1,7500,0.15,6375.0,4800,1575.0
O00713,2025-05-05,C0735,Nikhil Joshi,Female,54,Kolkata,West Bengal,East,P006,Desk,Furniture,2,12000,0.15,20400.0,17000,3400.0
O00714,2025-04-26,C0204,Varun Desai,Female,53,Pune,Maharashtra,West,P013,Mixer Grinder,Home Appliances,3,4200,0.0,12600.0,8100,4500.0
O00715,2025-06-23,C0266,Nikhil Shah,Male,38,Pune,Maharashtra,West,P017,Table Lamp,Home Decor,2,1800,0.05,3420.0,1900,1520.0
O00716,2025-06-30,C0351,Priya Reddy,Male,34,Pune,Maharashtra,West,P013,Mixer Grinder,Home Appliances,2,4200,0.05,7980.0,5400,2580.0
O00717,2025-08-14,C0960,Priya Shah,Male,21,Ahmedabad,Gujarat,West,P006,Desk,Furniture,2,12000,0.05,22800.0,17000,5800.0
O00718,2025-06-06,C0120,Vikram Reddy,Female,25,Ahmedabad,Gujarat,West,P005,Office Chair,Furniture,2,8500,0.05,16150.0,12000,4150.0
O00719,2025-06-13,C0261,Sneha Nair,Female,18,Mumbai,Maharashtra,West,P007,Bookshelf,Furniture,1,7000,0.1,6300.0,4800,1500.0
O00720,2025-03-12,C0611,Sneha Iyer,Male,57,Bengaluru,Karnataka,South,P003,Headphones,Electronics,3,2500,0.0,7500.0,4200,3300.0
O00721,2025-08-10,C0933,Pooja Gupta,Male,32,Delhi,Delhi,North,P003,Headphones,Electronics,4,2500,0.15,8500.0,5600,2900.0
O00722,2025-05-06,C0108,Aditi Reddy,Female,28,Chennai,Tamil Nadu,South,P016,Jacket,Fashion,1,4500,0.15,3825.0,2700,1125.0
O00723,2025-05-25,C0161,Aarav Reddy,Female,24,Kochi,Kerala,South,P008,Backpack,Accessories,2,2200,0.1,3960.0,2400,1560.0
O00724,2025-06-25,C0159,Neha Joshi,Female,45,Pune,Maharashtra,West,P009,Running Shoes,Sports,2,4500,0.0,9000.0,5400,3600.0
O00725,2025-06-01,C0015,Kavya Reddy,Female,20,Delhi,Delhi,North,P012,Air Fryer,Home Appliances,2,7500,0.2,12000.0,9600,2400.0
O00726,2025-07-01,C0480,Priya Gupta,Male,51,Jaipur,Rajasthan,North,P012,Air Fryer,Home Appliances,2,7500,0.25,11250.0,9600,1650.0
O00727,2025-12-13,C0547,Rohan Verma,Female,25,Pune,Maharashtra,West,P002,Smartphone,Electronics,3,28000,0.05,79800.0,64500,15300.0
O00728,2025-03-26,C0478,Rahul Desai,Female,46,Jaipur,Rajasthan,North,P017,Table Lamp,Home Decor,1,1800,0.15,1530.0,950,580.0
O00729,2025-12-30,C0049,Aarav Reddy,Male,51,Bhubaneswar,Odisha,East,P003,Headphones,Electronics,1,2500,0.2,2000.0,1400,600.0
O00730,2025-05-01,C0047,Aarav Desai,Male,22,Kolkata,West Bengal,East,P015,Jeans,Fashion,3,2500,0.1,6750.0,4200,2550.0
O00731,2025-05-09,C0148,Ananya Gupta,Male,28,Mumbai,Maharashtra,West,P016,Jacket,Fashion,2,4500,0.05,8550.0,5400,3150.0
O00732,2025-01-06,C0208,Amit Reddy,Male,32,Bengaluru,Karnataka,South,P014,T-Shirt,Fashion,3,1200,0.1,3240.0,1950,1290.0
O00733,2025-11-30,C0678,Neha Patel,Female,31,Kochi,Kerala,South,P012,Air Fryer,Home Appliances,1,7500,0.1,6750.0,4800,1950.0
O00734,2025-07-02,C0111,Aditi Singh,Female,52,Bengaluru,Karnataka,South,P001,Laptop,Electronics,1,55000,0.1,49500.0,42000,7500.0
O00735,2025-02-07,C0030,Pooja Sharma,Female,24,Lucknow,Uttar Pradesh,North,P008,Backpack,Accessories,4,2200,0.2,7040.0,4800,2240.0
O00736,2025-04-26,C0291,Sneha Desai,Female,35,Chennai,Tamil Nadu,South,P012,Air Fryer,Home Appliances,1,7500,0.15,6375.0,4800,1575.0
O00737,2025-04-12,C0310,Pooja Nair,Male,40,Kochi,Kerala,South,P008,Backpack,Accessories,3,2200,0.05,6270.0,3600,2670.0
O00738,2025-01-08,C0339,Raj Singh,Male,44,Mumbai,Maharashtra,West,P018,Wall Clock,Home Decor,3,1500,0.1,4050.0,2400,1650.0
O00739,2025-08-06,C0728,Sneha Verma,Male,55,Ahmedabad,Gujarat,West,P006,Desk,Furniture,2,12000,0.15,20400.0,17000,3400.0
O00740,2025-07-26,C0067,Arjun Sharma,Male,32,Bengaluru,Karnataka,South,P006,Desk,Furniture,1,12000,0.05,11400.0,8500,2900.0
O00741,2025-03-19,C0583,Aarav Khan,Male,30,Pune,Maharashtra,West,P005,Office Chair,Furniture,2,8500,0.1,15300.0,12000,3300.0
O00742,2025-02-24,C0246,Varun Shah,Male,19,Mumbai,Maharashtra,West,P007,Bookshelf,Furniture,3,7000,0.2,16800.0,14400,2400.0
O00743,2025-10-31,C0224,Aarav Shah,Female,21,Hyderabad,Telangana,South,P011,Coffee Maker,Home Appliances,1,5500,0.1,4950.0,3400,1550.0
O00744,2025-08-16,C0880,Priya Verma,Male,46,Hyderabad,Telangana,South,P014,T-Shirt,Fashion,1,1200,0.05,1140.0,650,490.0
O00745,2025-03-29,C0176,Priya Verma,Male,33,Chennai,Tamil Nadu,South,P014,T-Shirt,Fashion,1,1200,0.05,1140.0,650,490.0
O00746,2025-01-10,C0518,Nikhil Singh,Female,41,Ahmedabad,Gujarat,West,P017,Table Lamp,Home Decor,1,1800,0.1,1620.0,950,670.0
O00747,2025-11-04,C0197,Ananya Nair,Female,43,Chennai,Tamil Nadu,South,P019,Cushion Set,Home Decor,3,1200,0.1,3240.0,1800,1440.0
O00748,2025-10-17,C0389,Varun Nair,Male,53,Kolkata,West Bengal,East,P017,Table Lamp,Home Decor,3,1800,0.05,5130.0,2850,2280.0
O00749,2025-06-13,C0677,Pooja Desai,Female,38,Bhubaneswar,Odisha,East,P001,Laptop,Electronics,5,55000,0.1,247500.0,210000,37500.0
O00750,2025-08-27,C0803,Rahul Gupta,Female,52,Bengaluru,Karnataka,South,P015,Jeans,Fashion,2,2500,0.0,5000.0,2800,2200.0
O00751,2025-11-13,C0744,Nikhil Joshi,Male,38,Ahmedabad,Gujarat,West,P004,Smart Watch,Electronics,2,6500,0.05,12350.0,8000,4350.0
O00752,2025-05-24,C0458,Varun Desai,Female,33,Jaipur,Rajasthan,North,P003,Headphones,Electronics,1,2500,0.1,2250.0,1400,850.0
O00753,2025-12-01,C0177,Vikram Singh,Male,49,Chennai,Tamil Nadu,South,P013,Mixer Grinder,Home Appliances,2,4200,0.0,8400.0,5400,3000.0
O00754,2025-01-18,C0537,Varun Nair,Female,35,Bengaluru,Karnataka,South,P007,Bookshelf,Furniture,2,7000,0.2,11200.0,9600,1600.0
O00755,2025-03-12,C0589,Kavya Sharma,Female,47,Bhubaneswar,Odisha,East,P002,Smartphone,Electronics,3,28000,0.05,79800.0,64500,15300.0
O00756,2025-06-24,C0008,Arjun Gupta,Female,52,Kolkata,West Bengal,East,P003,Headphones,Electronics,3,2500,0.15,6375.0,4200,2175.0
O00757,2025-12-08,C0329,Simran Reddy,Male,30,Hyderabad,Telangana,South,P001,Laptop,Electronics,4,55000,0.1,198000.0,168000,30000.0
O00758,2025-10-15,C0750,Meera Kapoor,Female,49,Mumbai,Maharashtra,West,P019,Cushion Set,Home Decor,3,1200,0.1,3240.0,1800,1440.0
O00759,2025-10-26,C0373,Amit Singh,Male,24,Ahmedabad,Gujarat,West,P001,Laptop,Electronics,3,55000,0.15,140250.0,126000,14250.0
O00760,2025-12-05,C0225,Aarav Patel,Female,47,Chennai,Tamil Nadu,South,P004,Smart Watch,Electronics,1,6500,0.1,5850.0,4000,1850.0
O00761,2025-09-05,C0789,Rahul Iyer,Female,34,Ahmedabad,Gujarat,West,P009,Running Shoes,Sports,3,4500,0.15,11475.0,8100,3375.0
O00762,2025-07-12,C0108,Aditi Reddy,Female,28,Chennai,Tamil Nadu,South,P008,Backpack,Accessories,2,2200,0.1,3960.0,2400,1560.0
O00763,2025-11-21,C0145,Aarav Khan,Female,23,Bengaluru,Karnataka,South,P019,Cushion Set,Home Decor,1,1200,0.1,1080.0,600,480.0
O00764,2025-11-02,C0565,Raj Nair,Male,42,Kochi,Kerala,South,P001,Laptop,Electronics,1,55000,0.15,46750.0,42000,4750.0
O00765,2025-09-25,C0257,Rahul Reddy,Female,44,Delhi,Delhi,North,P010,Yoga Mat,Sports,2,1200,0.1,2160.0,1300,860.0
O00766,2025-07-23,C0593,Vikram Gupta,Female,34,Kolkata,West Bengal,East,P014,T-Shirt,Fashion,1,1200,0.1,1080.0,650,430.0
O00767,2025-12-07,C0110,Aarav Verma,Male,34,Bengaluru,Karnataka,South,P020,Notebook Set,Stationery,1,500,0.15,425.0,220,205.0
O00768,2025-05-03,C0179,Arjun Reddy,Male,46,Hyderabad,Telangana,South,P013,Mixer Grinder,Home Appliances,2,4200,0.2,6720.0,5400,1320.0
O00769,2025-02-27,C0109,Rahul Sharma,Female,53,Hyderabad,Telangana,South,P016,Jacket,Fashion,3,4500,0.1,12150.0,8100,4050.0
O00770,2025-12-05,C0914,Pooja Joshi,Female,43,Bengaluru,Karnataka,South,P002,Smartphone,Electronics,3,28000,0.1,75600.0,64500,11100.0
O00771,2025-07-20,C0301,Rohan Nair,Female,32,Jaipur,Rajasthan,North,P008,Backpack,Accessories,1,2200,0.0,2200.0,1200,1000.0
O00772,2025-04-22,C0245,Kavya Shah,Male,55,Chennai,Tamil Nadu,South,P008,Backpack,Accessories,1,2200,0.1,1980.0,1200,780.0
O00773,2025-05-08,C0010,Sneha Kapoor,Female,55,Bengaluru,Karnataka,South,P019,Cushion Set,Home Decor,1,1200,0.1,1080.0,600,480.0
O00774,2025-02-05,C0106,Nikhil Iyer,Female,30,Kochi,Kerala,South,P003,Headphones,Electronics,1,2500,0.15,2125.0,1400,725.0
O00775,2025-08-22,C0314,Rahul Gupta,Female,23,Jaipur,Rajasthan,North,P003,Headphones,Electronics,1,2500,0.1,2250.0,1400,850.0
O00776,2025-11-06,C0047,Aarav Desai,Male,22,Kolkata,West Bengal,East,P007,Bookshelf,Furniture,4,7000,0.15,23800.0,19200,4600.0
O00777,2025-02-16,C0392,Neha Patel,Male,26,Bengaluru,Karnataka,South,P001,Laptop,Electronics,2,55000,0.0,110000.0,84000,26000.0
O00778,2025-04-25,C0343,Arjun Verma,Female,38,Kochi,Kerala,South,P003,Headphones,Electronics,1,2500,0.1,2250.0,1400,850.0
O00779,2025-09-12,C0654,Simran Singh,Male,28,Mumbai,Maharashtra,West,P020,Notebook Set,Stationery,1,500,0.2,400.0,220,180.0
O00780,2025-08-11,C0536,Neha Kapoor,Male,39,Delhi,Delhi,North,P009,Running Shoes,Sports,2,4500,0.05,8550.0,5400,3150.0
O00781,2025-05-04,C0335,Aarav Gupta,Female,40,Bhubaneswar,Odisha,East,P013,Mixer Grinder,Home Appliances,2,4200,0.0,8400.0,5400,3000.0
O00782,2025-06-09,C0159,Neha Joshi,Female,45,Pune,Maharashtra,West,P015,Jeans,Fashion,1,2500,0.1,2250.0,1400,850.0
O00783,2025-04-06,C0608,Meera Iyer,Female,38,Lucknow,Uttar Pradesh,North,P008,Backpack,Accessories,4,2200,0.15,7480.0,4800,2680.0
O00784,2025-04-17,C0587,Rahul Khan,Male,49,Chennai,Tamil Nadu,South,P003,Headphones,Electronics,1,2500,0.1,2250.0,1400,850.0
O00785,2025-04-30,C0106,Nikhil Iyer,Female,30,Kochi,Kerala,South,P004,Smart Watch,Electronics,1,6500,0.1,5850.0,4000,1850.0
O00786,2025-04-11,C0852,Rohan Patel,Male,29,Bengaluru,Karnataka,South,P006,Desk,Furniture,1,12000,0.15,10200.0,8500,1700.0
O00787,2025-04-13,C0044,Meera Singh,Female,44,Jaipur,Rajasthan,North,P013,Mixer Grinder,Home Appliances,2,4200,0.05,7980.0,5400,2580.0
O00788,2025-06-15,C0038,Kavya Kapoor,Female,27,Lucknow,Uttar Pradesh,North,P008,Backpack,Accessories,1,2200,0.15,1870.0,1200,670.0
O00789,2025-07-05,C0131,Meera Joshi,Female,38,Kochi,Kerala,South,P001,Laptop,Electronics,1,55000,0.05,52250.0,42000,10250.0
O00790,2025-02-01,C0844,Karan Desai,Female,35,Kolkata,West Bengal,East,P010,Yoga Mat,Sports,1,1200,0.1,1080.0,650,430.0
O00791,2025-03-07,C0400,Raj Singh,Female,23,Lucknow,Uttar Pradesh,North,P019,Cushion Set,Home Decor,2,1200,0.15,2040.0,1200,840.0
O00792,2025-06-28,C0679,Karan Desai,Female,21,Lucknow,Uttar Pradesh,North,P017,Table Lamp,Home Decor,1,1800,0.15,1530.0,950,580.0
O00793,2025-09-24,C0161,Aarav Reddy,Female,24,Kochi,Kerala,South,P017,Table Lamp,Home Decor,1,1800,0.15,1530.0,950,580.0
O00794,2025-02-06,C0374,Nikhil Nair,Female,58,Bhubaneswar,Odisha,East,P016,Jacket,Fashion,1,4500,0.15,3825.0,2700,1125.0
O00795,2025-07-20,C0262,Karan Reddy,Male,34,Lucknow,Uttar Pradesh,North,P007,Bookshelf,Furniture,1,7000,0.1,6300.0,4800,1500.0
O00796,2025-12-24,C0729,Rahul Reddy,Male,53,Ahmedabad,Gujarat,West,P015,Jeans,Fashion,2,2500,0.05,4750.0,2800,1950.0
O00797,2025-02-18,C0016,Isha Kapoor,Male,45,Kolkata,West Bengal,East,P003,Headphones,Electronics,1,2500,0.05,2375.0,1400,975.0
O00798,2025-10-02,C0173,Nikhil Sharma,Female,22,Pune,Maharashtra,West,P014,T-Shirt,Fashion,1,1200,0.2,960.0,650,310.0
O00799,2025-06-17,C0106,Nikhil Iyer,Female,30,Kochi,Kerala,South,P013,Mixer Grinder,Home Appliances,2,4200,0.2,6720.0,5400,1320.0
O00800,2025-09-20,C0771,Simran Nair,Male,57,Hyderabad,Telangana,South,P001,Laptop,Electronics,1,55000,0.25,41250.0,42000,-750.0
O00801,2025-05-13,C0354,Neha Shah,Male,47,Jaipur,Rajasthan,North,P016,Jacket,Fashion,1,4500,0.0,4500.0,2700,1800.0
O00802,2025-10-25,C0300,Isha Desai,Female,29,Pune,Maharashtra,West,P019,Cushion Set,Home Decor,1,1200,0.1,1080.0,600,480.0
O00803,2025-12-10,C0338,Karan Nair,Male,50,Kochi,Kerala,South,P005,Office Chair,Furniture,3,8500,0.15,21675.0,18000,3675.0
O00804,2025-06-25,C0947,Sneha Sharma,Female,43,Mumbai,Maharashtra,West,P017,Table Lamp,Home Decor,2,1800,0.15,3060.0,1900,1160.0
O00805,2025-01-11,C0759,Sneha Joshi,Female,21,Ahmedabad,Gujarat,West,P002,Smartphone,Electronics,3,28000,0.15,71400.0,64500,6900.0
O00806,2025-07-20,C0585,Sneha Mehta,Female,25,Hyderabad,Telangana,South,P012,Air Fryer,Home Appliances,3,7500,0.15,19125.0,14400,4725.0
O00807,2025-10-24,C0209,Rahul Sharma,Male,54,Jaipur,Rajasthan,North,P010,Yoga Mat,Sports,4,1200,0.1,4320.0,2600,1720.0
O00808,2025-01-03,C0115,Amit Khan,Male,41,Ahmedabad,Gujarat,West,P011,Coffee Maker,Home Appliances,2,5500,0.05,10450.0,6800,3650.0
O00809,2025-08-02,C0862,Isha Gupta,Female,36,Ahmedabad,Gujarat,West,P019,Cushion Set,Home Decor,2,1200,0.05,2280.0,1200,1080.0
O00810,2025-10-23,C0316,Isha Nair,Male,46,Delhi,Delhi,North,P018,Wall Clock,Home Decor,1,1500,0.0,1500.0,800,700.0
O00811,2025-11-03,C0199,Neha Kapoor,Female,24,Ahmedabad,Gujarat,West,P016,Jacket,Fashion,1,4500,0.1,4050.0,2700,1350.0
O00812,2025-02-01,C0357,Ananya Iyer,Female,37,Delhi,Delhi,North,P005,Office Chair,Furniture,2,8500,0.0,17000.0,12000,5000.0
O00813,2025-02-17,C0857,Pooja Iyer,Male,45,Pune,Maharashtra,West,P019,Cushion Set,Home Decor,5,1200,0.05,5700.0,3000,2700.0
O00814,2025-11-23,C0286,Simran Desai,Male,47,Bhubaneswar,Odisha,East,P002,Smartphone,Electronics,1,28000,0.1,25200.0,21500,3700.0
O00815,2025-09-09,C0440,Raj Desai,Male,57,Pune,Maharashtra,West,P018,Wall Clock,Home Decor,2,1500,0.2,2400.0,1600,800.0
O00816,2025-07-18,C0698,Pooja Patel,Male,44,Chennai,Tamil Nadu,South,P007,Bookshelf,Furniture,1,7000,0.15,5950.0,4800,1150.0
O00817,2025-03-30,C0319,Rohan Desai,Male,18,Jaipur,Rajasthan,North,P001,Laptop,Electronics,1,55000,0.05,52250.0,42000,10250.0
O00818,2025-04-19,C0165,Karan Verma,Female,34,Mumbai,Maharashtra,West,P014,T-Shirt,Fashion,1,1200,0.05,1140.0,650,490.0
O00819,2025-10-18,C0990,Ananya Gupta,Female,60,Kochi,Kerala,South,P004,Smart Watch,Electronics,2,6500,0.05,12350.0,8000,4350.0
O00820,2025-04-18,C0920,Neha Iyer,Female,37,Kochi,Kerala,South,P004,Smart Watch,Electronics,1,6500,0.25,4875.0,4000,875.0
O00821,2025-02-09,C0750,Meera Kapoor,Female,49,Mumbai,Maharashtra,West,P006,Desk,Furniture,2,12000,0.1,21600.0,17000,4600.0
O00822,2025-02-21,C0566,Neha Singh,Female,35,Pune,Maharashtra,West,P002,Smartphone,Electronics,3,28000,0.05,79800.0,64500,15300.0
O00823,2025-04-22,C0212,Rahul Joshi,Male,25,Ahmedabad,Gujarat,West,P003,Headphones,Electronics,3,2500,0.2,6000.0,4200,1800.0
O00824,2025-10-22,C0850,Kavya Shah,Male,22,Hyderabad,Telangana,South,P001,Laptop,Electronics,1,55000,0.1,49500.0,42000,7500.0
O00825,2025-03-09,C0197,Ananya Nair,Female,43,Chennai,Tamil Nadu,South,P009,Running Shoes,Sports,3,4500,0.2,10800.0,8100,2700.0
O00826,2025-07-08,C0695,Sneha Nair,Female,18,Mumbai,Maharashtra,West,P002,Smartphone,Electronics,1,28000,0.05,26600.0,21500,5100.0
O00827,2025-11-28,C0857,Pooja Iyer,Male,45,Pune,Maharashtra,West,P014,T-Shirt,Fashion,1,1200,0.1,1080.0,650,430.0
O00828,2025-07-28,C0479,Aarav Singh,Male,51,Bhubaneswar,Odisha,East,P004,Smart Watch,Electronics,2,6500,0.1,11700.0,8000,3700.0
O00829,2025-03-06,C0698,Pooja Patel,Male,44,Chennai,Tamil Nadu,South,P020,Notebook Set,Stationery,1,500,0.2,400.0,220,180.0
O00830,2025-03-03,C0684,Rahul Iyer,Male,46,Hyderabad,Telangana,South,P018,Wall Clock,Home Decor,1,1500,0.2,1200.0,800,400.0
O00831,2025-09-15,C0135,Isha Desai,Male,22,Bengaluru,Karnataka,South,P006,Desk,Furniture,1,12000,0.1,10800.0,8500,2300.0
O00832,2025-05-14,C0544,Varun Joshi,Male,47,Bengaluru,Karnataka,South,P016,Jacket,Fashion,2,4500,0.05,8550.0,5400,3150.0
O00833,2025-05-02,C0064,Arjun Sharma,Male,44,Hyderabad,Telangana,South,P016,Jacket,Fashion,1,4500,0.1,4050.0,2700,1350.0
O00834,2025-11-27,C0389,Varun Nair,Male,53,Kolkata,West Bengal,East,P020,Notebook Set,Stationery,2,500,0.25,750.0,440,310.0
O00835,2025-06-20,C0113,Priya Joshi,Male,57,Delhi,Delhi,North,P012,Air Fryer,Home Appliances,2,7500,0.1,13500.0,9600,3900.0
O00836,2025-07-29,C0310,Pooja Nair,Male,40,Kochi,Kerala,South,P002,Smartphone,Electronics,2,28000,0.15,47600.0,43000,4600.0
O00837,2025-10-23,C0736,Rahul Gupta,Male,42,Bengaluru,Karnataka,South,P013,Mixer Grinder,Home Appliances,3,4200,0.1,11340.0,8100,3240.0
O00838,2025-03-30,C0975,Arjun Reddy,Female,27,Mumbai,Maharashtra,West,P013,Mixer Grinder,Home Appliances,1,4200,0.1,3780.0,2700,1080.0
O00839,2025-06-16,C0230,Arjun Reddy,Female,25,Hyderabad,Telangana,South,P013,Mixer Grinder,Home Appliances,1,4200,0.1,3780.0,2700,1080.0
O00840,2025-01-28,C0411,Raj Reddy,Female,27,Ahmedabad,Gujarat,West,P006,Desk,Furniture,1,12000,0.15,10200.0,8500,1700.0
O00841,2025-08-26,C0393,Neha Joshi,Male,41,Chennai,Tamil Nadu,South,P018,Wall Clock,Home Decor,1,1500,0.2,1200.0,800,400.0
O00842,2025-12-02,C0916,Sneha Mehta,Male,56,Lucknow,Uttar Pradesh,North,P020,Notebook Set,Stationery,2,500,0.1,900.0,440,460.0
O00843,2025-03-04,C0363,Arjun Nair,Female,34,Delhi,Delhi,North,P004,Smart Watch,Electronics,1,6500,0.1,5850.0,4000,1850.0
O00844,2025-09-12,C0577,Neha Joshi,Female,60,Lucknow,Uttar Pradesh,North,P002,Smartphone,Electronics,1,28000,0.1,25200.0,21500,3700.0
O00845,2025-02-10,C0863,Varun Kapoor,Male,39,Kochi,Kerala,South,P004,Smart Watch,Electronics,2,6500,0.05,12350.0,8000,4350.0
O00846,2025-01-29,C0274,Ananya Desai,Male,49,Kolkata,West Bengal,East,P017,Table Lamp,Home Decor,2,1800,0.2,2880.0,1900,980.0
O00847,2025-10-06,C0833,Neha Nair,Male,21,Bhubaneswar,Odisha,East,P014,T-Shirt,Fashion,2,1200,0.05,2280.0,1300,980.0
O00848,2025-03-21,C0856,Aditi Nair,Female,22,Bhubaneswar,Odisha,East,P013,Mixer Grinder,Home Appliances,3,4200,0.15,10710.0,8100,2610.0
O00849,2025-02-20,C0877,Arjun Mehta,Female,36,Bhubaneswar,Odisha,East,P008,Backpack,Accessories,3,2200,0.15,5610.0,3600,2010.0
O00850,2025-04-22,C0193,Kavya Joshi,Male,47,Mumbai,Maharashtra,West,P012,Air Fryer,Home Appliances,2,7500,0.15,12750.0,9600,3150.0
O00851,2025-12-27,C0297,Sneha Desai,Male,51,Kochi,Kerala,South,P006,Desk,Furniture,1,12000,0.2,9600.0,8500,1100.0
O00852,2025-10-28,C0787,Ananya Reddy,Male,37,Kolkata,West Bengal,East,P010,Yoga Mat,Sports,5,1200,0.1,5400.0,3250,2150.0
O00853,2025-03-31,C0263,Pooja Patel,Male,58,Delhi,Delhi,North,P016,Jacket,Fashion,2,4500,0.2,7200.0,5400,1800.0
O00854,2025-08-17,C0476,Aditi Iyer,Male,46,Bengaluru,Karnataka,South,P020,Notebook Set,Stationery,1,500,0.05,475.0,220,255.0
O00855,2025-05-30,C0081,Varun Gupta,Male,30,Lucknow,Uttar Pradesh,North,P020,Notebook Set,Stationery,1,500,0.1,450.0,220,230.0
O00856,2025-08-31,C0038,Kavya Kapoor,Female,27,Lucknow,Uttar Pradesh,North,P020,Notebook Set,Stationery,2,500,0.15,850.0,440,410.0
O00857,2025-05-18,C0306,Meera Reddy,Male,49,Bhubaneswar,Odisha,East,P008,Backpack,Accessories,4,2200,0.05,8360.0,4800,3560.0
O00858,2025-05-15,C0455,Raj Reddy,Male,24,Kolkata,West Bengal,East,P010,Yoga Mat,Sports,1,1200,0.15,1020.0,650,370.0
O00859,2025-03-30,C0290,Vikram Verma,Male,25,Delhi,Delhi,North,P014,T-Shirt,Fashion,1,1200,0.15,1020.0,650,370.0
O00860,2025-01-15,C0454,Pooja Iyer,Male,50,Jaipur,Rajasthan,North,P019,Cushion Set,Home Decor,3,1200,0.15,3060.0,1800,1260.0
O00861,2025-11-29,C0396,Meera Reddy,Female,53,Mumbai,Maharashtra,West,P003,Headphones,Electronics,3,2500,0.05,7125.0,4200,2925.0
O00862,2025-12-28,C0563,Karan Khan,Female,28,Ahmedabad,Gujarat,West,P006,Desk,Furniture,1,12000,0.15,10200.0,8500,1700.0
O00863,2025-06-23,C0525,Neha Iyer,Male,28,Chennai,Tamil Nadu,South,P003,Headphones,Electronics,1,2500,0.05,2375.0,1400,975.0
O00864,2025-03-31,C0317,Aarav Gupta,Male,45,Kochi,Kerala,South,P013,Mixer Grinder,Home Appliances,2,4200,0.15,7140.0,5400,1740.0
O00865,2025-08-01,C0317,Aarav Gupta,Male,45,Kochi,Kerala,South,P006,Desk,Furniture,1,12000,0.1,10800.0,8500,2300.0
O00866,2025-12-09,C0097,Sneha Khan,Male,38,Delhi,Delhi,North,P007,Bookshelf,Furniture,3,7000,0.1,18900.0,14400,4500.0
O00867,2025-03-02,C0394,Aditi Gupta,Male,25,Lucknow,Uttar Pradesh,North,P002,Smartphone,Electronics,1,28000,0.1,25200.0,21500,3700.0
O00868,2025-12-30,C0463,Nikhil Nair,Male,53,Ahmedabad,Gujarat,West,P008,Backpack,Accessories,1,2200,0.05,2090.0,1200,890.0
O00869,2025-08-08,C0362,Karan Kapoor,Male,59,Jaipur,Rajasthan,North,P018,Wall Clock,Home Decor,1,1500,0.05,1425.0,800,625.0
O00870,2025-03-02,C0236,Simran Singh,Male,36,Bengaluru,Karnataka,South,P004,Smart Watch,Electronics,1,6500,0.0,6500.0,4000,2500.0
O00871,2025-11-03,C0602,Vikram Shah,Female,53,Delhi,Delhi,North,P014,T-Shirt,Fashion,1,1200,0.1,1080.0,650,430.0
O00872,2025-06-15,C0051,Amit Verma,Male,55,Kochi,Kerala,South,P013,Mixer Grinder,Home Appliances,1,4200,0.2,3360.0,2700,660.0
O00873,2025-01-12,C0851,Amit Singh,Male,44,Delhi,Delhi,North,P018,Wall Clock,Home Decor,2,1500,0.0,3000.0,1600,1400.0
O00874,2025-08-04,C0014,Nikhil Iyer,Male,20,Pune,Maharashtra,West,P003,Headphones,Electronics,1,2500,0.0,2500.0,1400,1100.0
O00875,2025-03-18,C0930,Varun Khan,Male,39,Lucknow,Uttar Pradesh,North,P020,Notebook Set,Stationery,3,500,0.1,1350.0,660,690.0
O00876,2025-08-20,C0349,Amit Reddy,Male,41,Pune,Maharashtra,West,P012,Air Fryer,Home Appliances,1,7500,0.15,6375.0,4800,1575.0
O00877,2025-04-22,C0307,Vikram Shah,Female,39,Hyderabad,Telangana,South,P020,Notebook Set,Stationery,2,500,0.05,950.0,440,510.0
O00878,2025-03-07,C0182,Meera Desai,Male,20,Pune,Maharashtra,West,P019,Cushion Set,Home Decor,1,1200,0.05,1140.0,600,540.0
O00879,2025-07-01,C0007,Ananya Khan,Male,53,Ahmedabad,Gujarat,West,P004,Smart Watch,Electronics,1,6500,0.05,6175.0,4000,2175.0
O00880,2025-07-23,C0196,Rohan Desai,Female,25,Bengaluru,Karnataka,South,P002,Smartphone,Electronics,2,28000,0.1,50400.0,43000,7400.0
O00881,2025-07-25,C0075,Ananya Kapoor,Male,40,Pune,Maharashtra,West,P005,Office Chair,Furniture,2,8500,0.05,16150.0,12000,4150.0
O00882,2025-10-13,C0536,Neha Kapoor,Male,39,Delhi,Delhi,North,P010,Yoga Mat,Sports,2,1200,0.1,2160.0,1300,860.0
O00883,2025-04-15,C0231,Isha Verma,Female,20,Pune,Maharashtra,West,P003,Headphones,Electronics,2,2500,0.15,4250.0,2800,1450.0
O00884,2025-08-30,C0654,Simran Singh,Male,28,Mumbai,Maharashtra,West,P003,Headphones,Electronics,2,2500,0.1,4500.0,2800,1700.0
O00885,2025-08-23,C0145,Aarav Khan,Female,23,Bengaluru,Karnataka,South,P010,Yoga Mat,Sports,1,1200,0.0,1200.0,650,550.0
O00886,2025-06-25,C0830,Isha Nair,Male,42,Pune,Maharashtra,West,P001,Laptop,Electronics,3,55000,0.1,148500.0,126000,22500.0
O00887,2025-07-30,C0403,Rohan Gupta,Female,57,Delhi,Delhi,North,P003,Headphones,Electronics,2,2500,0.1,4500.0,2800,1700.0
O00888,2025-01-31,C0079,Ananya Nair,Female,26,Ahmedabad,Gujarat,West,P009,Running Shoes,Sports,5,4500,0.2,18000.0,13500,4500.0
O00889,2025-08-23,C0297,Sneha Desai,Male,51,Kochi,Kerala,South,P002,Smartphone,Electronics,3,28000,0.05,79800.0,64500,15300.0
O00890,2025-08-30,C0145,Aarav Khan,Female,23,Bengaluru,Karnataka,South,P008,Backpack,Accessories,1,2200,0.15,1870.0,1200,670.0
O00891,2025-06-02,C0140,Rahul Iyer,Male,23,Jaipur,Rajasthan,North,P010,Yoga Mat,Sports,1,1200,0.15,1020.0,650,370.0
O00892,2025-07-15,C0388,Pooja Sharma,Male,50,Chennai,Tamil Nadu,South,P009,Running Shoes,Sports,2,4500,0.05,8550.0,5400,3150.0
O00893,2025-09-26,C0548,Neha Shah,Male,60,Pune,Maharashtra,West,P018,Wall Clock,Home Decor,2,1500,0.2,2400.0,1600,800.0
O00894,2025-06-19,C0847,Rohan Singh,Female,50,Delhi,Delhi,North,P011,Coffee Maker,Home Appliances,2,5500,0.1,9900.0,6800,3100.0
O00895,2025-12-23,C0384,Rahul Shah,Female,26,Chennai,Tamil Nadu,South,P010,Yoga Mat,Sports,3,1200,0.15,3060.0,1950,1110.0
O00896,2025-11-19,C0936,Meera Reddy,Male,26,Chennai,Tamil Nadu,South,P009,Running Shoes,Sports,1,4500,0.05,4275.0,2700,1575.0
O00897,2025-12-02,C0895,Simran Gupta,Male,22,Jaipur,Rajasthan,North,P017,Table Lamp,Home Decor,1,1800,0.05,1710.0,950,760.0
O00898,2025-08-20,C0779,Nikhil Verma,Male,34,Mumbai,Maharashtra,West,P019,Cushion Set,Home Decor,1,1200,0.1,1080.0,600,480.0
O00899,2025-07-03,C0382,Arjun Singh,Female,33,Jaipur,Rajasthan,North,P018,Wall Clock,Home Decor,2,1500,0.05,2850.0,1600,1250.0
O00900,2025-12-25,C0098,Raj Iyer,Female,38,Bhubaneswar,Odisha,East,P014,T-Shirt,Fashion,2,1200,0.1,2160.0,1300,860.0
O00901,2025-10-02,C0154,Arjun Nair,Male,28,Lucknow,Uttar Pradesh,North,P003,Headphones,Electronics,1,2500,0.1,2250.0,1400,850.0
O00902,2025-02-01,C0523,Arjun Verma,Female,37,Kochi,Kerala,South,P005,Office Chair,Furniture,2,8500,0.15,14450.0,12000,2450.0
O00903,2025-06-26,C0314,Rahul Gupta,Female,23,Jaipur,Rajasthan,North,P001,Laptop,Electronics,1,55000,0.1,49500.0,42000,7500.0
O00904,2025-03-06,C0102,Simran Reddy,Male,18,Kochi,Kerala,South,P020,Notebook Set,Stationery,1,500,0.0,500.0,220,280.0
O00905,2025-07-17,C0364,Priya Patel,Female,54,Bengaluru,Karnataka,South,P014,T-Shirt,Fashion,2,1200,0.15,2040.0,1300,740.0
O00906,2025-01-27,C0012,Aarav Reddy,Female,51,Mumbai,Maharashtra,West,P015,Jeans,Fashion,1,2500,0.1,2250.0,1400,850.0
O00907,2025-05-31,C0616,Amit Gupta,Female,54,Bhubaneswar,Odisha,East,P006,Desk,Furniture,2,12000,0.1,21600.0,17000,4600.0
O00908,2025-10-30,C0050,Neha Khan,Male,29,Lucknow,Uttar Pradesh,North,P017,Table Lamp,Home Decor,3,1800,0.0,5400.0,2850,2550.0
O00909,2025-09-25,C0504,Amit Mehta,Male,42,Bengaluru,Karnataka,South,P005,Office Chair,Furniture,3,8500,0.05,24225.0,18000,6225.0
O00910,2025-03-26,C0686,Kavya Mehta,Male,58,Lucknow,Uttar Pradesh,North,P001,Laptop,Electronics,1,55000,0.05,52250.0,42000,10250.0
O00911,2025-03-07,C0092,Rohan Gupta,Female,40,Pune,Maharashtra,West,P008,Backpack,Accessories,1,2200,0.2,1760.0,1200,560.0
O00912,2025-05-13,C0399,Nikhil Joshi,Female,45,Ahmedabad,Gujarat,West,P011,Coffee Maker,Home Appliances,2,5500,0.1,9900.0,6800,3100.0
O00913,2025-03-23,C0669,Vikram Patel,Female,29,Hyderabad,Telangana,South,P010,Yoga Mat,Sports,2,1200,0.0,2400.0,1300,1100.0
O00914,2025-11-15,C0186,Meera Gupta,Female,33,Kochi,Kerala,South,P018,Wall Clock,Home Decor,3,1500,0.05,4275.0,2400,1875.0
O00915,2025-11-24,C0113,Priya Joshi,Male,57,Delhi,Delhi,North,P002,Smartphone,Electronics,1,28000,0.0,28000.0,21500,6500.0
O00916,2025-04-08,C0245,Kavya Shah,Male,55,Chennai,Tamil Nadu,South,P011,Coffee Maker,Home Appliances,1,5500,0.1,4950.0,3400,1550.0
O00917,2025-03-14,C0432,Kavya Nair,Male,53,Pune,Maharashtra,West,P010,Yoga Mat,Sports,2,1200,0.05,2280.0,1300,980.0
O00918,2025-11-23,C0452,Varun Joshi,Male,49,Bengaluru,Karnataka,South,P005,Office Chair,Furniture,2,8500,0.1,15300.0,12000,3300.0
O00919,2025-01-30,C0090,Simran Nair,Female,51,Pune,Maharashtra,West,P017,Table Lamp,Home Decor,1,1800,0.1,1620.0,950,670.0
O00920,2025-05-05,C0345,Meera Desai,Male,60,Mumbai,Maharashtra,West,P015,Jeans,Fashion,1,2500,0.15,2125.0,1400,725.0
O00921,2025-07-29,C0191,Amit Gupta,Female,52,Lucknow,Uttar Pradesh,North,P015,Jeans,Fashion,2,2500,0.05,4750.0,2800,1950.0
O00922,2025-09-29,C0748,Varun Khan,Female,59,Mumbai,Maharashtra,West,P018,Wall Clock,Home Decor,1,1500,0.1,1350.0,800,550.0
O00923,2025-08-01,C0227,Neha Nair,Female,55,Ahmedabad,Gujarat,West,P015,Jeans,Fashion,1,2500,0.15,2125.0,1400,725.0
O00924,2025-05-13,C0744,Nikhil Joshi,Male,38,Ahmedabad,Gujarat,West,P004,Smart Watch,Electronics,1,6500,0.1,5850.0,4000,1850.0
O00925,2025-06-06,C0320,Karan Mehta,Female,60,Lucknow,Uttar Pradesh,North,P014,T-Shirt,Fashion,1,1200,0.15,1020.0,650,370.0
O00926,2025-02-16,C0608,Meera Iyer,Female,38,Lucknow,Uttar Pradesh,North,P006,Desk,Furniture,2,12000,0.15,20400.0,17000,3400.0
O00927,2025-12-23,C0391,Aarav Sharma,Female,51,Chennai,Tamil Nadu,South,P004,Smart Watch,Electronics,1,6500,0.1,5850.0,4000,1850.0
O00928,2025-12-29,C0497,Priya Shah,Female,39,Lucknow,Uttar Pradesh,North,P002,Smartphone,Electronics,1,28000,0.1,25200.0,21500,3700.0
O00929,2025-01-22,C0292,Rohan Reddy,Female,29,Hyderabad,Telangana,South,P015,Jeans,Fashion,1,2500,0.25,1875.0,1400,475.0
O00930,2025-03-24,C0656,Isha Patel,Female,58,Bhubaneswar,Odisha,East,P014,T-Shirt,Fashion,1,1200,0.15,1020.0,650,370.0
O00931,2025-08-22,C0317,Aarav Gupta,Male,45,Kochi,Kerala,South,P004,Smart Watch,Electronics,2,6500,0.2,10400.0,8000,2400.0
O00932,2025-03-01,C0345,Meera Desai,Male,60,Mumbai,Maharashtra,West,P015,Jeans,Fashion,1,2500,0.05,2375.0,1400,975.0
O00933,2025-07-07,C0398,Sneha Singh,Female,20,Kolkata,West Bengal,East,P019,Cushion Set,Home Decor,2,1200,0.1,2160.0,1200,960.0
O00934,2025-02-27,C0735,Nikhil Joshi,Female,54,Kolkata,West Bengal,East,P002,Smartphone,Electronics,1,28000,0.2,22400.0,21500,900.0
O00935,2025-09-16,C0535,Unknown Customer,Female,55,Delhi,Delhi,North,P004,Smart Watch,Electronics,1,6500,0.05,6175.0,4000,2175.0
O00936,2025-06-11,C0255,Aarav Sharma,Female,40,Delhi,Delhi,North,P015,Jeans,Fashion,1,2500,0.25,1875.0,1400,475.0
O00937,2025-10-28,C0547,Rohan Verma,Female,25,Pune,Maharashtra,West,P005,Office Chair,Furniture,1,8500,0.0,8500.0,6000,2500.0
O00938,2025-11-02,C0518,Nikhil Singh,Female,41,Ahmedabad,Gujarat,West,P013,Mixer Grinder,Home Appliances,2,4200,0.2,6720.0,5400,1320.0
O00939,2025-01-02,C0878,Sneha Joshi,Male,46,Chennai,Tamil Nadu,South,P002,Smartphone,Electronics,1,28000,0.1,25200.0,21500,3700.0
O00940,2025-09-28,C0747,Rohan Desai,Male,48,Bengaluru,Karnataka,South,P009,Running Shoes,Sports,3,4500,0.0,13500.0,8100,5400.0
O00941,2025-05-23,C0523,Arjun Verma,Female,37,Kochi,Kerala,South,P015,Jeans,Fashion,1,2500,0.2,2000.0,1400,600.0
O00942,2025-07-07,C0249,Ananya Khan,Male,30,Chennai,Tamil Nadu,South,P014,T-Shirt,Fashion,1,1200,0.05,1140.0,650,490.0
O00943,2025-12-18,C0669,Vikram Patel,Female,29,Hyderabad,Telangana,South,P017,Table Lamp,Home Decor,1,1800,0.0,1800.0,950,850.0
O00944,2025-12-07,C0452,Varun Joshi,Male,49,Bengaluru,Karnataka,South,P018,Wall Clock,Home Decor,2,1500,0.05,2850.0,1600,1250.0
O00945,2025-08-12,C0972,Meera Verma,Female,23,Jaipur,Rajasthan,North,P016,Jacket,Fashion,1,4500,0.15,3825.0,2700,1125.0
O00946,2025-06-29,C0176,Priya Verma,Male,33,Chennai,Tamil Nadu,South,P014,T-Shirt,Fashion,1,1200,0.25,900.0,650,250.0
O00947,2025-01-23,C0055,Rahul Shah,Male,22,Bhubaneswar,Odisha,East,P001,Laptop,Electronics,1,55000,0.0,55000.0,42000,13000.0
O00948,2025-12-21,C0048,Rohan Desai,Female,25,Kolkata,West Bengal,East,P011,Coffee Maker,Home Appliances,1,5500,0.1,4950.0,3400,1550.0
O00949,2025-02-06,C0516,Priya Joshi,Male,18,Mumbai,Maharashtra,West,P001,Laptop,Electronics,4,55000,0.05,209000.0,168000,41000.0
O00950,2025-04-17,C0891,Amit Iyer,Male,23,Kochi,Kerala,South,P017,Table Lamp,Home Decor,2,1800,0.15,3060.0,1900,1160.0
O00951,2025-10-24,C0002,Raj Iyer,Male,55,Chennai,Tamil Nadu,South,P007,Bookshelf,Furniture,3,7000,0.0,21000.0,14400,6600.0
O00952,2025-08-17,C0607,Aditi Joshi,Male,60,Mumbai,Maharashtra,West,P011,Coffee Maker,Home Appliances,2,5500,0.05,10450.0,6800,3650.0
O00953,2025-11-09,C0533,Karan Shah,Female,22,Kochi,Kerala,South,P005,Office Chair,Furniture,2,8500,0.05,16150.0,12000,4150.0
O00954,2025-04-07,C0614,Priya Singh,Female,44,Bengaluru,Karnataka,South,P016,Jacket,Fashion,1,4500,0.1,4050.0,2700,1350.0
O00955,2025-10-08,C0260,Kavya Iyer,Male,56,Mumbai,Maharashtra,West,P019,Cushion Set,Home Decor,2,1200,0.2,1920.0,1200,720.0
O00956,2025-04-20,C0720,Aarav Desai,Male,55,Kochi,Kerala,South,P008,Backpack,Accessories,1,2200,0.0,1980.0,1200,780.0
O00957,2025-02-06,C0031,Ananya Patel,Male,21,Kolkata,West Bengal,East,P018,Wall Clock,Home Decor,1,1500,0.0,1500.0,800,700.0
O00958,2025-02-09,C0641,Aarav Joshi,Female,34,Bhubaneswar,Odisha,East,P005,Office Chair,Furniture,2,8500,0.1,15300.0,12000,3300.0
O00959,2025-03-26,C0191,Amit Gupta,Female,52,Lucknow,Uttar Pradesh,North,P011,Coffee Maker,Home Appliances,3,5500,0.15,14025.0,10200,3825.0
O00960,2025-10-29,C0362,Karan Kapoor,Male,59,Jaipur,Rajasthan,North,P018,Wall Clock,Home Decor,2,1500,0.05,2850.0,1600,1250.0
O00961,2025-07-07,C0723,Rohan Verma,Male,20,Delhi,Delhi,North,P007,Bookshelf,Furniture,2,7000,0.0,14000.0,9600,4400.0
O00962,2025-08-28,C0194,Arjun Patel,Male,52,Ahmedabad,Gujarat,West,P020,Notebook Set,Stationery,1,500,0.05,475.0,220,255.0
O00963,2025-12-24,C0129,Neha Sharma,Male,28,Lucknow,Uttar Pradesh,North,P003,Headphones,Electronics,1,2500,0.15,2125.0,1400,725.0
O00964,2025-12-20,C0558,Aditi Shah,Female,33,Bhubaneswar,Odisha,East,P001,Laptop,Electronics,1,55000,0.1,49500.0,42000,7500.0
O00965,2025-01-19,C0413,Nikhil Singh,Female,54,Delhi,Delhi,North,P019,Cushion Set,Home Decor,2,1200,0.1,2160.0,1200,960.0
O00966,2025-12-13,C0395,Arjun Iyer,Male,24,Mumbai,Maharashtra,West,P002,Smartphone,Electronics,4,28000,0.05,106400.0,86000,20400.0
O00967,2025-11-21,C0183,Kavya Gupta,Female,27,Pune,Maharashtra,West,P020,Notebook Set,Stationery,1,500,0.05,475.0,220,255.0
O00968,2025-09-18,C0024,Pooja Patel,Male,50,Kolkata,West Bengal,East,P020,Notebook Set,Stationery,1,500,0.25,375.0,220,155.0
O00969,2025-06-07,C0305,Amit Iyer,Male,35,Bengaluru,Karnataka,South,P003,Headphones,Electronics,1,2500,0.05,2375.0,1400,975.0
O00970,2025-10-31,C0073,Rohan Sharma,Female,54,Ahmedabad,Gujarat,West,P011,Coffee Maker,Home Appliances,3,5500,0.2,13200.0,10200,3000.0
O00971,2025-04-22,C0839,Aarav Gupta,Female,24,Delhi,Delhi,North,P003,Headphones,Electronics,2,2500,0.1,4500.0,2800,1700.0
O00972,2025-05-24,C0028,Rohan Reddy,Male,45,Ahmedabad,Gujarat,West,P009,Running Shoes,Sports,1,4500,0.05,4275.0,2700,1575.0
O00973,2025-09-13,C0323,Sneha Gupta,Female,44,Kochi,Kerala,South,P002,Smartphone,Electronics,4,28000,0.1,100800.0,86000,14800.0
O00974,2025-01-18,C0036,Meera Shah,Female,36,Bhubaneswar,Odisha,East,P004,Smart Watch,Electronics,3,6500,0.2,15600.0,12000,3600.0
O00975,2025-07-03,C0066,Raj Kapoor,Male,23,Lucknow,Uttar Pradesh,North,P008,Backpack,Accessories,1,2200,0.1,1980.0,1200,780.0
O00976,2025-10-14,C0535,Neha Joshi,Female,55,Delhi,Delhi,North,P009,Running Shoes,Sports,4,4500,0.2,14400.0,10800,3600.0
O00977,2025-05-11,C0523,Arjun Verma,Female,37,Kochi,Kerala,South,P020,Notebook Set,Stationery,1,500,0.05,475.0,220,255.0
O00978,2025-10-08,C0023,Meera Mehta,Male,53,Chennai,Tamil Nadu,South,P017,Table Lamp,Home Decor,1,1800,0.1,1620.0,950,670.0
O00979,2025-09-02,C0001,Rohan Mehta,Male,41,Mumbai,Maharashtra,West,P015,Jeans,Fashion,1,2500,0.2,2000.0,1400,600.0
O00980,2025-01-08,C0054,Aarav Iyer,Female,21,Mumbai,Maharashtra,West,P011,Coffee Maker,Home Appliances,3,5500,0.2,13200.0,10200,3000.0
O00981,2025-07-12,C0649,Raj Khan,Male,18,Chennai,Tamil Nadu,South,P017,Table Lamp,Home Decor,2,1800,0.1,3240.0,1900,1340.0
O00982,2025-11-14,C0461,Nikhil Joshi,Male,30,Delhi,Delhi,North,P007,Bookshelf,Furniture,1,7000,0.1,6300.0,4800,1500.0
O00983,2025-01-07,C0026,Aditi Mehta,Female,56,Pune,Maharashtra,West,P014,T-Shirt,Fashion,4,1200,0.0,4800.0,2600,2200.0
O00984,2025-05-16,C0372,Raj Sharma,Male,58,Bhubaneswar,Odisha,East,P020,Notebook Set,Stationery,1,500,0.05,475.0,220,255.0
O00985,2025-01-19,C0592,Pooja Khan,Female,56,Chennai,Tamil Nadu,South,P006,Desk,Furniture,2,12000,0.05,22800.0,17000,5800.0
O00986,2025-05-19,C0785,Pooja Desai,Male,23,Chennai,Tamil Nadu,South,P014,T-Shirt,Fashion,2,1200,0.0,2400.0,1300,1100.0
O00987,2025-06-26,C0882,Aditi Kapoor,Female,35,Pune,Maharashtra,West,P017,Table Lamp,Home Decor,1,1800,0.05,1710.0,950,760.0
O00988,2025-01-11,C0237,Sneha Shah,Female,55,Pune,Maharashtra,West,P019,Cushion Set,Home Decor,1,1200,0.05,1140.0,600,540.0
O00989,2025-02-10,C0094,Vikram Kapoor,Male,59,Delhi,Delhi,North,P014,T-Shirt,Fashion,3,1200,0.25,2700.0,1950,750.0
O00990,2025-04-24,C0168,Aarav Reddy,Male,49,Bhubaneswar,Odisha,East,P005,Office Chair,Furniture,1,8500,0.15,7225.0,6000,1225.0
O00991,2025-06-29,C0665,Arjun Joshi,Female,22,Bengaluru,Karnataka,South,P007,Bookshelf,Furniture,2,7000,0.1,12600.0,9600,3000.0
O00992,2025-07-13,C0946,Kavya Joshi,Male,36,Kolkata,West Bengal,East,P001,Laptop,Electronics,2,55000,0.25,82500.0,84000,-1500.0
O00993,2025-07-15,C0353,Ananya Shah,Female,42,Bhubaneswar,Odisha,East,P015,Jeans,Fashion,2,2500,0.05,4750.0,2800,1950.0
O00994,2025-12-14,C0220,Varun Sharma,Male,40,Bhubaneswar,Odisha,East,P001,Laptop,Electronics,1,55000,0.1,49500.0,42000,7500.0
O00995,2025-08-13,C0321,Ananya Gupta,Female,36,Kochi,Kerala,South,P018,Wall Clock,Home Decor,1,1500,0.15,1275.0,800,475.0
O00996,2025-11-27,C0220,Varun Sharma,Male,40,Bhubaneswar,Odisha,East,P003,Headphones,Electronics,1,2500,0.0,2500.0,1400,1100.0
O00997,2025-11-19,C0182,Meera Desai,Male,20,Pune,Maharashtra,West,P003,Headphones,Electronics,3,2500,0.15,6375.0,4200,2175.0
O00998,2025-09-18,C0470,Aditi Khan,Female,42,Mumbai,Maharashtra,West,P010,Yoga Mat,Sports,1,1200,0.0,1200.0,650,550.0
O00999,2025-04-26,C0011,Priya Patel,Male,47,Kochi,Kerala,South,P015,Jeans,Fashion,1,2500,0.05,2375.0,1400,975.0
O01000,2025-05-30,C0185,Pooja Khan,Female,38,Chennai,Tamil Nadu,South,P003,Headphones,Electronics,4,2500,0.05,9500.0,5600,3900.0
O01001,2025-04-28,C0537,Varun Nair,Female,35,Bengaluru,Karnataka,South,P009,Running Shoes,Sports,3,4500,0.2,10800.0,8100,2700.0
O01002,2025-06-14,C0022,Vikram Joshi,Female,49,Bengaluru,Karnataka,South,P010,Yoga Mat,Sports,1,1200,0.15,1020.0,650,370.0
O01003,2025-09-09,C0057,Vikram Reddy,Female,41,Jaipur,Rajasthan,North,P004,Smart Watch,Electronics,5,6500,0.15,27625.0,20000,7625.0
O01004,2025-09-24,C0211,Sneha Reddy,Female,57,Ahmedabad,Gujarat,West,P002,Smartphone,Electronics,2,28000,0.1,50400.0,43000,7400.0
O01005,2025-02-13,C0797,Varun Nair,Male,49,Ahmedabad,Gujarat,West,P017,Table Lamp,Home Decor,1,1800,0.05,1710.0,950,760.0
O01006,2025-06-30,C0652,Pooja Iyer,Male,40,Kolkata,West Bengal,East,P010,Yoga Mat,Sports,1,1200,0.1,1080.0,650,430.0
O01007,2025-03-18,C0015,Kavya Reddy,Female,20,Delhi,Delhi,North,P001,Laptop,Electronics,2,55000,0.1,99000.0,84000,15000.0
O01008,2025-04-26,C0384,Rahul Shah,Female,26,Chennai,Tamil Nadu,South,P016,Jacket,Fashion,2,4500,0.05,8550.0,5400,3150.0
O01009,2025-03-08,C0196,Rohan Desai,Female,25,Bengaluru,Karnataka,South,P020,Notebook Set,Stationery,1,500,0.15,425.0,220,205.0
O01010,2025-01-13,C0524,Aarav Khan,Female,58,Kolkata,West Bengal,East,P012,Air Fryer,Home Appliances,1,7500,0.05,7125.0,4800,2325.0
O01011,2025-04-02,C0602,Vikram Shah,Female,53,Delhi,Delhi,North,P010,Yoga Mat,Sports,1,1200,0.05,1140.0,650,490.0
O01012,2025-09-03,C0776,Kavya Kapoor,Female,18,Bhubaneswar,Odisha,East,P018,Wall Clock,Home Decor,2,1500,0.15,2550.0,1600,950.0
O01013,2025-09-24,C0361,Isha Nair,Male,54,Bengaluru,Karnataka,South,P020,Notebook Set,Stationery,1,500,0.15,425.0,220,205.0
O01014,2025-05-19,C0990,Ananya Gupta,Female,60,Kochi,Kerala,South,P015,Jeans,Fashion,1,2500,0.1,2250.0,1400,850.0
O01015,2025-12-07,C0962,Kavya Kapoor,Female,26,Bengaluru,Karnataka,South,P009,Running Shoes,Sports,2,4500,0.1,8100.0,5400,2700.0
O01016,2025-09-01,C0803,Rahul Gupta,Female,52,Bengaluru,Karnataka,South,P012,Air Fryer,Home Appliances,2,7500,0.1,13500.0,9600,3900.0
O01017,2025-12-07,C0451,Pooja Iyer,Female,49,Mumbai,Maharashtra,West,P014,T-Shirt,Fashion,2,1200,0.15,2040.0,1300,740.0
O01018,2025-09-30,C0295,Raj Singh,Female,51,Jaipur,Rajasthan,North,P004,Smart Watch,Electronics,1,6500,0.15,5525.0,4000,1525.0
O01019,2025-10-31,C0267,Neha Nair,Male,36,Pune,Maharashtra,West,P009,Running Shoes,Sports,1,4500,0.1,4050.0,2700,1350.0
O01020,2025-07-10,C0009,Aditi Khan,Female,26,Mumbai,Maharashtra,West,P017,Table Lamp,Home Decor,1,1800,0.25,1350.0,950,400.0
O01021,2025-04-07,C0177,Vikram Singh,Male,49,Chennai,Tamil Nadu,South,P013,Mixer Grinder,Home Appliances,4,4200,0.25,12600.0,10800,1800.0
O01022,2025-11-27,C0599,Varun Khan,Female,26,Bhubaneswar,Odisha,East,P009,Running Shoes,Sports,2,4500,0.1,8100.0,5400,2700.0
O01023,2025-07-24,C0479,Aarav Singh,Male,51,Bhubaneswar,Odisha,East,P014,T-Shirt,Fashion,1,1200,0.15,1020.0,650,370.0
O01024,2025-05-17,C0855,Sneha Joshi,Male,50,Kochi,Kerala,South,P003,Headphones,Electronics,1,2500,0.1,2250.0,1400,850.0
O01025,2025-03-18,C0034,Priya Gupta,Female,18,Ahmedabad,Gujarat,West,P008,Backpack,Accessories,2,2200,0.1,3960.0,2400,1560.0
O01026,2025-02-06,C0108,Aditi Reddy,Female,28,Chennai,Tamil Nadu,South,P016,Jacket,Fashion,2,4500,0.0,9000.0,5400,3600.0
O01027,2025-10-13,C0681,Amit Kapoor,Male,59,Bhubaneswar,Odisha,East,P004,Smart Watch,Electronics,1,6500,0.1,5850.0,4000,1850.0
O01028,2025-10-30,C0262,Karan Reddy,Male,34,Lucknow,Uttar Pradesh,North,P003,Headphones,Electronics,3,2500,0.2,6000.0,4200,1800.0
O01029,2025-05-15,C0082,Aditi Shah,Male,34,Jaipur,Rajasthan,North,P020,Notebook Set,Stationery,2,500,0.15,850.0,440,410.0
O01030,2025-05-22,C0993,Sneha Verma,Female,37,Kochi,Kerala,South,P004,Smart Watch,Electronics,2,6500,0.15,11050.0,8000,3050.0
O01031,2025-09-11,C0678,Neha Patel,Female,31,Kochi,Kerala,South,P005,Office Chair,Furniture,3,8500,0.05,24225.0,18000,6225.0
O01032,2025-02-17,C0304,Rahul Verma,Female,43,Kolkata,West Bengal,East,P020,Notebook Set,Stationery,2,500,0.1,900.0,440,460.0
O01033,2025-09-12,C0724,Arjun Patel,Male,39,Delhi,Delhi,North,P015,Jeans,Fashion,2,2500,0.05,4750.0,2800,1950.0
O01034,2025-05-14,C0558,Aditi Shah,Female,33,Bhubaneswar,Odisha,East,P014,T-Shirt,Fashion,4,1200,0.05,4560.0,2600,1960.0
O01035,2025-10-17,C0682,Ananya Shah,Female,37,Bengaluru,Karnataka,South,P018,Wall Clock,Home Decor,1,1500,0.1,1350.0,800,550.0
O01036,2025-07-27,C0713,Simran Iyer,Male,58,Hyderabad,Telangana,South,P002,Smartphone,Electronics,1,28000,0.1,25200.0,21500,3700.0
O01037,2025-04-11,C0058,Rohan Desai,Male,20,Bhubaneswar,Odisha,East,P014,T-Shirt,Fashion,3,1200,0.1,3240.0,1950,1290.0
O01038,2025-02-15,C0498,Ananya Verma,Female,58,Mumbai,Maharashtra,West,P010,Yoga Mat,Sports,2,1200,0.1,2160.0,1300,860.0
O01039,2025-03-11,C0005,Varun Joshi,Male,60,Pune,Maharashtra,West,P017,Table Lamp,Home Decor,4,1800,0.05,6840.0,3800,3040.0
O01040,2025-05-16,C0030,Pooja Sharma,Female,24,Lucknow,Uttar Pradesh,North,P010,Yoga Mat,Sports,1,1200,0.0,1200.0,650,550.0
O01041,2025-10-07,C0836,Neha Patel,Male,39,Bengaluru,Karnataka,South,P013,Mixer Grinder,Home Appliances,2,4200,0.2,6720.0,5400,1320.0
O01042,2025-03-08,C0407,Raj Iyer,Female,60,Kochi,Kerala,South,P010,Yoga Mat,Sports,1,1200,0.0,1200.0,650,550.0
O01043,2025-01-04,C0618,Nikhil Joshi,Female,46,Lucknow,Uttar Pradesh,North,P010,Yoga Mat,Sports,2,1200,0.0,2400.0,1300,1100.0
O01044,2025-08-12,C0743,Isha Joshi,Male,38,Jaipur,Rajasthan,North,P015,Jeans,Fashion,1,2500,0.15,2125.0,1400,725.0
O01045,2025-01-01,C0908,Pooja Patel,Female,33,Mumbai,Maharashtra,West,P013,Mixer Grinder,Home Appliances,1,4200,0.25,3150.0,2700,450.0
O01046,2025-10-17,C0785,Pooja Desai,Male,23,Chennai,Tamil Nadu,South,P013,Mixer Grinder,Home Appliances,1,4200,0.15,3570.0,2700,870.0
O01047,2025-04-19,C0368,Meera Iyer,Female,52,Delhi,Delhi,North,P009,Running Shoes,Sports,2,4500,0.0,9000.0,5400,3600.0
O01048,2025-09-22,C0244,Aditi Mehta,Male,33,Hyderabad,Telangana,South,P011,Coffee Maker,Home Appliances,1,5500,0.05,5225.0,3400,1825.0
O01049,2025-03-04,C0107,Nikhil Patel,Male,51,Delhi,Delhi,North,P015,Jeans,Fashion,1,2500,0.25,1875.0,1400,475.0
O01050,2025-09-23,C0297,Sneha Desai,Male,51,Kochi,Kerala,South,P017,Table Lamp,Home Decor,1,1800,0.15,1530.0,950,580.0
O01051,2025-05-18,C0269,Aditi Verma,Male,42,Lucknow,Uttar Pradesh,North,P014,T-Shirt,Fashion,1,1200,0.1,1080.0,650,430.0
O01052,2025-02-13,C0437,Nikhil Kapoor,Female,45,Pune,Maharashtra,West,P019,Cushion Set,Home Decor,4,1200,0.05,4560.0,2400,2160.0
O01053,2025-09-19,C0542,Aditi Kapoor,Male,47,Kolkata,West Bengal,East,P017,Table Lamp,Home Decor,1,1800,0.0,1800.0,950,850.0
O01054,2025-08-04,C0959,Simran Mehta,Female,18,Delhi,Delhi,North,P011,Coffee Maker,Home Appliances,1,5500,0.0,5500.0,3400,2100.0
O01055,2025-05-01,C0610,Nikhil Iyer,Male,59,Chennai,Tamil Nadu,South,P014,T-Shirt,Fashion,3,1200,0.1,3240.0,1950,1290.0
O01056,2025-06-01,C0519,Sneha Patel,Female,48,Lucknow,Uttar Pradesh,North,P019,Cushion Set,Home Decor,2,1200,0.0,2400.0,1200,1200.0
O01057,2025-08-01,C0244,Aditi Mehta,Male,33,Hyderabad,Telangana,South,P013,Mixer Grinder,Home Appliances,2,4200,0.25,6300.0,5400,900.0
O01058,2025-08-22,C0024,Pooja Patel,Male,50,Kolkata,West Bengal,East,P017,Table Lamp,Home Decor,2,1800,0.05,3420.0,1900,1520.0
O01059,2025-12-17,C0207,Raj Gupta,Male,18,Ahmedabad,Gujarat,West,P014,T-Shirt,Fashion,4,1200,0.15,4080.0,2600,1480.0
O01060,2025-04-21,C0656,Isha Patel,Female,58,Bhubaneswar,Odisha,East,P011,Coffee Maker,Home Appliances,1,5500,0.05,5225.0,3400,1825.0
O01061,2025-12-27,C0144,Simran Khan,Female,49,Ahmedabad,Gujarat,West,P004,Smart Watch,Electronics,5,6500,0.1,29250.0,20000,9250.0
O01062,2025-11-16,C0592,Pooja Khan,Female,56,Chennai,Tamil Nadu,South,P009,Running Shoes,Sports,3,4500,0.0,13500.0,8100,5400.0
O01063,2025-08-10,C0456,Karan Patel,Female,29,Jaipur,Rajasthan,North,P020,Notebook Set,Stationery,2,500,0.15,850.0,440,410.0
O01064,2025-08-14,C0120,Vikram Reddy,Female,25,Ahmedabad,Gujarat,West,P014,T-Shirt,Fashion,2,1200,0.1,2160.0,1300,860.0
O01065,2025-07-29,C0186,Meera Gupta,Female,33,Kochi,Kerala,South,P011,Coffee Maker,Home Appliances,2,5500,0.0,11000.0,6800,4200.0
O01066,2025-03-12,C0379,Priya Reddy,Female,53,Lucknow,Uttar Pradesh,North,P020,Notebook Set,Stationery,1,500,0.2,400.0,220,180.0
O01067,2025-12-26,C0312,Vikram Patel,Female,25,Bengaluru,Karnataka,South,P012,Air Fryer,Home Appliances,1,7500,0.1,6750.0,4800,1950.0
O01068,2025-03-30,C0668,Priya Kapoor,Male,52,Kolkata,West Bengal,East,P010,Yoga Mat,Sports,4,1200,0.2,3840.0,2600,1240.0
O01069,2025-09-19,C0617,Meera Singh,Male,44,Jaipur,Rajasthan,North,P015,Jeans,Fashion,2,2500,0.2,4000.0,2800,1200.0
O01070,2025-07-07,C0451,Pooja Iyer,Female,49,Mumbai,Maharashtra,West,P014,T-Shirt,Fashion,1,1200,0.2,960.0,650,310.0
O01071,2025-04-22,C0722,Kavya Desai,Male,37,Ahmedabad,Gujarat,West,P003,Headphones,Electronics,2,2500,0.0,5000.0,2800,2200.0
O01072,2025-08-27,C0440,Raj Desai,Male,57,Pune,Maharashtra,West,P010,Yoga Mat,Sports,2,1200,0.05,2280.0,1300,980.0
O01073,2025-09-13,C0934,Simran Sharma,Male,44,Hyderabad,Telangana,South,P010,Yoga Mat,Sports,1,1200,0.25,900.0,650,250.0
O01074,2025-05-30,C0153,Meera Patel,Male,44,Lucknow,Uttar Pradesh,North,P008,Backpack,Accessories,2,2200,0.1,3960.0,2400,1560.0
O01075,2025-05-07,C0594,Amit Joshi,Female,37,Chennai,Tamil Nadu,South,P010,Yoga Mat,Sports,2,1200,0.05,2280.0,1300,980.0
O01076,2025-11-15,C0272,Meera Nair,Male,34,Bengaluru,Karnataka,South,P009,Running Shoes,Sports,1,4500,0.15,3825.0,2700,1125.0
O01077,2025-10-01,C0200,Isha Kapoor,Male,47,Bengaluru,Karnataka,South,P004,Smart Watch,Electronics,4,6500,0.05,24700.0,16000,8700.0
O01078,2025-11-29,C0126,Simran Desai,Male,36,Bengaluru,Karnataka,South,P009,Running Shoes,Sports,1,4500,0.15,3825.0,2700,1125.0
O01079,2025-05-19,C0430,Varun Verma,Male,60,Kolkata,West Bengal,East,P002,Smartphone,Electronics,1,28000,0.15,23800.0,21500,2300.0
O01080,2025-04-13,C0152,Meera Kapoor,Male,32,Mumbai,Maharashtra,West,P012,Air Fryer,Home Appliances,1,7500,0.15,6375.0,4800,1575.0
O01081,2025-08-30,C0141,Vikram Desai,Female,34,Bengaluru,Karnataka,South,P018,Wall Clock,Home Decor,2,1500,0.05,2850.0,1600,1250.0
O01082,2025-04-27,C0982,Ananya Reddy,Male,21,Bhubaneswar,Odisha,East,P015,Jeans,Fashion,1,2500,0.1,2250.0,1400,850.0
O01083,2025-08-02,C0696,Rohan Shah,Female,20,Lucknow,Uttar Pradesh,North,P008,Backpack,Accessories,1,2200,0.1,1980.0,1200,780.0
O01084,2025-01-17,C0632,Aditi Gupta,Male,37,Kochi,Kerala,South,P002,Smartphone,Electronics,3,28000,0.1,75600.0,64500,11100.0
O01085,2025-06-28,C0687,Vikram Gupta,Male,36,Lucknow,Uttar Pradesh,North,P004,Smart Watch,Electronics,1,6500,0.05,6175.0,4000,2175.0
O01086,2025-08-12,C0942,Rohan Patel,Female,19,Kolkata,West Bengal,East,P011,Coffee Maker,Home Appliances,3,5500,0.1,14850.0,10200,4650.0
O01087,2025-09-27,C0450,Aditi Nair,Female,24,Kolkata,West Bengal,East,P004,Smart Watch,Electronics,2,6500,0.1,11700.0,8000,3700.0
O01088,2025-11-09,C0155,Vikram Mehta,Male,34,Ahmedabad,Gujarat,West,P011,Coffee Maker,Home Appliances,5,5500,0.1,24750.0,17000,7750.0
O01089,2025-12-15,C0775,Sneha Desai,Female,23,Ahmedabad,Gujarat,West,P004,Smart Watch,Electronics,2,6500,0.15,11050.0,8000,3050.0
O01090,2025-05-14,C0626,Varun Kapoor,Female,18,Ahmedabad,Gujarat,West,P018,Wall Clock,Home Decor,1,1500,0.1,1350.0,800,550.0
O01091,2025-04-24,C0308,Sneha Sharma,Male,55,Bhubaneswar,Odisha,East,P008,Backpack,Accessories,1,2200,0.05,2090.0,1200,890.0
O01092,2025-05-12,C0359,Aarav Singh,Male,36,Lucknow,Uttar Pradesh,North,P005,Office Chair,Furniture,3,8500,0.15,21675.0,18000,3675.0
O01093,2025-05-19,C0306,Meera Reddy,Male,49,Bhubaneswar,Odisha,East,P017,Table Lamp,Home Decor,3,1800,0.15,4590.0,2850,1740.0
O01094,2025-12-31,C0876,Sneha Mehta,Female,40,Chennai,Tamil Nadu,South,P007,Bookshelf,Furniture,1,7000,0.05,6650.0,4800,1850.0
O01095,2025-08-20,C0250,Isha Joshi,Female,48,Lucknow,Uttar Pradesh,North,P002,Smartphone,Electronics,2,28000,0.15,47600.0,43000,4600.0
O01096,2025-04-02,C0932,Sneha Desai,Male,23,Kochi,Kerala,South,P011,Coffee Maker,Home Appliances,1,5500,0.05,5225.0,3400,1825.0
O01097,2025-09-24,C0845,Kavya Mehta,Female,33,Delhi,Delhi,North,P012,Air Fryer,Home Appliances,4,7500,0.1,27000.0,19200,7800.0
O01098,2025-04-09,C0506,Arjun Sharma,Male,36,Kolkata,West Bengal,East,P014,T-Shirt,Fashion,4,1200,0.2,3840.0,2600,1240.0
O01099,2025-07-26,C0456,Karan Patel,Female,29,Jaipur,Rajasthan,North,P004,Smart Watch,Electronics,5,6500,0.2,26000.0,20000,6000.0
O01100,2025-01-08,C0272,Meera Nair,Male,34,Bengaluru,Karnataka,South,P009,Running Shoes,Sports,3,4500,0.1,12150.0,8100,4050.0
O01101,2025-11-17,C0013,Sneha Desai,Male,49,Lucknow,Uttar Pradesh,North,P005,Office Chair,Furniture,3,8500,0.15,21675.0,18000,3675.0
O01102,2025-04-03,C0088,Rohan Kapoor,Female,58,Mumbai,Maharashtra,West,P002,Smartphone,Electronics,1,28000,0.2,22400.0,21500,900.0
O01103,2025-06-07,C0639,Varun Kapoor,Male,43,Mumbai,Maharashtra,West,P018,Wall Clock,Home Decor,3,1500,0.25,3375.0,2400,975.0
O01104,2025-12-26,C0357,Ananya Iyer,Female,37,Delhi,Delhi,North,P015,Jeans,Fashion,2,2500,0.1,4500.0,2800,1700.0
O01105,2025-04-09,C0104,Arjun Sharma,Female,41,Hyderabad,Telangana,South,P006,Desk,Furniture,4,12000,0.1,43200.0,34000,9200.0
O01106,2025-08-13,C0188,Kavya Patel,Male,19,Mumbai,Maharashtra,West,P012,Air Fryer,Home Appliances,2,7500,0.1,13500.0,9600,3900.0
O01107,2025-12-06,C0905,Pooja Desai,Male,51,Kochi,Kerala,South,P004,Smart Watch,Electronics,1,6500,0.0,6500.0,4000,2500.0
O01108,2025-07-27,C0269,Aditi Verma,Male,42,Lucknow,Uttar Pradesh,North,P019,Cushion Set,Home Decor,2,1200,0.1,2160.0,1200,960.0
O01109,2025-03-14,C0841,Aarav Iyer,Female,20,Lucknow,Uttar Pradesh,North,P002,Smartphone,Electronics,2,28000,0.15,47600.0,43000,4600.0
O01110,2025-02-28,C0220,Varun Sharma,Male,40,Bhubaneswar,Odisha,East,P001,Laptop,Electronics,1,55000,0.15,46750.0,42000,4750.0
O01111,2025-10-14,C0422,Isha Iyer,Male,52,Pune,Maharashtra,West,P010,Yoga Mat,Sports,1,1200,0.2,960.0,650,310.0
O01112,2025-03-05,C0014,Nikhil Iyer,Male,20,Pune,Maharashtra,West,P012,Air Fryer,Home Appliances,2,7500,0.0,15000.0,9600,5400.0
O01113,2025-09-13,C0402,Amit Verma,Male,45,Kolkata,West Bengal,East,P012,Air Fryer,Home Appliances,1,7500,0.1,6750.0,4800,1950.0
O01114,2025-02-17,C0512,Simran Sharma,Male,48,Pune,Maharashtra,West,P001,Laptop,Electronics,1,55000,0.0,55000.0,42000,13000.0
O01115,2025-10-06,C0166,Neha Iyer,Female,34,Hyderabad,Telangana,South,P006,Desk,Furniture,1,12000,0.05,11400.0,8500,2900.0
O01116,2025-07-17,C0455,Raj Reddy,Male,24,Kolkata,West Bengal,East,P010,Yoga Mat,Sports,4,1200,0.2,3840.0,2600,1240.0
O01117,2025-06-07,C0523,Arjun Verma,Female,37,Kochi,Kerala,South,P004,Smart Watch,Electronics,2,6500,0.1,11700.0,8000,3700.0
O01118,2025-11-07,C0564,Simran Khan,Male,54,Ahmedabad,Gujarat,West,P018,Wall Clock,Home Decor,1,1500,0.15,1275.0,800,475.0
O01119,2025-01-07,C0665,Arjun Joshi,Female,22,Bengaluru,Karnataka,South,P002,Smartphone,Electronics,2,28000,0.0,56000.0,43000,13000.0
O01120,2025-09-05,C0225,Aarav Patel,Female,47,Chennai,Tamil Nadu,South,P010,Yoga Mat,Sports,2,1200,0.1,2160.0,1300,860.0
O01121,2025-08-20,C0445,Neha Sharma,Male,47,Hyderabad,Telangana,South,P014,T-Shirt,Fashion,1,1200,0.15,1020.0,650,370.0
O01122,2025-04-16,C0965,Sneha Nair,Male,18,Kochi,Kerala,South,P005,Office Chair,Furniture,1,8500,0.05,8075.0,6000,2075.0
O01123,2025-04-08,C0827,Rahul Shah,Male,33,Kolkata,West Bengal,East,P013,Mixer Grinder,Home Appliances,2,4200,0.05,7980.0,5400,2580.0
O01124,2025-09-25,C0913,Pooja Desai,Male,39,Bengaluru,Karnataka,South,P017,Table Lamp,Home Decor,1,1800,0.0,1800.0,950,850.0
O01125,2025-03-01,C0285,Nikhil Sharma,Male,39,Bhubaneswar,Odisha,East,P003,Headphones,Electronics,2,2500,0.15,4250.0,2800,1450.0
O01126,2025-11-04,C0678,Neha Patel,Female,31,Kochi,Kerala,South,P019,Cushion Set,Home Decor,1,1200,0.25,900.0,600,300.0
O01127,2025-05-20,C0495,Varun Nair,Female,49,Bhubaneswar,Odisha,East,P011,Coffee Maker,Home Appliances,1,5500,0.15,4675.0,3400,1275.0
O01128,2025-11-24,C0057,Vikram Reddy,Female,41,Jaipur,Rajasthan,North,P006,Desk,Furniture,4,12000,0.25,36000.0,34000,2000.0
O01129,2025-07-09,C0724,Arjun Patel,Male,39,Delhi,Delhi,North,P009,Running Shoes,Sports,1,4500,0.2,3600.0,2700,900.0
O01130,2025-05-05,C0554,Aarav Nair,Male,48,Hyderabad,Telangana,South,P006,Desk,Furniture,2,12000,0.2,19200.0,17000,2200.0
O01131,2025-06-12,C0140,Rahul Iyer,Male,23,Jaipur,Rajasthan,North,P015,Jeans,Fashion,1,2500,0.1,2250.0,1400,850.0
O01132,2025-03-01,C0055,Rahul Shah,Male,22,Bhubaneswar,Odisha,East,P016,Jacket,Fashion,1,4500,0.1,4050.0,2700,1350.0
O01133,2025-01-31,C0741,Vikram Nair,Male,33,Kolkata,West Bengal,East,P017,Table Lamp,Home Decor,1,1800,0.1,1620.0,950,670.0
O01134,2025-11-29,C0054,Aarav Iyer,Female,21,Mumbai,Maharashtra,West,P020,Notebook Set,Stationery,1,500,0.15,425.0,220,205.0
O01135,2025-03-17,C0063,Sneha Khan,Female,60,Kochi,Kerala,South,P016,Jacket,Fashion,1,4500,0.05,4275.0,2700,1575.0
O01136,2025-08-31,C0319,Rohan Desai,Male,18,Jaipur,Rajasthan,North,P012,Air Fryer,Home Appliances,1,7500,0.0,7500.0,4800,2700.0
O01137,2025-11-13,C0093,Neha Iyer,Female,20,Pune,Maharashtra,West,P007,Bookshelf,Furniture,2,7000,0.2,11200.0,9600,1600.0
O01138,2025-09-15,C0850,Kavya Shah,Male,22,Hyderabad,Telangana,South,P011,Coffee Maker,Home Appliances,2,5500,0.0,11000.0,6800,4200.0
O01139,2025-07-09,C0356,Rahul Desai,Female,38,Kolkata,West Bengal,East,P001,Laptop,Electronics,1,55000,0.25,41250.0,42000,-750.0
O01140,2025-11-11,C0446,Arjun Nair,Male,58,Delhi,Delhi,North,P015,Jeans,Fashion,3,2500,0.15,6375.0,4200,2175.0
O01141,2025-10-23,C0873,Aarav Gupta,Male,32,Bhubaneswar,Odisha,East,P009,Running Shoes,Sports,1,4500,0.05,4275.0,2700,1575.0
O01142,2025-06-26,C0410,Priya Sharma,Male,27,Pune,Maharashtra,West,P001,Laptop,Electronics,1,55000,0.15,46750.0,42000,4750.0
O01143,2025-10-15,C0258,Arjun Sharma,Male,46,Hyderabad,Telangana,South,P002,Smartphone,Electronics,2,28000,0.15,47600.0,43000,4600.0
O01144,2025-10-21,C0691,Sneha Joshi,Male,21,Pune,Maharashtra,West,P008,Backpack,Accessories,1,2200,0.05,2090.0,1200,890.0
O01145,2025-12-14,C0332,Aarav Verma,Male,29,Mumbai,Maharashtra,West,P012,Air Fryer,Home Appliances,1,7500,0.15,6375.0,4800,1575.0
O01146,2025-07-26,C0230,Arjun Reddy,Female,25,Hyderabad,Telangana,South,P010,Yoga Mat,Sports,1,1200,0.15,1020.0,650,370.0
O01147,2025-08-03,C0604,Vikram Verma,Female,45,Kochi,Kerala,South,P013,Mixer Grinder,Home Appliances,3,4200,0.05,11970.0,8100,3870.0
O01148,2025-12-10,C0696,Rohan Shah,Female,20,Lucknow,Uttar Pradesh,North,P010,Yoga Mat,Sports,2,1200,0.0,2400.0,1300,1100.0
O01149,2025-05-21,C0684,Rahul Iyer,Male,46,Hyderabad,Telangana,South,P014,T-Shirt,Fashion,1,1200,0.05,1140.0,650,490.0
O01150,2025-03-26,C0958,Rohan Iyer,Female,45,Hyderabad,Telangana,South,P004,Smart Watch,Electronics,1,6500,0.05,6175.0,4000,2175.0
O01151,2025-07-01,C0678,Neha Patel,Female,31,Kochi,Kerala,South,P002,Smartphone,Electronics,3,28000,0.0,84000.0,64500,19500.0
O01152,2025-11-28,C0658,Rohan Sharma,Male,18,Lucknow,Uttar Pradesh,North,P012,Air Fryer,Home Appliances,2,7500,0.15,12750.0,9600,3150.0
O01153,2025-05-08,C0769,Meera Verma,Female,41,Delhi,Delhi,North,P010,Yoga Mat,Sports,1,1200,0.1,1080.0,650,430.0
O01154,2025-09-26,C0001,Rohan Mehta,Male,41,Mumbai,Maharashtra,West,P001,Laptop,Electronics,1,55000,0.2,44000.0,42000,2000.0
O01155,2025-02-08,C0265,Arjun Joshi,Male,30,Kochi,Kerala,South,P008,Backpack,Accessories,1,2200,0.05,2090.0,1200,890.0
O01156,2025-01-23,C0620,Vikram Sharma,Female,30,Chennai,Tamil Nadu,South,P002,Smartphone,Electronics,2,28000,0.1,50400.0,43000,7400.0
O01157,2025-08-30,C0475,Simran Shah,Male,20,Chennai,Tamil Nadu,South,P011,Coffee Maker,Home Appliances,3,5500,0.1,14850.0,10200,4650.0
O01158,2025-04-17,C0124,Arjun Verma,Male,54,Pune,Maharashtra,West,P008,Backpack,Accessories,1,2200,0.2,1760.0,1200,560.0
O01159,2025-12-14,C0219,Kavya Kapoor,Male,57,Kochi,Kerala,South,P013,Mixer Grinder,Home Appliances,1,4200,0.1,3780.0,2700,1080.0
O01160,2025-05-22,C0245,Kavya Shah,Male,55,Chennai,Tamil Nadu,South,P016,Jacket,Fashion,3,4500,0.1,12150.0,8100,4050.0
O01161,2025-05-25,C0445,Neha Sharma,Male,47,Hyderabad,Telangana,South,P006,Desk,Furniture,2,12000,0.2,19200.0,17000,2200.0
O01162,2025-10-07,C0734,Varun Khan,Male,47,Mumbai,Maharashtra,West,P020,Notebook Set,Stationery,2,500,0.05,950.0,440,510.0
O01163,2025-09-02,C0880,Priya Verma,Male,46,Hyderabad,Telangana,South,P011,Coffee Maker,Home Appliances,1,5500,0.0,5500.0,3400,2100.0
O01164,2025-07-10,C0634,Priya Verma,Female,47,Chennai,Tamil Nadu,South,P013,Mixer Grinder,Home Appliances,2,4200,0.1,7560.0,5400,2160.0
O01165,2025-10-17,C0749,Meera Iyer,Female,27,Lucknow,Uttar Pradesh,North,P014,T-Shirt,Fashion,2,1200,0.15,2040.0,1300,740.0
O01166,2025-06-28,C0356,Rahul Desai,Female,38,Kolkata,West Bengal,East,P014,T-Shirt,Fashion,1,1200,0.0,1200.0,650,550.0
O01167,2025-04-22,C0288,Varun Sharma,Male,30,Chennai,Tamil Nadu,South,P010,Yoga Mat,Sports,5,1200,0.1,5400.0,3250,2150.0
O01168,2025-08-02,C0290,Vikram Verma,Male,25,Delhi,Delhi,North,P009,Running Shoes,Sports,3,4500,0.1,12150.0,8100,4050.0
O01169,2025-05-18,C0491,Nikhil Kapoor,Female,49,Bengaluru,Karnataka,South,P001,Laptop,Electronics,2,55000,0.2,88000.0,84000,4000.0
O01170,2025-07-19,C0086,Simran Kapoor,Male,22,Bhubaneswar,Odisha,East,P001,Laptop,Electronics,2,55000,0.05,104500.0,84000,20500.0
O01171,2025-01-07,C0456,Karan Patel,Female,29,Jaipur,Rajasthan,North,P008,Backpack,Accessories,1,2200,0.05,2090.0,1200,890.0
O01172,2025-12-12,C0541,Raj Joshi,Female,48,Chennai,Tamil Nadu,South,P007,Bookshelf,Furniture,1,7000,0.1,6300.0,4800,1500.0
O01173,2025-01-13,C0329,Simran Reddy,Male,30,Hyderabad,Telangana,South,P008,Backpack,Accessories,1,2200,0.1,1980.0,1200,780.0
O01174,2025-03-21,C0914,Pooja Joshi,Female,43,Bengaluru,Karnataka,South,P003,Headphones,Electronics,2,2500,0.15,4250.0,2800,1450.0
O01175,2025-10-13,C0484,Arjun Verma,Female,40,Hyderabad,Telangana,South,P015,Jeans,Fashion,1,2500,0.15,2125.0,1400,725.0
O01176,2025-06-08,C0155,Vikram Mehta,Male,34,Ahmedabad,Gujarat,West,P018,Wall Clock,Home Decor,3,1500,0.15,3825.0,2400,1425.0
O01177,2025-09-29,C0364,Priya Patel,Female,54,Bengaluru,Karnataka,South,P020,Notebook Set,Stationery,1,500,0.15,425.0,220,205.0
O01178,2025-07-20,C0552,Ananya Nair,Male,30,Ahmedabad,Gujarat,West,P010,Yoga Mat,Sports,2,1200,0.2,1920.0,1300,620.0
O01179,2025-05-30,C0234,Rahul Sharma,Male,49,Lucknow,Uttar Pradesh,North,P014,T-Shirt,Fashion,2,1200,0.1,2160.0,1300,860.0
O01180,2025-10-23,C0055,Rahul Shah,Male,22,Bhubaneswar,Odisha,East,P018,Wall Clock,Home Decor,2,1500,0.25,2250.0,1600,650.0
O01181,2025-10-20,C0460,Kavya Joshi,Male,53,Mumbai,Maharashtra,West,P009,Running Shoes,Sports,3,4500,0.05,12825.0,8100,4725.0
O01182,2025-11-30,C0905,Pooja Desai,Male,51,Kochi,Kerala,South,P006,Desk,Furniture,5,12000,0.15,51000.0,42500,8500.0
O01183,2025-09-29,C0369,Karan Singh,Male,35,Kochi,Kerala,South,P020,Notebook Set,Stationery,1,500,0.1,450.0,220,230.0
O01184,2025-02-12,C0839,Aarav Gupta,Female,24,Delhi,Delhi,North,P010,Yoga Mat,Sports,1,1200,0.15,1020.0,650,370.0
O01185,2025-11-15,C0739,Meera Desai,Female,53,Kolkata,West Bengal,East,P010,Yoga Mat,Sports,1,1200,0.1,1080.0,650,430.0
O01186,2025-01-15,C0102,Simran Reddy,Male,18,Kochi,Kerala,South,P003,Headphones,Electronics,2,2500,0.15,4250.0,2800,1450.0
O01187,2025-09-05,C0587,Rahul Khan,Male,49,Chennai,Tamil Nadu,South,P002,Smartphone,Electronics,1,28000,0.2,22400.0,21500,900.0
O01188,2025-06-21,C0326,Varun Joshi,Male,53,Chennai,Tamil Nadu,South,P017,Table Lamp,Home Decor,2,1800,0.15,3060.0,1900,1160.0
O01189,2025-08-06,C0178,Nikhil Kapoor,Female,39,Kolkata,West Bengal,East,P013,Mixer Grinder,Home Appliances,1,4200,0.15,3570.0,2700,870.0
O01190,2025-05-17,C0564,Simran Khan,Male,54,Ahmedabad,Gujarat,West,P007,Bookshelf,Furniture,2,7000,0.0,14000.0,9600,4400.0
O01191,2025-11-17,C0626,Varun Kapoor,Female,18,Ahmedabad,Gujarat,West,P003,Headphones,Electronics,2,2500,0.05,4750.0,2800,1950.0
O01192,2025-08-15,C0126,Simran Desai,Male,36,Bengaluru,Karnataka,South,P011,Coffee Maker,Home Appliances,2,5500,0.25,8250.0,6800,1450.0
O01193,2025-02-13,C0851,Amit Singh,Male,44,Delhi,Delhi,North,P012,Air Fryer,Home Appliances,2,7500,0.15,12750.0,9600,3150.0
O01194,2025-01-20,C0636,Neha Nair,Male,52,Hyderabad,Telangana,South,P004,Smart Watch,Electronics,1,6500,0.1,5850.0,4000,1850.0
O01195,2025-04-29,C0881,Amit Shah,Female,41,Mumbai,Maharashtra,West,P018,Wall Clock,Home Decor,1,1500,0.1,1350.0,800,550.0
O01196,2025-08-22,C0229,Rohan Singh,Male,52,Lucknow,Uttar Pradesh,North,P002,Smartphone,Electronics,2,28000,0.0,56000.0,43000,13000.0
O01197,2025-12-02,C0891,Amit Iyer,Male,23,Kochi,Kerala,South,P008,Backpack,Accessories,1,2200,0.1,1980.0,1200,780.0
O01198,2025-12-22,C0270,Vikram Joshi,Female,39,Chennai,Tamil Nadu,South,P014,T-Shirt,Fashion,3,1200,0.1,3240.0,1950,1290.0
O01199,2025-09-19,C0037,Sneha Patel,Female,46,Ahmedabad,Gujarat,West,P005,Office Chair,Furniture,3,8500,0.05,24225.0,18000,6225.0
O01200,2025-03-24,C0649,Raj Khan,Male,18,Chennai,Tamil Nadu,South,P017,Table Lamp,Home Decor,3,1800,0.05,5130.0,2850,2280.0
O01201,2025-01-31,C0582,Meera Desai,Male,25,Delhi,Delhi,North,P015,Jeans,Fashion,1,2500,0.1,2250.0,1400,850.0
O01202,2025-11-18,C0474,Rahul Gupta,Male,57,Mumbai,Maharashtra,West,P016,Jacket,Fashion,2,4500,0.1,8100.0,5400,2700.0
O01203,2025-10-01,C0373,Amit Singh,Male,24,Ahmedabad,Gujarat,West,P003,Headphones,Electronics,1,2500,0.05,2375.0,1400,975.0
O01204,2025-08-22,C0022,Vikram Joshi,Female,49,Bengaluru,Karnataka,South,P003,Headphones,Electronics,1,2500,0.1,2250.0,1400,850.0
O01205,2025-01-28,C0500,Simran Sharma,Female,43,Mumbai,Maharashtra,West,P006,Desk,Furniture,1,12000,0.2,9600.0,8500,1100.0
O01206,2025-09-09,C0310,Pooja Nair,Male,40,Kochi,Kerala,South,P010,Yoga Mat,Sports,1,1200,0.1,1080.0,650,430.0
O01207,2025-11-20,C0438,Karan Iyer,Female,33,Hyderabad,Telangana,South,P015,Jeans,Fashion,1,2500,0.2,2000.0,1400,600.0
O01208,2025-09-10,C0321,Ananya Gupta,Female,36,Kochi,Kerala,South,P017,Table Lamp,Home Decor,1,1800,0.2,1440.0,950,490.0
O01209,2025-08-27,C0937,Aarav Patel,Female,50,Hyderabad,Telangana,South,P014,T-Shirt,Fashion,4,1200,0.0,4800.0,2600,2200.0
O01210,2025-11-10,C0480,Priya Gupta,Male,51,Jaipur,Rajasthan,North,P020,Notebook Set,Stationery,1,500,0.0,500.0,220,280.0
O01211,2025-06-24,C0633,Nikhil Patel,Male,37,Jaipur,Rajasthan,North,P015,Jeans,Fashion,3,2500,0.1,6750.0,4200,2550.0
O01212,2025-07-13,C0886,Vikram Joshi,Female,43,Kochi,Kerala,South,P006,Desk,Furniture,1,12000,0.1,10800.0,8500,2300.0
O01213,2025-06-29,C0468,Raj Mehta,Male,50,Kolkata,West Bengal,East,P005,Office Chair,Furniture,1,8500,0.1,7650.0,6000,1650.0
O01214,2025-10-22,C0009,Aditi Khan,Female,26,Mumbai,Maharashtra,West,P014,T-Shirt,Fashion,2,1200,0.05,2280.0,1300,980.0
O01215,2025-08-03,C0024,Pooja Patel,Male,50,Kolkata,West Bengal,East,P003,Headphones,Electronics,2,2500,0.15,4250.0,2800,1450.0
O01216,2025-07-22,C0581,Karan Khan,Male,51,Jaipur,Rajasthan,North,P002,Smartphone,Electronics,1,28000,0.0,28000.0,21500,6500.0
O01217,2025-09-07,C0200,Isha Kapoor,Male,47,Bengaluru,Karnataka,South,P011,Coffee Maker,Home Appliances,1,5500,0.25,4125.0,3400,725.0
O01218,2025-12-28,C0456,Karan Patel,Female,29,Jaipur,Rajasthan,North,P017,Table Lamp,Home Decor,1,1800,0.05,1710.0,950,760.0
O01219,2025-09-14,C0142,Arjun Verma,Female,36,Delhi,Delhi,North,P002,Smartphone,Electronics,1,28000,0.2,22400.0,21500,900.0
O01220,2025-03-16,C0193,Kavya Joshi,Male,47,Mumbai,Maharashtra,West,P016,Jacket,Fashion,2,4500,0.0,9000.0,5400,3600.0
O01221,2025-12-10,C0387,Pooja Desai,Male,39,Hyderabad,Telangana,South,P017,Table Lamp,Home Decor,2,1800,0.05,3420.0,1900,1520.0
O01222,2025-07-21,C0954,Neha Khan,Female,53,Pune,Maharashtra,West,P010,Yoga Mat,Sports,1,1200,0.05,1140.0,650,490.0
O01223,2025-05-22,C0492,Priya Verma,Male,37,Delhi,Delhi,North,P002,Smartphone,Electronics,3,28000,0.25,63000.0,64500,-1500.0
O01224,2025-07-25,C0886,Vikram Joshi,Female,43,Kochi,Kerala,South,P003,Headphones,Electronics,1,2500,0.0,2500.0,1400,1100.0
O01225,2025-07-18,C0925,Raj Gupta,Female,37,Delhi,Delhi,North,P014,T-Shirt,Fashion,2,1200,0.1,2160.0,1300,860.0
O01226,2025-06-20,C0146,Simran Iyer,Male,53,Chennai,Tamil Nadu,South,P014,T-Shirt,Fashion,2,1200,0.2,1920.0,1300,620.0
O01227,2025-11-12,C0225,Aarav Patel,Female,47,Chennai,Tamil Nadu,South,P019,Cushion Set,Home Decor,4,1200,0.15,4080.0,2400,1680.0
O01228,2025-08-16,C0658,Rohan Sharma,Male,18,Lucknow,Uttar Pradesh,North,P012,Air Fryer,Home Appliances,1,7500,0.1,6750.0,4800,1950.0
O01229,2025-06-28,C0782,Meera Kapoor,Female,46,Ahmedabad,Gujarat,West,P003,Headphones,Electronics,2,2500,0.25,3750.0,2800,950.0
O01230,2025-10-02,C0400,Raj Singh,Female,23,Lucknow,Uttar Pradesh,North,P003,Headphones,Electronics,1,2500,0.2,2000.0,1400,600.0
O01231,2025-03-03,C0987,Ananya Shah,Female,36,Chennai,Tamil Nadu,South,P015,Jeans,Fashion,2,2500,0.1,4500.0,2800,1700.0
O01232,2025-11-23,C0008,Arjun Gupta,Female,52,Kolkata,West Bengal,East,P003,Headphones,Electronics,1,2500,0.1,2250.0,1400,850.0
O01233,2025-07-23,C0216,Neha Mehta,Male,53,Pune,Maharashtra,West,P007,Bookshelf,Furniture,1,7000,0.25,5250.0,4800,450.0
O01234,2025-05-13,C0499,Simran Sharma,Male,34,Ahmedabad,Gujarat,West,P010,Yoga Mat,Sports,3,1200,0.25,2700.0,1950,750.0
O01235,2025-03-13,C0355,Meera Reddy,Male,26,Kochi,Kerala,South,P001,Laptop,Electronics,1,55000,0.1,49500.0,42000,7500.0
O01236,2025-03-19,C0080,Rohan Iyer,Male,46,Lucknow,Uttar Pradesh,North,P005,Office Chair,Furniture,3,8500,0.2,20400.0,18000,2400.0
O01237,2025-07-08,C0270,Vikram Joshi,Female,39,Chennai,Tamil Nadu,South,P009,Running Shoes,Sports,3,4500,0.05,12825.0,8100,4725.0
O01238,2025-12-22,C0018,Varun Reddy,Female,58,Pune,Maharashtra,West,P005,Office Chair,Furniture,2,8500,0.1,15300.0,12000,3300.0
O01239,2025-03-12,C0518,Nikhil Singh,Female,41,Ahmedabad,Gujarat,West,P003,Headphones,Electronics,1,2500,0.05,2375.0,1400,975.0
O01240,2025-09-20,C0819,Vikram Verma,Female,44,Ahmedabad,Gujarat,West,P015,Jeans,Fashion,1,2500,0.05,2375.0,1400,975.0
O01241,2025-11-02,C0807,Nikhil Nair,Male,31,Mumbai,Maharashtra,West,P017,Table Lamp,Home Decor,5,1800,0.15,7650.0,4750,2900.0
O01242,2025-02-15,C0578,Raj Shah,Male,60,Chennai,Tamil Nadu,South,P005,Office Chair,Furniture,1,8500,0.1,7650.0,6000,1650.0
O01243,2025-08-12,C0352,Neha Shah,Male,21,Ahmedabad,Gujarat,West,P016,Jacket,Fashion,2,4500,0.05,8550.0,5400,3150.0
O01244,2025-11-24,C0393,Neha Joshi,Male,41,Chennai,Tamil Nadu,South,P008,Backpack,Accessories,2,2200,0.1,3960.0,2400,1560.0
O01245,2025-09-07,C0095,Rahul Sharma,Male,51,Jaipur,Rajasthan,North,P010,Yoga Mat,Sports,4,1200,0.1,4320.0,2600,1720.0
O01246,2025-03-17,C0248,Rahul Nair,Male,43,Mumbai,Maharashtra,West,P018,Wall Clock,Home Decor,3,1500,0.25,3375.0,2400,975.0
O01247,2025-03-15,C0131,Meera Joshi,Female,38,Kochi,Kerala,South,P015,Jeans,Fashion,2,2500,0.2,4000.0,2800,1200.0
O01248,2025-05-22,C0721,Amit Khan,Male,38,Mumbai,Maharashtra,West,P016,Jacket,Fashion,1,4500,0.1,4050.0,2700,1350.0
O01249,2025-03-14,C0852,Rohan Patel,Male,29,Bengaluru,Karnataka,South,P003,Headphones,Electronics,1,2500,0.2,2000.0,1400,600.0
O01250,2025-04-12,C0416,Nikhil Reddy,Male,19,Jaipur,Rajasthan,North,P002,Smartphone,Electronics,1,28000,0.1,25200.0,21500,3700.0
O01251,2025-04-04,C0609,Aditi Iyer,Male,41,Chennai,Tamil Nadu,South,P019,Cushion Set,Home Decor,3,1200,0.15,3060.0,1800,1260.0
O01252,2025-03-10,C0084,Priya Reddy,Female,39,Ahmedabad,Gujarat,West,P008,Backpack,Accessories,2,2200,0.25,3300.0,2400,900.0
O01253,2025-03-06,C0484,Arjun Verma,Female,40,Hyderabad,Telangana,South,P006,Desk,Furniture,2,12000,0.1,21600.0,17000,4600.0
O01254,2025-07-12,C0581,Karan Khan,Male,51,Jaipur,Rajasthan,North,P015,Jeans,Fashion,2,2500,0.15,4250.0,2800,1450.0
O01255,2025-03-03,C0341,Amit Reddy,Male,27,Bhubaneswar,Odisha,East,P017,Table Lamp,Home Decor,2,1800,0.05,3420.0,1900,1520.0
O01256,2025-01-20,C0172,Ananya Verma,Male,20,Lucknow,Uttar Pradesh,North,P018,Wall Clock,Home Decor,1,1500,0.05,1425.0,800,625.0
O01257,2025-08-29,C0797,Varun Nair,Male,49,Ahmedabad,Gujarat,West,P006,Desk,Furniture,1,12000,0.1,10800.0,8500,2300.0
O01258,2025-07-22,C0626,Varun Kapoor,Female,18,Ahmedabad,Gujarat,West,P018,Wall Clock,Home Decor,1,1500,0.25,1125.0,800,325.0
O01259,2025-10-27,C0829,Rahul Reddy,Male,27,Lucknow,Uttar Pradesh,North,P001,Laptop,Electronics,2,55000,0.1,99000.0,84000,15000.0
O01260,2025-07-14,C0717,Aditi Singh,Female,57,Bengaluru,Karnataka,South,P001,Laptop,Electronics,1,55000,0.2,44000.0,42000,2000.0
O01261,2025-03-03,C0982,Ananya Reddy,Male,21,Bhubaneswar,Odisha,East,P013,Mixer Grinder,Home Appliances,2,4200,0.2,6720.0,5400,1320.0
O01262,2025-04-17,C0135,Isha Desai,Male,22,Bengaluru,Karnataka,South,P002,Smartphone,Electronics,2,28000,0.05,53200.0,43000,10200.0
O01263,2025-05-05,C0059,Neha Reddy,Male,28,Mumbai,Maharashtra,West,P007,Bookshelf,Furniture,1,7000,0.1,6300.0,4800,1500.0
O01264,2025-10-28,C0245,Kavya Shah,Male,55,Chennai,Tamil Nadu,South,P014,T-Shirt,Fashion,1,1200,0.15,1020.0,650,370.0
O01265,2025-09-24,C0089,Aarav Sharma,Female,30,Bengaluru,Karnataka,South,P007,Bookshelf,Furniture,1,7000,0.1,6300.0,4800,1500.0
O01266,2025-07-21,C0403,Rohan Gupta,Female,57,Delhi,Delhi,North,P003,Headphones,Electronics,1,2500,0.0,2500.0,1400,1100.0
O01267,2025-06-11,C0508,Kavya Singh,Female,30,Chennai,Tamil Nadu,South,P005,Office Chair,Furniture,2,8500,0.25,12750.0,12000,750.0
O01268,2025-12-10,C0455,Raj Reddy,Male,24,Kolkata,West Bengal,East,P009,Running Shoes,Sports,1,4500,0.15,3825.0,2700,1125.0
O01269,2025-10-29,C0185,Pooja Khan,Female,38,Chennai,Tamil Nadu,South,P010,Yoga Mat,Sports,3,1200,0.1,3240.0,1950,1290.0
O01270,2025-04-22,C0843,Karan Iyer,Female,36,Ahmedabad,Gujarat,West,P016,Jacket,Fashion,2,4500,0.1,8100.0,5400,2700.0
O01271,2025-12-03,C0015,Kavya Reddy,Female,20,Delhi,Delhi,North,P015,Jeans,Fashion,1,2500,0.0,2500.0,1400,1100.0
O01272,2025-02-01,C0254,Arjun Reddy,Male,25,Chennai,Tamil Nadu,South,P009,Running Shoes,Sports,2,4500,0.1,8100.0,5400,2700.0
O01273,2025-04-08,C0599,Varun Khan,Female,26,Bhubaneswar,Odisha,East,P017,Table Lamp,Home Decor,2,1800,0.2,2880.0,1900,980.0
O01274,2025-09-04,C0654,Simran Singh,Male,28,Mumbai,Maharashtra,West,P002,Smartphone,Electronics,2,28000,0.2,44800.0,43000,1800.0
O01275,2025-09-18,C0310,Pooja Nair,Male,40,Kochi,Kerala,South,P005,Office Chair,Furniture,1,8500,0.05,8075.0,6000,2075.0
O01276,2025-07-10,C0012,Aarav Reddy,Female,51,Mumbai,Maharashtra,West,P017,Table Lamp,Home Decor,1,1800,0.1,1620.0,950,670.0
O01277,2025-01-29,C0493,Aditi Iyer,Male,28,Ahmedabad,Gujarat,West,P008,Backpack,Accessories,1,2200,0.15,1870.0,1200,670.0
O01278,2025-02-17,C0043,Isha Nair,Male,48,Kolkata,West Bengal,East,P020,Notebook Set,Stationery,1,500,0.1,450.0,220,230.0
O01279,2025-09-07,C0074,Simran Nair,Male,52,Bengaluru,Karnataka,South,P010,Yoga Mat,Sports,3,1200,0.0,3600.0,1950,1650.0
O01280,2025-08-14,C0526,Vikram Singh,Female,50,Bhubaneswar,Odisha,East,P016,Jacket,Fashion,2,4500,0.1,8100.0,5400,2700.0
O01281,2025-09-29,C0226,Isha Desai,Male,48,Chennai,Tamil Nadu,South,P008,Backpack,Accessories,4,2200,0.1,7920.0,4800,3120.0
O01282,2025-06-02,C0254,Arjun Reddy,Male,25,Chennai,Tamil Nadu,South,P009,Running Shoes,Sports,1,4500,0.0,4500.0,2700,1800.0
O01283,2025-11-24,C0371,Aarav Patel,Male,52,Delhi,Delhi,North,P008,Backpack,Accessories,1,2200,0.0,2200.0,1200,1000.0
O01284,2025-10-12,C0959,Simran Mehta,Female,18,Delhi,Delhi,North,P015,Jeans,Fashion,2,2500,0.05,4750.0,2800,1950.0
O01285,2025-06-29,C0936,Meera Reddy,Male,26,Chennai,Tamil Nadu,South,P011,Coffee Maker,Home Appliances,1,5500,0.1,4950.0,3400,1550.0
O01286,2025-10-29,C0310,Pooja Nair,Male,40,Kochi,Kerala,South,P020,Notebook Set,Stationery,1,500,0.1,450.0,220,230.0
O01287,2025-06-02,C0189,Nikhil Khan,Male,58,Mumbai,Maharashtra,West,P005,Office Chair,Furniture,2,8500,0.05,16150.0,12000,4150.0
O01288,2025-08-22,C0218,Meera Reddy,Female,19,Kolkata,West Bengal,East,P002,Smartphone,Electronics,1,28000,0.05,26600.0,21500,5100.0
O01289,2025-01-23,C0192,Isha Joshi,Female,47,Ahmedabad,Gujarat,West,P008,Backpack,Accessories,2,2200,0.2,3520.0,2400,1120.0
O01290,2025-04-04,C0412,Kavya Verma,Male,30,Pune,Maharashtra,West,P013,Mixer Grinder,Home Appliances,1,4200,0.05,3990.0,2700,1290.0
O01291,2025-09-02,C0482,Amit Kapoor,Female,30,Hyderabad,Telangana,South,P018,Wall Clock,Home Decor,2,1500,0.1,2700.0,1600,1100.0
O01292,2025-10-17,C0372,Raj Sharma,Male,58,Bhubaneswar,Odisha,East,P007,Bookshelf,Furniture,3,7000,0.25,15750.0,14400,1350.0
O01293,2025-06-09,C0303,Rohan Kapoor,Female,46,Bhubaneswar,Odisha,East,P013,Mixer Grinder,Home Appliances,1,4200,0.1,3780.0,2700,1080.0
O01294,2025-10-12,C0149,Neha Mehta,Female,50,Jaipur,Rajasthan,North,P008,Backpack,Accessories,4,2200,0.15,7480.0,4800,2680.0
O01295,2025-01-09,C0367,Aditi Shah,Male,58,Chennai,Tamil Nadu,South,P013,Mixer Grinder,Home Appliances,2,4200,0.1,7560.0,5400,2160.0
O01296,2025-07-04,C0248,Rahul Nair,Male,43,Mumbai,Maharashtra,West,P019,Cushion Set,Home Decor,4,1200,0.0,4800.0,2400,2400.0
O01297,2025-10-22,C0420,Aditi Nair,Male,31,Bhubaneswar,Odisha,East,P004,Smart Watch,Electronics,1,6500,0.15,5525.0,4000,1525.0
O01298,2025-05-15,C0552,Ananya Nair,Male,30,Ahmedabad,Gujarat,West,P008,Backpack,Accessories,2,2200,0.1,3960.0,2400,1560.0
O01299,2025-04-20,C0509,Kavya Reddy,Female,25,Lucknow,Uttar Pradesh,North,P020,Notebook Set,Stationery,1,500,0.0,500.0,220,280.0
O01300,2025-03-10,C0349,Amit Reddy,Male,41,Pune,Maharashtra,West,P018,Wall Clock,Home Decor,2,1500,0.1,2700.0,1600,1100.0
O01301,2025-05-16,C0434,Rahul Desai,Male,55,Jaipur,Rajasthan,North,P011,Coffee Maker,Home Appliances,2,5500,0.2,8800.0,6800,2000.0
O01302,2025-04-06,C0204,Varun Desai,Female,53,Pune,Maharashtra,West,P010,Yoga Mat,Sports,1,1200,0.05,1140.0,650,490.0
O01303,2025-04-29,C0017,Raj Kapoor,Female,32,Chennai,Tamil Nadu,South,P005,Office Chair,Furniture,3,8500,0.1,22950.0,18000,4950.0
O01304,2025-10-01,C0500,Simran Sharma,Female,43,Mumbai,Maharashtra,West,P010,Yoga Mat,Sports,1,1200,0.1,1080.0,650,430.0
O01305,2025-12-24,C0180,Aarav Mehta,Female,39,Ahmedabad,Gujarat,West,P017,Table Lamp,Home Decor,1,1800,0.15,1530.0,950,580.0
O01306,2025-12-04,C0545,Varun Gupta,Male,23,Chennai,Tamil Nadu,South,P014,T-Shirt,Fashion,2,1200,0.15,2040.0,1300,740.0
O01307,2025-06-26,C0631,Varun Patel,Male,20,Bengaluru,Karnataka,South,P006,Desk,Furniture,2,12000,0.15,20400.0,17000,3400.0
O01308,2025-12-27,C0854,Pooja Nair,Male,23,Pune,Maharashtra,West,P004,Smart Watch,Electronics,1,6500,0.1,5850.0,4000,1850.0
O01309,2025-08-25,C0923,Meera Kapoor,Male,37,Delhi,Delhi,North,P005,Office Chair,Furniture,1,8500,0.0,8500.0,6000,2500.0
O01310,2025-09-29,C0008,Arjun Gupta,Female,52,Kolkata,West Bengal,East,P003,Headphones,Electronics,4,2500,0.1,9000.0,5600,3400.0
O01311,2025-10-04,C0982,Ananya Reddy,Male,21,Bhubaneswar,Odisha,East,P002,Smartphone,Electronics,2,28000,0.15,47600.0,43000,4600.0
O01312,2025-05-18,C0560,Kavya Sharma,Female,52,Jaipur,Rajasthan,North,P009,Running Shoes,Sports,1,4500,0.15,3825.0,2700,1125.0
O01313,2025-12-28,C0519,Sneha Patel,Female,48,Lucknow,Uttar Pradesh,North,P002,Smartphone,Electronics,1,28000,0.25,21000.0,21500,-500.0
O01314,2025-05-12,C0011,Priya Patel,Male,47,Kochi,Kerala,South,P003,Headphones,Electronics,4,2500,0.1,9000.0,5600,3400.0
O01315,2025-02-13,C0774,Isha Khan,Female,56,Lucknow,Uttar Pradesh,North,P011,Coffee Maker,Home Appliances,2,5500,0.1,9900.0,6800,3100.0
O01316,2025-05-03,C0101,Nikhil Shah,Male,21,Chennai,Tamil Nadu,South,P003,Headphones,Electronics,3,2500,0.1,6750.0,4200,2550.0
O01317,2025-05-16,C0742,Raj Shah,Female,39,Bengaluru,Karnataka,South,P002,Smartphone,Electronics,1,28000,0.05,26600.0,21500,5100.0
O01318,2025-05-06,C0011,Priya Patel,Male,47,Kochi,Kerala,South,P006,Desk,Furniture,2,12000,0.1,21600.0,17000,4600.0
O01319,2025-10-02,C0522,Aditi Reddy,Male,22,Lucknow,Uttar Pradesh,North,P004,Smart Watch,Electronics,2,6500,0.1,11700.0,8000,3700.0
O01320,2025-03-05,C0326,Varun Joshi,Male,53,Chennai,Tamil Nadu,South,P010,Yoga Mat,Sports,1,1200,0.25,900.0,650,250.0
O01321,2025-10-23,C0141,Vikram Desai,Female,34,Bengaluru,Karnataka,South,P002,Smartphone,Electronics,2,28000,0.1,50400.0,43000,7400.0
O01322,2025-08-20,C0074,Simran Nair,Male,52,Bengaluru,Karnataka,South,P015,Jeans,Fashion,2,2500,0.25,3750.0,2800,950.0
O01323,2025-02-20,C0330,Neha Nair,Male,36,Chennai,Tamil Nadu,South,P019,Cushion Set,Home Decor,1,1200,0.1,1080.0,600,480.0
O01324,2025-05-17,C0085,Sneha Reddy,Female,21,Kochi,Kerala,South,P015,Jeans,Fashion,3,2500,0.05,7125.0,4200,2925.0
O01325,2025-06-07,C0370,Aarav Gupta,Female,31,Jaipur,Rajasthan,North,P011,Coffee Maker,Home Appliances,3,5500,0.05,15675.0,10200,5475.0
O01326,2025-02-25,C0501,Sneha Sharma,Male,24,Delhi,Delhi,North,P018,Wall Clock,Home Decor,3,1500,0.05,4275.0,2400,1875.0
O01327,2025-03-22,C0729,Rahul Reddy,Male,53,Ahmedabad,Gujarat,West,P014,T-Shirt,Fashion,3,1200,0.1,3240.0,1950,1290.0
O01328,2025-08-20,C0556,Aarav Kapoor,Male,23,Jaipur,Rajasthan,North,P001,Laptop,Electronics,1,55000,0.0,55000.0,42000,13000.0
O01329,2025-11-22,C0045,Karan Desai,Male,28,Mumbai,Maharashtra,West,P008,Backpack,Accessories,1,2200,0.1,1980.0,1200,780.0
O01330,2025-05-08,C0222,Rahul Shah,Male,51,Lucknow,Uttar Pradesh,North,P018,Wall Clock,Home Decor,3,1500,0.25,3375.0,2400,975.0
O01331,2025-05-06,C0207,Raj Gupta,Male,18,Ahmedabad,Gujarat,West,P007,Bookshelf,Furniture,1,7000,0.15,5950.0,4800,1150.0
O01332,2025-11-13,C0852,Rohan Patel,Male,29,Bengaluru,Karnataka,South,P001,Laptop,Electronics,1,55000,0.15,46750.0,42000,4750.0
O01333,2025-03-21,C0783,Rahul Desai,Male,26,Hyderabad,Telangana,South,P015,Jeans,Fashion,2,2500,0.0,5000.0,2800,2200.0
O01334,2025-12-23,C0272,Meera Nair,Male,34,Bengaluru,Karnataka,South,P016,Jacket,Fashion,1,4500,0.1,4050.0,2700,1350.0
O01335,2025-11-29,C0049,Aarav Reddy,Male,51,Bhubaneswar,Odisha,East,P003,Headphones,Electronics,2,2500,0.05,4750.0,2800,1950.0
O01336,2025-06-24,C0821,Kavya Desai,Female,23,Pune,Maharashtra,West,P011,Coffee Maker,Home Appliances,1,5500,0.2,4400.0,3400,1000.0
O01337,2025-05-25,C0812,Priya Nair,Male,36,Chennai,Tamil Nadu,South,P003,Headphones,Electronics,1,2500,0.05,2375.0,1400,975.0
O01338,2025-05-06,C0765,Aditi Joshi,Male,42,Kochi,Kerala,South,P015,Jeans,Fashion,4,2500,0.1,9000.0,5600,3400.0
O01339,2025-07-01,C0752,Arjun Patel,Female,26,Bengaluru,Karnataka,South,P005,Office Chair,Furniture,2,8500,0.1,15300.0,12000,3300.0
O01340,2025-08-07,C0365,Varun Singh,Female,56,Bengaluru,Karnataka,South,P006,Desk,Furniture,3,12000,0.1,32400.0,25500,6900.0
O01341,2025-10-05,C0124,Arjun Verma,Male,54,Pune,Maharashtra,West,P017,Table Lamp,Home Decor,2,1800,0.15,3060.0,1900,1160.0
O01342,2025-03-24,C0362,Karan Kapoor,Male,59,Jaipur,Rajasthan,North,P010,Yoga Mat,Sports,3,1200,0.05,3420.0,1950,1470.0
O01343,2025-05-21,C0378,Isha Joshi,Female,30,Lucknow,Uttar Pradesh,North,P014,T-Shirt,Fashion,2,1200,0.1,2160.0,1300,860.0
O01344,2025-11-30,C0373,Amit Singh,Male,24,Ahmedabad,Gujarat,West,P008,Backpack,Accessories,2,2200,0.15,3740.0,2400,1340.0
O01345,2025-04-05,C0418,Rahul Patel,Male,34,Lucknow,Uttar Pradesh,North,P006,Desk,Furniture,4,12000,0.1,43200.0,34000,9200.0
O01346,2025-12-31,C0183,Kavya Gupta,Female,27,Pune,Maharashtra,West,P013,Mixer Grinder,Home Appliances,1,4200,0.1,3780.0,2700,1080.0
O01347,2025-07-13,C0269,Aditi Verma,Male,42,Lucknow,Uttar Pradesh,North,P003,Headphones,Electronics,4,2500,0.0,10000.0,5600,4400.0
O01348,2025-04-20,C0325,Kavya Shah,Female,21,Lucknow,Uttar Pradesh,North,P008,Backpack,Accessories,1,2200,0.15,1870.0,1200,670.0
O01349,2025-02-21,C0091,Vikram Verma,Female,39,Delhi,Delhi,North,P004,Smart Watch,Electronics,2,6500,0.25,9750.0,8000,1750.0
O01350,2025-04-13,C0343,Arjun Verma,Female,38,Kochi,Kerala,South,P014,T-Shirt,Fashion,1,1200,0.1,1080.0,650,430.0
O01351,2025-04-11,C0707,Aditi Joshi,Male,20,Bhubaneswar,Odisha,East,P020,Notebook Set,Stationery,2,500,0.2,800.0,440,360.0
O01352,2025-05-22,C0730,Nikhil Nair,Female,58,Ahmedabad,Gujarat,West,P020,Notebook Set,Stationery,2,500,0.1,900.0,440,460.0
O01353,2025-07-20,C0306,Meera Reddy,Male,49,Bhubaneswar,Odisha,East,P009,Running Shoes,Sports,5,4500,0.05,21375.0,13500,7875.0
O01354,2025-11-15,C0399,Nikhil Joshi,Female,45,Ahmedabad,Gujarat,West,P005,Office Chair,Furniture,4,8500,0.0,34000.0,24000,10000.0
O01355,2025-07-18,C0023,Meera Mehta,Male,53,Chennai,Tamil Nadu,South,P009,Running Shoes,Sports,4,4500,0.15,15300.0,10800,4500.0
O01356,2025-10-11,C0551,Rohan Iyer,Male,28,Kochi,Kerala,South,P017,Table Lamp,Home Decor,1,1800,0.1,1620.0,950,670.0
O01357,2025-08-05,C0300,Isha Desai,Female,29,Pune,Maharashtra,West,P004,Smart Watch,Electronics,5,6500,0.15,27625.0,20000,7625.0
O01358,2025-02-15,C0335,Aarav Gupta,Female,40,Bhubaneswar,Odisha,East,P020,Notebook Set,Stationery,1,500,0.15,425.0,220,205.0
O01359,2025-01-28,C0791,Pooja Khan,Female,18,Chennai,Tamil Nadu,South,P007,Bookshelf,Furniture,3,7000,0.25,15750.0,14400,1350.0
O01360,2025-01-02,C0349,Amit Reddy,Male,41,Pune,Maharashtra,West,P020,Notebook Set,Stationery,1,500,0.1,450.0,220,230.0
O01361,2025-01-17,C0015,Kavya Reddy,Female,20,Delhi,Delhi,North,P017,Table Lamp,Home Decor,2,1800,0.1,3240.0,1900,1340.0
O01362,2025-11-11,C0161,Aarav Reddy,Female,24,Kochi,Kerala,South,P017,Table Lamp,Home Decor,4,1800,0.05,6840.0,3800,3040.0
O01363,2025-03-18,C0361,Isha Nair,Male,54,Bengaluru,Karnataka,South,P006,Desk,Furniture,4,12000,0.1,43200.0,34000,9200.0
O01364,2025-06-14,C0317,Aarav Gupta,Male,45,Kochi,Kerala,South,P001,Laptop,Electronics,2,55000,0.2,88000.0,84000,4000.0
O01365,2025-04-07,C0773,Sneha Desai,Male,49,Hyderabad,Telangana,South,P008,Backpack,Accessories,3,2200,0.0,6600.0,3600,3000.0
O01366,2025-04-15,C0421,Amit Iyer,Female,27,Jaipur,Rajasthan,North,P006,Desk,Furniture,1,12000,0.25,9000.0,8500,500.0
O01367,2025-01-24,C0567,Raj Mehta,Female,36,Kolkata,West Bengal,East,P001,Laptop,Electronics,2,55000,0.25,82500.0,84000,-1500.0
O01368,2025-07-19,C0355,Meera Reddy,Male,26,Kochi,Kerala,South,P010,Yoga Mat,Sports,2,1200,0.1,2160.0,1300,860.0
O01369,2025-02-04,C0330,Neha Nair,Male,36,Chennai,Tamil Nadu,South,P008,Backpack,Accessories,1,2200,0.05,2090.0,1200,890.0
O01370,2025-01-02,C0335,Aarav Gupta,Female,40,Bhubaneswar,Odisha,East,P013,Mixer Grinder,Home Appliances,1,4200,0.05,3990.0,2700,1290.0
O01371,2025-10-16,C0305,Amit Iyer,Male,35,Bengaluru,Karnataka,South,P013,Mixer Grinder,Home Appliances,1,4200,0.05,3990.0,2700,1290.0
O01372,2025-11-28,C0417,Simran Khan,Male,39,Pune,Maharashtra,West,P003,Headphones,Electronics,2,2500,0.0,5000.0,2800,2200.0
O01373,2025-12-08,C0178,Nikhil Kapoor,Female,39,Kolkata,West Bengal,East,P020,Notebook Set,Stationery,1,500,0.1,450.0,220,230.0
O01374,2025-05-18,C0816,Aditi Iyer,Female,36,Pune,Maharashtra,West,P003,Headphones,Electronics,1,2500,0.0,2500.0,1400,1100.0
O01375,2025-12-03,C0242,Kavya Gupta,Female,51,Kolkata,West Bengal,East,P009,Running Shoes,Sports,1,4500,0.15,3825.0,2700,1125.0
O01376,2025-03-03,C0102,Simran Reddy,Male,18,Kochi,Kerala,South,P010,Yoga Mat,Sports,2,1200,0.1,2160.0,1300,860.0
O01377,2025-10-26,C0066,Raj Kapoor,Male,23,Lucknow,Uttar Pradesh,North,P017,Table Lamp,Home Decor,2,1800,0.05,3420.0,1900,1520.0
O01378,2025-07-16,C0009,Aditi Khan,Female,26,Mumbai,Maharashtra,West,P002,Smartphone,Electronics,2,28000,0.1,50400.0,43000,7400.0
O01379,2025-02-28,C0315,Varun Khan,Female,22,Kochi,Kerala,South,P009,Running Shoes,Sports,2,4500,0.25,6750.0,5400,1350.0
O01380,2025-09-22,C0131,Meera Joshi,Female,38,Kochi,Kerala,South,P013,Mixer Grinder,Home Appliances,1,4200,0.15,3570.0,2700,870.0
O01381,2025-11-29,C0015,Kavya Reddy,Female,20,Delhi,Delhi,North,P004,Smart Watch,Electronics,1,6500,0.1,5850.0,4000,1850.0
O01382,2025-07-07,C0400,Raj Singh,Female,23,Lucknow,Uttar Pradesh,North,P013,Mixer Grinder,Home Appliances,3,4200,0.15,10710.0,8100,2610.0
O01383,2025-03-04,C0557,Ananya Gupta,Male,58,Delhi,Delhi,North,P019,Cushion Set,Home Decor,1,1200,0.15,1020.0,600,420.0
O01384,2025-11-04,C0059,Neha Reddy,Male,28,Mumbai,Maharashtra,West,P020,Notebook Set,Stationery,1,500,0.2,400.0,220,180.0
O01385,2025-10-06,C0348,Arjun Joshi,Female,50,Hyderabad,Telangana,South,P001,Laptop,Electronics,2,55000,0.05,104500.0,84000,20500.0
O01386,2025-01-30,C0627,Nikhil Nair,Male,49,Ahmedabad,Gujarat,West,P004,Smart Watch,Electronics,1,6500,0.2,5200.0,4000,1200.0
O01387,2025-06-20,C0973,Rahul Khan,Male,55,Hyderabad,Telangana,South,P006,Desk,Furniture,3,12000,0.05,34200.0,25500,8700.0
O01388,2025-01-21,C0543,Neha Khan,Male,20,Jaipur,Rajasthan,North,P008,Backpack,Accessories,1,2200,0.2,1760.0,1200,560.0
O01389,2025-10-26,C0174,Sneha Reddy,Male,30,Lucknow,Uttar Pradesh,North,P004,Smart Watch,Electronics,2,6500,0.05,12350.0,8000,4350.0
O01390,2025-07-20,C0597,Pooja Mehta,Male,46,Kochi,Kerala,South,P004,Smart Watch,Electronics,1,6500,0.2,5200.0,4000,1200.0
O01391,2025-05-15,C0474,Rahul Gupta,Male,57,Mumbai,Maharashtra,West,P020,Notebook Set,Stationery,1,500,0.25,375.0,220,155.0
O01392,2025-09-29,C0149,Neha Mehta,Female,50,Jaipur,Rajasthan,North,P019,Cushion Set,Home Decor,1,1200,0.05,1140.0,600,540.0
O01393,2025-01-23,C0760,Raj Khan,Female,42,Chennai,Tamil Nadu,South,P001,Laptop,Electronics,3,55000,0.25,123750.0,126000,-2250.0
O01394,2025-03-28,C0319,Rohan Desai,Male,18,Jaipur,Rajasthan,North,P007,Bookshelf,Furniture,4,7000,0.0,28000.0,19200,8800.0
O01395,2025-01-31,C0929,Neha Iyer,Female,51,Delhi,Delhi,North,P008,Backpack,Accessories,1,2200,0.05,2090.0,1200,890.0
O01396,2025-05-01,C0604,Vikram Verma,Female,45,Kochi,Kerala,South,P004,Smart Watch,Electronics,3,6500,0.1,17550.0,12000,5550.0
O01397,2025-03-10,C0520,Pooja Singh,Female,58,Mumbai,Maharashtra,West,P013,Mixer Grinder,Home Appliances,2,4200,0.25,6300.0,5400,900.0
O01398,2025-05-14,C0610,Nikhil Iyer,Male,59,Chennai,Tamil Nadu,South,P013,Mixer Grinder,Home Appliances,4,4200,0.1,15120.0,10800,4320.0
O01399,2025-11-11,C0363,Arjun Nair,Female,34,Delhi,Delhi,North,P018,Wall Clock,Home Decor,3,1500,0.1,4050.0,2400,1650.0
O01400,2025-05-26,C0387,Pooja Desai,Male,39,Hyderabad,Telangana,South,P015,Jeans,Fashion,1,2500,0.15,2125.0,1400,725.0
O01401,2025-11-29,C0760,Raj Khan,Female,42,Chennai,Tamil Nadu,South,P011,Coffee Maker,Home Appliances,2,5500,0.25,8250.0,6800,1450.0
O01402,2025-09-20,C0558,Aditi Shah,Female,33,Bhubaneswar,Odisha,East,P013,Mixer Grinder,Home Appliances,2,4200,0.15,7140.0,5400,1740.0
O01403,2025-10-20,C0825,Raj Gupta,Male,36,Bengaluru,Karnataka,South,P005,Office Chair,Furniture,1,8500,0.05,8075.0,6000,2075.0
O01404,2025-03-27,C0816,Aditi Iyer,Female,36,Pune,Maharashtra,West,P012,Air Fryer,Home Appliances,1,7500,0.05,7125.0,4800,2325.0
O01405,2025-01-16,C0955,Meera Reddy,Male,51,Chennai,Tamil Nadu,South,P010,Yoga Mat,Sports,4,1200,0.0,4800.0,2600,2200.0
O01406,2025-08-04,C0579,Pooja Iyer,Male,33,Kochi,Kerala,South,P003,Headphones,Electronics,4,2500,0.15,8500.0,5600,2900.0
O01407,2025-04-26,C0384,Rahul Shah,Female,26,Chennai,Tamil Nadu,South,P004,Smart Watch,Electronics,3,6500,0.05,18525.0,12000,6525.0
O01408,2025-04-28,C0116,Nikhil Gupta,Female,36,Kochi,Kerala,South,P006,Desk,Furniture,5,12000,0.05,57000.0,42500,14500.0
O01409,2025-09-27,C0584,Amit Reddy,Female,59,Jaipur,Rajasthan,North,P019,Cushion Set,Home Decor,3,1200,0.2,2880.0,1800,1080.0
O01410,2025-12-09,C0209,Rahul Sharma,Male,54,Jaipur,Rajasthan,North,P004,Smart Watch,Electronics,1,6500,0.05,6175.0,4000,2175.0
O01411,2025-06-11,C0203,Aditi Patel,Male,18,Ahmedabad,Gujarat,West,P006,Desk,Furniture,1,12000,0.1,10800.0,8500,2300.0
O01412,2025-07-07,C0169,Raj Sharma,Female,25,Kolkata,West Bengal,East,P008,Backpack,Accessories,1,2200,0.1,1980.0,1200,780.0
O01413,2025-04-14,C0793,Karan Patel,Female,20,Pune,Maharashtra,West,P014,T-Shirt,Fashion,1,1200,0.0,1200.0,650,550.0
O01414,2025-05-21,C0783,Rahul Desai,Male,26,Hyderabad,Telangana,South,P003,Headphones,Electronics,1,2500,0.1,2250.0,1400,850.0
O01415,2025-06-16,C0506,Arjun Sharma,Male,36,Kolkata,West Bengal,East,P020,Notebook Set,Stationery,2,500,0.1,900.0,440,460.0
O01416,2025-10-27,C0358,Nikhil Desai,Female,36,Bengaluru,Karnataka,South,P018,Wall Clock,Home Decor,3,1500,0.2,3600.0,2400,1200.0
O01417,2025-01-28,C0549,Simran Nair,Male,50,Delhi,Delhi,North,P012,Air Fryer,Home Appliances,3,7500,0.05,21375.0,14400,6975.0
O01418,2025-09-29,C0483,Vikram Joshi,Male,32,Kolkata,West Bengal,East,P014,T-Shirt,Fashion,2,1200,0.1,2160.0,1300,860.0
O01419,2025-02-19,C0309,Priya Joshi,Male,34,Lucknow,Uttar Pradesh,North,P001,Laptop,Electronics,4,55000,0.15,187000.0,168000,19000.0
O01420,2025-06-05,C0279,Meera Sharma,Male,37,Kolkata,West Bengal,East,P007,Bookshelf,Furniture,2,7000,0.15,11900.0,9600,2300.0
O01421,2025-11-20,C0282,Nikhil Joshi,Male,45,Mumbai,Maharashtra,West,P016,Jacket,Fashion,3,4500,0.15,11475.0,8100,3375.0
O01422,2025-12-14,C0465,Ananya Shah,Female,49,Delhi,Delhi,North,P002,Smartphone,Electronics,1,28000,0.25,21000.0,21500,-500.0
O01423,2025-05-01,C0523,Arjun Verma,Female,37,Kochi,Kerala,South,P005,Office Chair,Furniture,1,8500,0.15,7225.0,6000,1225.0
O01424,2025-05-20,C0340,Isha Gupta,Female,42,Mumbai,Maharashtra,West,P012,Air Fryer,Home Appliances,3,7500,0.1,20250.0,14400,5850.0
O01425,2025-01-16,C0941,Simran Shah,Female,53,Ahmedabad,Gujarat,West,P005,Office Chair,Furniture,1,8500,0.15,7225.0,6000,1225.0
O01426,2025-11-05,C0057,Vikram Reddy,Female,41,Jaipur,Rajasthan,North,P020,Notebook Set,Stationery,2,500,0.1,900.0,440,460.0
O01427,2025-02-18,C0253,Sneha Patel,Female,20,Hyderabad,Telangana,South,P003,Headphones,Electronics,1,2500,0.05,2375.0,1400,975.0
O01428,2025-06-13,C0312,Vikram Patel,Female,25,Bengaluru,Karnataka,South,P016,Jacket,Fashion,2,4500,0.05,8550.0,5400,3150.0
O01429,2025-03-03,C0012,Aarav Reddy,Female,51,Mumbai,Maharashtra,West,P010,Yoga Mat,Sports,5,1200,0.05,5700.0,3250,2450.0
O01430,2025-12-06,C0268,Kavya Shah,Female,36,Pune,Maharashtra,West,P015,Jeans,Fashion,1,2500,0.05,2375.0,1400,975.0
O01431,2025-06-03,C0196,Rohan Desai,Female,25,Bengaluru,Karnataka,South,P006,Desk,Furniture,3,12000,0.05,34200.0,25500,8700.0
O01432,2025-11-08,C0388,Pooja Sharma,Male,50,Chennai,Tamil Nadu,South,P010,Yoga Mat,Sports,1,1200,0.0,1200.0,650,550.0
O01433,2025-12-12,C0245,Kavya Shah,Male,55,Chennai,Tamil Nadu,South,P018,Wall Clock,Home Decor,1,1500,0.2,1200.0,800,400.0
O01434,2025-05-30,C0607,Aditi Joshi,Male,60,Mumbai,Maharashtra,West,P010,Yoga Mat,Sports,1,1200,0.2,960.0,650,310.0
O01435,2025-03-14,C0391,Aarav Sharma,Female,51,Chennai,Tamil Nadu,South,P008,Backpack,Accessories,2,2200,0.1,3960.0,2400,1560.0
O01436,2025-03-10,C0090,Simran Nair,Female,51,Pune,Maharashtra,West,P011,Coffee Maker,Home Appliances,1,5500,0.2,4400.0,3400,1000.0
O01437,2025-06-26,C0634,Priya Verma,Female,47,Chennai,Tamil Nadu,South,P014,T-Shirt,Fashion,2,1200,0.05,2280.0,1300,980.0
O01438,2025-12-20,C0068,Rahul Shah,Male,47,Unknown,West Bengal,East,P009,Running Shoes,Sports,1,4500,0.2,3600.0,2700,900.0
O01439,2025-01-02,C0744,Nikhil Joshi,Male,38,Ahmedabad,Gujarat,West,P020,Notebook Set,Stationery,1,500,0.1,450.0,220,230.0
O01440,2025-11-05,C0878,Sneha Joshi,Male,46,Chennai,Tamil Nadu,South,P006,Desk,Furniture,2,12000,0.0,24000.0,17000,7000.0
O01441,2025-04-29,C0234,Rahul Sharma,Male,49,Lucknow,Uttar Pradesh,North,P010,Yoga Mat,Sports,1,1200,0.05,1140.0,650,490.0
O01442,2025-01-07,C0870,Ananya Iyer,Female,30,Mumbai,Maharashtra,West,P015,Jeans,Fashion,1,2500,0.05,2375.0,1400,975.0
O01443,2025-09-12,C0686,Kavya Mehta,Male,58,Lucknow,Uttar Pradesh,North,P014,T-Shirt,Fashion,1,1200,0.0,1200.0,650,550.0
O01444,2025-03-16,C0864,Rohan Shah,Female,22,Mumbai,Maharashtra,West,P018,Wall Clock,Home Decor,2,1500,0.05,2850.0,1600,1250.0
O01445,2025-12-17,C0543,Neha Khan,Male,20,Jaipur,Rajasthan,North,P020,Notebook Set,Stationery,2,500,0.0,1000.0,440,560.0
O01446,2025-07-14,C0167,Aditi Singh,Female,50,Kochi,Kerala,South,P009,Running Shoes,Sports,1,4500,0.05,4275.0,2700,1575.0
O01447,2025-07-06,C0821,Kavya Desai,Female,23,Pune,Maharashtra,West,P002,Smartphone,Electronics,1,28000,0.05,26600.0,21500,5100.0
O01448,2025-01-03,C0129,Neha Sharma,Male,28,Lucknow,Uttar Pradesh,North,P001,Laptop,Electronics,1,55000,0.25,41250.0,42000,-750.0
O01449,2025-07-03,C0150,Arjun Kapoor,Female,41,Lucknow,Uttar Pradesh,North,P015,Jeans,Fashion,1,2500,0.05,2375.0,1400,975.0
O01450,2025-12-01,C0194,Arjun Patel,Male,52,Ahmedabad,Gujarat,West,P018,Wall Clock,Home Decor,3,1500,0.05,4275.0,2400,1875.0
O01451,2025-09-30,C0219,Kavya Kapoor,Male,57,Kochi,Kerala,South,P004,Smart Watch,Electronics,3,6500,0.15,16575.0,12000,4575.0
O01452,2025-02-21,C0395,Arjun Iyer,Male,24,Mumbai,Maharashtra,West,P003,Headphones,Electronics,2,2500,0.2,4000.0,2800,1200.0
O01453,2025-09-20,C0593,Vikram Gupta,Female,34,Kolkata,West Bengal,East,P002,Smartphone,Electronics,1,28000,0.1,25200.0,21500,3700.0
O01454,2025-05-13,C0870,Ananya Iyer,Female,30,Mumbai,Maharashtra,West,P017,Table Lamp,Home Decor,2,1800,0.2,2880.0,1900,980.0
O01455,2025-08-13,C0061,Isha Joshi,Female,43,Lucknow,Uttar Pradesh,North,P006,Desk,Furniture,3,12000,0.1,32400.0,25500,6900.0
O01456,2025-11-06,C0916,Sneha Mehta,Male,56,Lucknow,Uttar Pradesh,North,P008,Backpack,Accessories,2,2200,0.05,4180.0,2400,1780.0
O01457,2025-03-02,C0862,Isha Gupta,Female,36,Ahmedabad,Gujarat,West,P010,Yoga Mat,Sports,3,1200,0.05,3420.0,1950,1470.0
O01458,2025-12-31,C0037,Sneha Patel,Female,46,Ahmedabad,Gujarat,West,P017,Table Lamp,Home Decor,2,1800,0.1,3240.0,1900,1340.0
O01459,2025-01-16,C0264,Varun Patel,Female,47,Kolkata,West Bengal,East,P013,Mixer Grinder,Home Appliances,2,4200,0.1,7560.0,5400,2160.0
O01460,2025-08-17,C0711,Ananya Mehta,Female,22,Delhi,Delhi,North,P013,Mixer Grinder,Home Appliances,1,4200,0.15,3570.0,2700,870.0
O01461,2025-07-14,C0487,Priya Patel,Female,43,Kochi,Kerala,South,P003,Headphones,Electronics,2,2500,0.05,4750.0,2800,1950.0
O01462,2025-09-08,C0669,Vikram Patel,Female,29,Hyderabad,Telangana,South,P010,Yoga Mat,Sports,1,1200,0.15,1020.0,650,370.0
O01463,2025-10-30,C0599,Varun Khan,Female,26,Bhubaneswar,Odisha,East,P014,T-Shirt,Fashion,2,1200,0.1,2160.0,1300,860.0
O01464,2025-02-17,C0379,Priya Reddy,Female,53,Lucknow,Uttar Pradesh,North,P020,Notebook Set,Stationery,3,500,0.1,1350.0,660,690.0
O01465,2025-08-23,C0028,Rohan Reddy,Male,45,Ahmedabad,Gujarat,West,P004,Smart Watch,Electronics,3,6500,0.1,17550.0,12000,5550.0
O01466,2025-05-01,C0460,Kavya Joshi,Male,53,Mumbai,Maharashtra,West,P001,Laptop,Electronics,1,55000,0.15,46750.0,42000,4750.0
O01467,2025-11-16,C0033,Aditi Kapoor,Male,18,Bengaluru,Karnataka,South,P002,Smartphone,Electronics,1,28000,0.05,26600.0,21500,5100.0
O01468,2025-02-19,C0479,Aarav Singh,Male,51,Bhubaneswar,Odisha,East,P008,Backpack,Accessories,1,2200,0.15,1870.0,1200,670.0
O01469,2025-02-10,C0695,Sneha Nair,Female,18,Mumbai,Maharashtra,West,P017,Table Lamp,Home Decor,2,1800,0.15,3060.0,1900,1160.0
O01470,2025-01-22,C0461,Nikhil Joshi,Male,30,Delhi,Delhi,North,P001,Laptop,Electronics,3,55000,0.05,156750.0,126000,30750.0
O01471,2025-07-01,C0995,Neha Singh,Male,56,Chennai,Tamil Nadu,South,P009,Running Shoes,Sports,2,4500,0.25,6750.0,5400,1350.0
O01472,2025-01-05,C0344,Simran Desai,Male,38,Bengaluru,Karnataka,South,P007,Bookshelf,Furniture,1,7000,0.15,5950.0,4800,1150.0
O01473,2025-05-25,C0633,Nikhil Patel,Male,37,Jaipur,Rajasthan,North,P001,Laptop,Electronics,4,55000,0.1,198000.0,168000,30000.0
O01474,2025-12-23,C0544,Varun Joshi,Male,47,Bengaluru,Karnataka,South,P009,Running Shoes,Sports,5,4500,0.05,21375.0,13500,7875.0
O01475,2025-03-19,C0984,Simran Reddy,Male,26,Bengaluru,Karnataka,South,P005,Office Chair,Furniture,1,8500,0.1,7650.0,6000,1650.0
O01476,2025-08-19,C0593,Vikram Gupta,Female,34,Kolkata,West Bengal,East,P008,Backpack,Accessories,2,2200,0.05,4180.0,2400,1780.0
O01477,2025-10-24,C0114,Ananya Joshi,Female,39,Kochi,Kerala,South,P014,T-Shirt,Fashion,2,1200,0.1,2160.0,1300,860.0
O01478,2025-12-14,C0918,Priya Desai,Male,46,Mumbai,Maharashtra,West,P010,Yoga Mat,Sports,2,1200,0.1,2160.0,1300,860.0
O01479,2025-07-28,C0544,Varun Joshi,Male,47,Bengaluru,Karnataka,South,P003,Headphones,Electronics,4,2500,0.15,8500.0,5600,2900.0
O01480,2025-06-12,C0041,Pooja Joshi,Female,52,Mumbai,Maharashtra,West,P020,Notebook Set,Stationery,1,500,0.05,475.0,220,255.0
O01481,2025-06-17,C0533,Karan Shah,Female,22,Kochi,Kerala,South,P013,Mixer Grinder,Home Appliances,2,4200,0.15,7140.0,5400,1740.0
O01482,2025-10-05,C0805,Nikhil Desai,Female,31,Lucknow,Uttar Pradesh,North,P015,Jeans,Fashion,2,2500,0.05,4750.0,2800,1950.0
O01483,2025-08-25,C0454,Pooja Iyer,Male,50,Jaipur,Rajasthan,North,P002,Smartphone,Electronics,3,28000,0.1,75600.0,64500,11100.0
O01484,2025-06-25,C0259,Aarav Khan,Male,56,Ahmedabad,Gujarat,West,P001,Laptop,Electronics,3,55000,0.15,140250.0,126000,14250.0
O01485,2025-02-22,C0721,Amit Khan,Male,38,Mumbai,Maharashtra,West,P001,Laptop,Electronics,4,55000,0.1,198000.0,168000,30000.0
O01486,2025-12-15,C0673,Nikhil Shah,Female,24,Jaipur,Rajasthan,North,P003,Headphones,Electronics,2,2500,0.05,4750.0,2800,1950.0
O01487,2025-01-10,C0423,Varun Desai,Female,42,Lucknow,Uttar Pradesh,North,P009,Running Shoes,Sports,3,4500,0.1,12150.0,8100,4050.0
O01488,2025-05-26,C0107,Nikhil Patel,Male,51,Delhi,Delhi,North,P020,Notebook Set,Stationery,1,500,0.05,475.0,220,255.0
O01489,2025-08-15,C0178,Nikhil Kapoor,Female,39,Kolkata,West Bengal,East,P009,Running Shoes,Sports,1,4500,0.1,4050.0,2700,1350.0
O01490,2025-08-24,C0621,Simran Gupta,Male,27,Chennai,Tamil Nadu,South,P006,Desk,Furniture,1,12000,0.05,11400.0,8500,2900.0
O01491,2025-08-30,C0702,Amit Khan,Female,46,Lucknow,Uttar Pradesh,North,P011,Coffee Maker,Home Appliances,3,5500,0.15,14025.0,10200,3825.0
O01492,2025-11-01,C0200,Isha Kapoor,Male,47,Bengaluru,Karnataka,South,P002,Smartphone,Electronics,5,28000,0.1,126000.0,107500,18500.0
O01493,2025-03-12,C0270,Vikram Joshi,Female,39,Chennai,Tamil Nadu,South,P013,Mixer Grinder,Home Appliances,1,4200,0.05,3990.0,2700,1290.0
O01494,2025-06-07,C0053,Arjun Verma,Female,48,Delhi,Delhi,North,P011,Coffee Maker,Home Appliances,1,5500,0.05,5225.0,3400,1825.0
O01495,2025-01-19,C0593,Vikram Gupta,Female,34,Kolkata,West Bengal,East,P016,Jacket,Fashion,3,4500,0.05,12825.0,8100,4725.0
O01496,2025-02-24,C0003,Neha Nair,Male,45,Kolkata,West Bengal,East,P020,Notebook Set,Stationery,2,500,0.1,900.0,440,460.0
O01497,2025-08-03,C0032,Neha Mehta,Male,54,Hyderabad,Telangana,South,P005,Office Chair,Furniture,4,8500,0.1,30600.0,24000,6600.0
O01498,2025-07-28,C0003,Neha Nair,Male,45,Kolkata,West Bengal,East,P010,Yoga Mat,Sports,1,1200,0.1,1080.0,650,430.0
O01499,2025-01-21,C0521,Amit Desai,Male,43,Delhi,Delhi,North,P019,Cushion Set,Home Decor,1,1200,0.15,1020.0,600,420.0
O01500,2025-10-09,C0311,Neha Shah,Male,41,Ahmedabad,Gujarat,West,P016,Jacket,Fashion,1,4500,0.05,4275.0,2700,1575.0
O01501,2025-09-06,C0214,Karan Mehta,Male,26,Hyderabad,Telangana,South,P010,Yoga Mat,Sports,1,1200,0.2,960.0,650,310.0
O01502,2025-01-28,C0849,Varun Joshi,Female,28,Ahmedabad,Gujarat,West,P020,Notebook Set,Stationery,1,500,0.1,450.0,220,230.0
O01503,2025-10-23,C0135,Isha Desai,Male,22,Bengaluru,Karnataka,South,P002,Smartphone,Electronics,1,28000,0.05,26600.0,21500,5100.0
O01504,2025-07-30,C0287,Karan Iyer,Male,21,Mumbai,Maharashtra,West,P020,Notebook Set,Stationery,1,500,0.15,425.0,220,205.0
O01505,2025-10-12,C0893,Sneha Khan,Male,45,Pune,Maharashtra,West,P001,Laptop,Electronics,1,55000,0.15,46750.0,42000,4750.0
O01506,2025-01-20,C0319,Rohan Desai,Male,18,Jaipur,Rajasthan,North,P011,Coffee Maker,Home Appliances,4,5500,0.1,19800.0,13600,6200.0
O01507,2025-01-20,C0432,Kavya Nair,Male,53,Pune,Maharashtra,West,P019,Cushion Set,Home Decor,1,1200,0.15,1020.0,600,420.0
O01508,2025-11-26,C0055,Rahul Shah,Male,22,Bhubaneswar,Odisha,East,P005,Office Chair,Furniture,1,8500,0.2,6800.0,6000,800.0
O01509,2025-04-30,C0682,Ananya Shah,Female,37,Bengaluru,Karnataka,South,P010,Yoga Mat,Sports,3,1200,0.15,3060.0,1950,1110.0
O01510,2025-04-07,C0315,Varun Khan,Female,22,Kochi,Kerala,South,P007,Bookshelf,Furniture,2,7000,0.0,14000.0,9600,4400.0
O01511,2025-04-30,C0695,Sneha Nair,Female,18,Mumbai,Maharashtra,West,P020,Notebook Set,Stationery,2,500,0.15,850.0,440,410.0
O01512,2025-01-25,C0180,Aarav Mehta,Female,39,Ahmedabad,Gujarat,West,P017,Table Lamp,Home Decor,2,1800,0.15,3060.0,1900,1160.0
O01513,2025-06-02,C0315,Varun Khan,Female,22,Kochi,Kerala,South,P014,T-Shirt,Fashion,3,1200,0.15,3060.0,1950,1110.0
O01514,2025-09-02,C0678,Neha Patel,Female,31,Kochi,Kerala,South,P012,Air Fryer,Home Appliances,3,7500,0.15,19125.0,14400,4725.0
O01515,2025-09-17,C0951,Priya Desai,Female,39,Lucknow,Uttar Pradesh,North,P017,Table Lamp,Home Decor,2,1800,0.25,2700.0,1900,800.0
O01516,2025-01-04,C0041,Pooja Joshi,Female,52,Mumbai,Maharashtra,West,P008,Backpack,Accessories,3,2200,0.1,5940.0,3600,2340.0
O01517,2025-05-23,C0710,Aarav Shah,Female,40,Jaipur,Rajasthan,North,P009,Running Shoes,Sports,2,4500,0.0,9000.0,5400,3600.0
O01518,2025-10-09,C0216,Neha Mehta,Male,53,Pune,Maharashtra,West,P015,Jeans,Fashion,1,2500,0.1,2250.0,1400,850.0
O01519,2025-12-01,C0429,Meera Nair,Female,46,Bengaluru,Karnataka,South,P008,Backpack,Accessories,3,2200,0.0,6600.0,3600,3000.0
O01520,2025-12-12,C0208,Amit Reddy,Male,32,Bengaluru,Karnataka,South,P002,Smartphone,Electronics,2,28000,0.05,53200.0,43000,10200.0
O01521,2025-08-08,C0489,Amit Mehta,Female,26,Unknown,Maharashtra,West,P002,Smartphone,Electronics,3,28000,0.1,75600.0,64500,11100.0
O01522,2025-11-23,C0258,Arjun Sharma,Male,46,Hyderabad,Telangana,South,P002,Smartphone,Electronics,1,28000,0.05,26600.0,21500,5100.0
O01523,2025-06-09,C0242,Kavya Gupta,Female,51,Kolkata,West Bengal,East,P018,Wall Clock,Home Decor,1,1500,0.15,1275.0,800,475.0
O01524,2025-03-17,C0026,Aditi Mehta,Female,56,Pune,Maharashtra,West,P010,Yoga Mat,Sports,4,1200,0.15,4080.0,2600,1480.0
O01525,2025-04-09,C0102,Simran Reddy,Male,18,Kochi,Kerala,South,P014,T-Shirt,Fashion,1,1200,0.1,1080.0,650,430.0
O01526,2025-06-29,C0856,Aditi Nair,Female,22,Bhubaneswar,Odisha,East,P008,Backpack,Accessories,4,2200,0.2,7040.0,4800,2240.0
O01527,2025-05-07,C0997,Arjun Shah,Female,49,Bengaluru,Karnataka,South,P005,Office Chair,Furniture,4,8500,0.0,34000.0,24000,10000.0
O01528,2025-02-01,C0670,Sneha Verma,Male,43,Chennai,Tamil Nadu,South,P007,Bookshelf,Furniture,3,7000,0.2,16800.0,14400,2400.0
O01529,2025-09-22,C0206,Kavya Gupta,Female,54,Kochi,Kerala,South,P016,Jacket,Fashion,2,4500,0.15,7650.0,5400,2250.0
O01530,2025-11-30,C0298,Simran Iyer,Male,28,Delhi,Delhi,North,P013,Mixer Grinder,Home Appliances,2,4200,0.05,7980.0,5400,2580.0
O01531,2025-01-13,C0622,Neha Sharma,Male,53,Pune,Maharashtra,West,P020,Notebook Set,Stationery,3,500,0.05,1425.0,660,765.0
O01532,2025-12-18,C0941,Simran Shah,Female,53,Ahmedabad,Gujarat,West,P014,T-Shirt,Fashion,2,1200,0.05,2280.0,1300,980.0
O01533,2025-12-05,C0343,Arjun Verma,Female,38,Kochi,Kerala,South,P011,Coffee Maker,Home Appliances,2,5500,0.15,9350.0,6800,2550.0
O01534,2025-07-21,C0732,Nikhil Reddy,Female,30,Kochi,Kerala,South,P013,Mixer Grinder,Home Appliances,5,4200,0.15,17850.0,13500,4350.0
O01535,2025-01-18,C0953,Meera Reddy,Male,39,Bengaluru,Karnataka,South,P020,Notebook Set,Stationery,2,500,0.05,950.0,440,510.0
O01536,2025-04-03,C0791,Pooja Khan,Female,18,Chennai,Tamil Nadu,South,P016,Jacket,Fashion,4,4500,0.1,16200.0,10800,5400.0
O01537,2025-10-07,C0160,Arjun Sharma,Female,21,Kochi,Kerala,South,P001,Laptop,Electronics,1,55000,0.05,52250.0,42000,10250.0
O01538,2025-12-24,C0006,Amit Iyer,Male,35,Kochi,Kerala,South,P011,Coffee Maker,Home Appliances,1,5500,0.1,4950.0,3400,1550.0
O01539,2025-11-12,C0375,Aarav Patel,Male,30,Chennai,Tamil Nadu,South,P014,T-Shirt,Fashion,1,1200,0.25,900.0,650,250.0
O01540,2025-03-01,C0411,Raj Reddy,Female,27,Ahmedabad,Gujarat,West,P015,Jeans,Fashion,1,2500,0.05,2375.0,1400,975.0
O01541,2025-08-02,C0141,Vikram Desai,Female,34,Bengaluru,Karnataka,South,P004,Smart Watch,Electronics,3,6500,0.2,15600.0,12000,3600.0
O01542,2025-04-10,C0204,Varun Desai,Female,53,Pune,Maharashtra,West,P018,Wall Clock,Home Decor,1,1500,0.15,1275.0,800,475.0
O01543,2025-01-01,C0652,Pooja Iyer,Male,40,Kolkata,West Bengal,East,P020,Notebook Set,Stationery,4,500,0.25,1500.0,880,620.0
O01544,2025-02-12,C0356,Rahul Desai,Female,38,Kolkata,West Bengal,East,P004,Smart Watch,Electronics,1,6500,0.05,6175.0,4000,2175.0
O01545,2025-11-07,C0229,Rohan Singh,Male,52,Lucknow,Uttar Pradesh,North,P019,Cushion Set,Home Decor,1,1200,0.05,1140.0,600,540.0
O01546,2025-06-17,C0498,Ananya Verma,Female,58,Mumbai,Maharashtra,West,P002,Smartphone,Electronics,1,28000,0.0,28000.0,21500,6500.0
O01547,2025-07-11,C0529,Rahul Singh,Female,51,Lucknow,Uttar Pradesh,North,P002,Smartphone,Electronics,2,28000,0.15,47600.0,43000,4600.0
O01548,2025-02-03,C0657,Rohan Shah,Female,22,Bhubaneswar,Odisha,East,P003,Headphones,Electronics,1,2500,0.15,2125.0,1400,725.0
O01549,2025-02-03,C0109,Rahul Sharma,Female,53,Hyderabad,Telangana,South,P002,Smartphone,Electronics,1,28000,0.05,26600.0,21500,5100.0
O01550,2025-06-25,C0625,Varun Iyer,Male,51,Bengaluru,Karnataka,South,P017,Table Lamp,Home Decor,2,1800,0.15,3060.0,1900,1160.0
O01551,2025-07-15,C0475,Simran Shah,Male,20,Chennai,Tamil Nadu,South,P002,Smartphone,Electronics,1,28000,0.05,26600.0,21500,5100.0
O01552,2025-06-07,C0039,Ananya Kapoor,Male,35,Jaipur,Rajasthan,North,P005,Office Chair,Furniture,1,8500,0.05,8075.0,6000,2075.0
O01553,2025-09-02,C0667,Rahul Singh,Male,38,Delhi,Delhi,North,P002,Smartphone,Electronics,3,28000,0.1,75600.0,64500,11100.0
O01554,2025-12-06,C0282,Nikhil Joshi,Male,45,Mumbai,Maharashtra,West,P006,Desk,Furniture,1,12000,0.0,12000.0,8500,3500.0
O01555,2025-12-12,C0240,Aarav Kapoor,Female,57,Hyderabad,Telangana,South,P002,Smartphone,Electronics,1,28000,0.05,26600.0,21500,5100.0
O01556,2025-12-01,C0337,Sneha Nair,Female,46,Ahmedabad,Gujarat,West,P014,T-Shirt,Fashion,1,1200,0.1,1080.0,650,430.0
O01557,2025-03-12,C0252,Simran Khan,Male,56,Bhubaneswar,Odisha,East,P003,Headphones,Electronics,1,2500,0.2,2000.0,1400,600.0
O01558,2025-11-23,C0246,Varun Shah,Male,19,Mumbai,Maharashtra,West,P018,Wall Clock,Home Decor,2,1500,0.15,2550.0,1600,950.0
O01559,2025-04-24,C0704,Nikhil Iyer,Male,41,Kochi,Kerala,South,P017,Table Lamp,Home Decor,1,1800,0.1,1620.0,950,670.0
O01560,2025-10-12,C0086,Simran Kapoor,Male,22,Bhubaneswar,Odisha,East,P001,Laptop,Electronics,3,55000,0.15,140250.0,126000,14250.0
O01561,2025-05-23,C0945,Meera Patel,Male,18,Delhi,Delhi,North,P019,Cushion Set,Home Decor,3,1200,0.1,3240.0,1800,1440.0
O01562,2025-04-07,C0433,Priya Sharma,Male,43,Pune,Maharashtra,West,P001,Laptop,Electronics,1,55000,0.1,49500.0,42000,7500.0
O01563,2025-11-05,C0128,Rohan Patel,Female,51,Hyderabad,Telangana,South,P004,Smart Watch,Electronics,5,6500,0.15,27625.0,20000,7625.0
O01564,2025-11-16,C0091,Vikram Verma,Female,39,Delhi,Delhi,North,P001,Laptop,Electronics,1,55000,0.15,46750.0,42000,4750.0
O01565,2025-07-31,C0467,Karan Patel,Male,25,Hyderabad,Telangana,South,P007,Bookshelf,Furniture,1,7000,0.1,6300.0,4800,1500.0
O01566,2025-11-13,C0508,Kavya Singh,Female,30,Chennai,Tamil Nadu,South,P010,Yoga Mat,Sports,1,1200,0.1,1080.0,650,430.0
O01567,2025-07-04,C0036,Meera Shah,Female,36,Bhubaneswar,Odisha,East,P016,Jacket,Fashion,1,4500,0.15,3825.0,2700,1125.0
O01568,2025-07-24,C0172,Ananya Verma,Male,20,Lucknow,Uttar Pradesh,North,P007,Bookshelf,Furniture,2,7000,0.1,12600.0,9600,3000.0
O01569,2025-12-30,C0689,Rahul Desai,Male,45,Bhubaneswar,Odisha,East,P014,T-Shirt,Fashion,1,1200,0.2,960.0,650,310.0
O01570,2025-08-04,C0034,Priya Gupta,Female,18,Ahmedabad,Gujarat,West,P003,Headphones,Electronics,3,2500,0.05,7125.0,4200,2925.0
O01571,2025-09-03,C0766,Arjun Shah,Female,53,Bhubaneswar,Odisha,East,P015,Jeans,Fashion,2,2500,0.2,4000.0,2800,1200.0
O01572,2025-08-27,C0534,Meera Khan,Female,23,Ahmedabad,Gujarat,West,P004,Smart Watch,Electronics,1,6500,0.1,5850.0,4000,1850.0
O01573,2025-10-20,C0325,Kavya Shah,Female,21,Lucknow,Uttar Pradesh,North,P003,Headphones,Electronics,2,2500,0.05,4750.0,2800,1950.0
O01574,2025-01-08,C0253,Sneha Patel,Female,20,Hyderabad,Telangana,South,P003,Headphones,Electronics,4,2500,0.1,9000.0,5600,3400.0
O01575,2025-03-19,C0013,Sneha Desai,Male,49,Lucknow,Uttar Pradesh,North,P003,Headphones,Electronics,1,2500,0.1,2250.0,1400,850.0
O01576,2025-11-20,C0726,Sneha Verma,Male,45,Lucknow,Uttar Pradesh,North,P010,Yoga Mat,Sports,1,1200,0.15,1020.0,650,370.0
O01577,2025-10-04,C0099,Vikram Mehta,Female,28,Bhubaneswar,Odisha,East,P017,Table Lamp,Home Decor,1,1800,0.1,1620.0,950,670.0
O01578,2025-07-21,C0223,Vikram Reddy,Male,31,Bhubaneswar,Odisha,East,P002,Smartphone,Electronics,1,28000,0.15,23800.0,21500,2300.0
O01579,2025-08-02,C0446,Arjun Nair,Male,58,Delhi,Delhi,North,P014,T-Shirt,Fashion,2,1200,0.05,2280.0,1300,980.0
O01580,2025-04-04,C0175,Pooja Singh,Female,48,Bhubaneswar,Odisha,East,P013,Mixer Grinder,Home Appliances,1,4200,0.05,3990.0,2700,1290.0
O01581,2025-03-16,C0380,Nikhil Singh,Female,48,Jaipur,Rajasthan,North,P018,Wall Clock,Home Decor,2,1500,0.1,2700.0,1600,1100.0
O01582,2025-06-06,C0706,Arjun Gupta,Male,21,Kolkata,West Bengal,East,P005,Office Chair,Furniture,2,8500,0.1,15300.0,12000,3300.0
O01583,2025-06-02,C0356,Rahul Desai,Female,38,Kolkata,West Bengal,East,P009,Running Shoes,Sports,2,4500,0.15,7650.0,5400,2250.0
O01584,2025-05-22,C0907,Neha Iyer,Male,52,Bengaluru,Karnataka,South,P019,Cushion Set,Home Decor,1,1200,0.1,1080.0,600,480.0
O01585,2025-03-19,C0755,Arjun Reddy,Male,49,Kolkata,West Bengal,East,P014,T-Shirt,Fashion,1,1200,0.25,900.0,650,250.0
O01586,2025-11-18,C0242,Kavya Gupta,Female,51,Kolkata,West Bengal,East,P008,Backpack,Accessories,1,2200,0.15,1870.0,1200,670.0
O01587,2025-07-01,C0296,Rahul Verma,Female,35,Bengaluru,Karnataka,South,P003,Headphones,Electronics,1,2500,0.2,2000.0,1400,600.0
O01588,2025-07-14,C0316,Isha Nair,Male,46,Delhi,Delhi,North,P005,Office Chair,Furniture,4,8500,0.0,34000.0,24000,10000.0
O01589,2025-06-07,C0502,Pooja Gupta,Female,59,Mumbai,Maharashtra,West,P012,Air Fryer,Home Appliances,1,7500,0.0,7500.0,4800,2700.0
O01590,2025-05-26,C0206,Kavya Gupta,Female,54,Kochi,Kerala,South,P014,T-Shirt,Fashion,1,1200,0.05,1140.0,650,490.0
O01591,2025-02-23,C0942,Rohan Patel,Female,19,Kolkata,West Bengal,East,P003,Headphones,Electronics,1,2500,0.05,2375.0,1400,975.0
O01592,2025-12-22,C0484,Arjun Verma,Female,40,Hyderabad,Telangana,South,P012,Air Fryer,Home Appliances,3,7500,0.1,20250.0,14400,5850.0
O01593,2025-10-04,C0296,Rahul Verma,Female,35,Bengaluru,Karnataka,South,P011,Coffee Maker,Home Appliances,3,5500,0.1,14850.0,10200,4650.0
O01594,2025-11-05,C0521,Amit Desai,Male,43,Delhi,Delhi,North,P010,Yoga Mat,Sports,2,1200,0.1,2160.0,1300,860.0
O01595,2025-03-24,C0292,Rohan Reddy,Female,29,Hyderabad,Telangana,South,P014,T-Shirt,Fashion,1,1200,0.15,1020.0,650,370.0
O01596,2025-06-05,C0717,Aditi Singh,Female,57,Bengaluru,Karnataka,South,P017,Table Lamp,Home Decor,1,1800,0.25,1350.0,950,400.0
O01597,2025-01-04,C0445,Neha Sharma,Male,47,Hyderabad,Telangana,South,P007,Bookshelf,Furniture,2,7000,0.2,11200.0,9600,1600.0
O01598,2025-11-07,C0029,Neha Verma,Female,54,Hyderabad,Telangana,South,P019,Cushion Set,Home Decor,5,1200,0.0,6000.0,3000,3000.0
O01599,2025-09-28,C0123,Ananya Verma,Male,34,Lucknow,Uttar Pradesh,North,P003,Headphones,Electronics,2,2500,0.05,4750.0,2800,1950.0
O01600,2025-03-05,C0779,Nikhil Verma,Male,34,Mumbai,Maharashtra,West,P003,Headphones,Electronics,2,2500,0.05,4750.0,2800,1950.0
O01601,2025-04-22,C0440,Raj Desai,Male,57,Pune,Maharashtra,West,P005,Office Chair,Furniture,1,8500,0.05,8075.0,6000,2075.0
O01602,2025-08-27,C0909,Simran Joshi,Male,19,Delhi,Delhi,North,P003,Headphones,Electronics,1,2500,0.1,2250.0,1400,850.0
O01603,2025-05-24,C0050,Neha Khan,Male,29,Lucknow,Uttar Pradesh,North,P004,Smart Watch,Electronics,3,6500,0.1,17550.0,12000,5550.0
O01604,2025-01-20,C0212,Rahul Joshi,Male,25,Ahmedabad,Gujarat,West,P002,Smartphone,Electronics,1,28000,0.05,26600.0,21500,5100.0
O01605,2025-03-05,C0136,Simran Reddy,Male,34,Pune,Maharashtra,West,P017,Table Lamp,Home Decor,5,1800,0.15,7650.0,4750,2900.0
O01606,2025-10-16,C0432,Kavya Nair,Male,53,Pune,Maharashtra,West,P003,Headphones,Electronics,1,2500,0.15,2125.0,1400,725.0
O01607,2025-03-22,C0282,Nikhil Joshi,Male,45,Mumbai,Maharashtra,West,P015,Jeans,Fashion,1,2500,0.0,2500.0,1400,1100.0
O01608,2025-07-16,C0109,Rahul Sharma,Female,53,Hyderabad,Telangana,South,P001,Laptop,Electronics,2,55000,0.1,99000.0,84000,15000.0
O01609,2025-03-10,C0518,Nikhil Singh,Female,41,Ahmedabad,Gujarat,West,P020,Notebook Set,Stationery,1,500,0.2,400.0,220,180.0
O01610,2025-07-05,C0415,Nikhil Shah,Male,41,Kolkata,West Bengal,East,P014,T-Shirt,Fashion,1,1200,0.1,1080.0,650,430.0
O01611,2025-06-16,C0196,Rohan Desai,Female,25,Bengaluru,Karnataka,South,P001,Laptop,Electronics,1,55000,0.1,49500.0,42000,7500.0
O01612,2025-07-24,C0364,Priya Patel,Female,54,Bengaluru,Karnataka,South,P015,Jeans,Fashion,2,2500,0.05,4750.0,2800,1950.0
O01613,2025-06-13,C0629,Varun Patel,Male,46,Kochi,Kerala,South,P010,Yoga Mat,Sports,1,1200,0.05,1140.0,650,490.0
O01614,2025-04-04,C0144,Simran Khan,Female,49,Ahmedabad,Gujarat,West,P016,Jacket,Fashion,1,4500,0.0,4500.0,2700,1800.0
O01615,2025-09-06,C0210,Neha Singh,Male,30,Ahmedabad,Gujarat,West,P010,Yoga Mat,Sports,2,1200,0.15,2040.0,1300,740.0
O01616,2025-03-09,C0252,Simran Khan,Male,56,Bhubaneswar,Odisha,East,P013,Mixer Grinder,Home Appliances,1,4200,0.0,4200.0,2700,1500.0
O01617,2025-12-09,C0631,Varun Patel,Male,20,Bengaluru,Karnataka,South,P016,Jacket,Fashion,4,4500,0.05,17100.0,10800,6300.0
O01618,2025-01-21,C0755,Arjun Reddy,Male,49,Kolkata,West Bengal,East,P008,Backpack,Accessories,1,2200,0.0,2200.0,1200,1000.0
O01619,2025-11-15,C0277,Arjun Sharma,Female,53,Kolkata,West Bengal,East,P001,Laptop,Electronics,2,55000,0.15,93500.0,84000,9500.0
O01620,2025-03-26,C0213,Ananya Gupta,Female,22,Kolkata,West Bengal,East,P018,Wall Clock,Home Decor,1,1500,0.0,1500.0,800,700.0
O01621,2025-01-24,C0814,Vikram Mehta,Female,50,Ahmedabad,Gujarat,West,P008,Backpack,Accessories,2,2200,0.05,4180.0,2400,1780.0
O01622,2025-04-21,C0999,Isha Kapoor,Male,22,Hyderabad,Telangana,South,P010,Yoga Mat,Sports,2,1200,0.1,2160.0,1300,860.0
O01623,2025-12-17,C0547,Rohan Verma,Female,25,Pune,Maharashtra,West,P001,Laptop,Electronics,3,55000,0.1,148500.0,126000,22500.0
O01624,2025-03-24,C0981,Simran Singh,Male,32,Bhubaneswar,Odisha,East,P010,Yoga Mat,Sports,1,1200,0.05,1140.0,650,490.0
O01625,2025-12-24,C0536,Neha Kapoor,Male,39,Delhi,Delhi,North,P020,Notebook Set,Stationery,1,500,0.05,475.0,220,255.0
O01626,2025-03-19,C0615,Aarav Sharma,Female,39,Kolkata,West Bengal,East,P005,Office Chair,Furniture,2,8500,0.15,14450.0,12000,2450.0
O01627,2025-05-20,C0287,Karan Iyer,Male,21,Mumbai,Maharashtra,West,P008,Backpack,Accessories,1,2200,0.25,1650.0,1200,450.0
O01628,2025-09-28,C0324,Rohan Iyer,Female,51,Kolkata,West Bengal,East,P014,T-Shirt,Fashion,1,1200,0.1,1080.0,650,430.0
O01629,2025-12-05,C0100,Nikhil Kapoor,Female,56,Kolkata,West Bengal,East,P017,Table Lamp,Home Decor,4,1800,0.0,7200.0,3800,3400.0
O01630,2025-06-18,C0723,Rohan Verma,Male,20,Delhi,Delhi,North,P009,Running Shoes,Sports,1,4500,0.0,4500.0,2700,1800.0
O01631,2025-07-16,C0878,Sneha Joshi,Male,46,Chennai,Tamil Nadu,South,P006,Desk,Furniture,5,12000,0.15,51000.0,42500,8500.0
O01632,2025-09-19,C0499,Simran Sharma,Male,34,Ahmedabad,Gujarat,West,P020,Notebook Set,Stationery,1,500,0.1,450.0,220,230.0
O01633,2025-08-03,C0250,Isha Joshi,Female,48,Lucknow,Uttar Pradesh,North,P014,T-Shirt,Fashion,2,1200,0.15,2040.0,1300,740.0
O01634,2025-03-08,C0107,Nikhil Patel,Male,51,Delhi,Delhi,North,P003,Headphones,Electronics,2,2500,0.15,4250.0,2800,1450.0
O01635,2025-08-17,C0189,Nikhil Khan,Male,58,Mumbai,Maharashtra,West,P002,Smartphone,Electronics,2,28000,0.2,44800.0,43000,1800.0
O01636,2025-06-10,C0182,Meera Desai,Male,20,Pune,Maharashtra,West,P010,Yoga Mat,Sports,4,1200,0.2,3840.0,2600,1240.0
O01637,2025-05-02,C0489,Amit Mehta,Female,26,Pune,Maharashtra,West,P004,Smart Watch,Electronics,1,6500,0.15,5525.0,4000,1525.0
O01638,2025-05-29,C0900,Arjun Sharma,Female,44,Pune,Maharashtra,West,P005,Office Chair,Furniture,3,8500,0.1,22950.0,18000,4950.0
O01639,2025-12-06,C0033,Aditi Kapoor,Male,18,Bengaluru,Karnataka,South,P018,Wall Clock,Home Decor,2,1500,0.05,2850.0,1600,1250.0
O01640,2025-07-12,C0001,Rohan Mehta,Male,41,Mumbai,Maharashtra,West,P002,Smartphone,Electronics,1,28000,0.1,25200.0,21500,3700.0
O01641,2025-08-19,C0476,Aditi Iyer,Male,46,Bengaluru,Karnataka,South,P014,T-Shirt,Fashion,3,1200,0.1,3240.0,1950,1290.0
O01642,2025-04-21,C0204,Varun Desai,Female,53,Pune,Maharashtra,West,P005,Office Chair,Furniture,1,8500,0.1,7650.0,6000,1650.0
O01643,2025-05-25,C0801,Arjun Khan,Male,36,Jaipur,Rajasthan,North,P015,Jeans,Fashion,3,2500,0.05,7125.0,4200,2925.0
O01644,2025-08-09,C0237,Sneha Shah,Female,55,Pune,Maharashtra,West,P015,Jeans,Fashion,1,2500,0.15,2125.0,1400,725.0
O01645,2025-03-05,C0208,Amit Reddy,Male,32,Bengaluru,Karnataka,South,P001,Laptop,Electronics,3,55000,0.1,148500.0,126000,22500.0
O01646,2025-05-06,C0192,Isha Joshi,Female,47,Ahmedabad,Gujarat,West,P010,Yoga Mat,Sports,2,1200,0.1,2160.0,1300,860.0
O01647,2025-08-06,C0100,Nikhil Kapoor,Female,56,Kolkata,West Bengal,East,P003,Headphones,Electronics,1,2500,0.05,2375.0,1400,975.0
O01648,2025-10-11,C0458,Varun Desai,Female,33,Jaipur,Rajasthan,North,P018,Wall Clock,Home Decor,2,1500,0.1,2700.0,1600,1100.0
O01649,2025-12-20,C0117,Rahul Mehta,Female,54,Kochi,Kerala,South,P018,Wall Clock,Home Decor,1,1500,0.05,1425.0,800,625.0
O01650,2025-08-24,C0317,Aarav Gupta,Male,45,Kochi,Kerala,South,P009,Running Shoes,Sports,1,4500,0.2,3600.0,2700,900.0
O01651,2025-01-13,C0348,Arjun Joshi,Female,50,Hyderabad,Telangana,South,P009,Running Shoes,Sports,1,4500,0.1,4050.0,2700,1350.0
O01652,2025-06-02,C0014,Nikhil Iyer,Male,20,Pune,Maharashtra,West,P006,Desk,Furniture,1,12000,0.05,11400.0,8500,2900.0
O01653,2025-08-27,C0012,Aarav Reddy,Female,51,Mumbai,Maharashtra,West,P014,T-Shirt,Fashion,1,1200,0.0,1200.0,650,550.0
O01654,2025-07-09,C0401,Pooja Patel,Female,38,Lucknow,Uttar Pradesh,North,P008,Backpack,Accessories,2,2200,0.15,3740.0,2400,1340.0
O01655,2025-05-31,C0574,Amit Kapoor,Female,46,Kolkata,West Bengal,East,P005,Office Chair,Furniture,1,8500,0.05,8075.0,6000,2075.0
O01656,2025-03-27,C0896,Varun Desai,Female,35,Pune,Maharashtra,West,P009,Running Shoes,Sports,2,4500,0.25,6750.0,5400,1350.0
O01657,2025-01-21,C0125,Simran Joshi,Female,53,Pune,Maharashtra,West,P002,Smartphone,Electronics,1,28000,0.1,25200.0,21500,3700.0
O01658,2025-07-01,C0071,Kavya Reddy,Male,54,Delhi,Delhi,North,P015,Jeans,Fashion,2,2500,0.05,4750.0,2800,1950.0
O01659,2025-11-15,C0036,Meera Shah,Female,36,Bhubaneswar,Odisha,East,P001,Laptop,Electronics,2,55000,0.15,93500.0,84000,9500.0
O01660,2025-06-07,C0327,Arjun Nair,Male,35,Chennai,Tamil Nadu,South,P013,Mixer Grinder,Home Appliances,1,4200,0.05,3990.0,2700,1290.0
O01661,2025-03-17,C0499,Simran Sharma,Male,34,Ahmedabad,Gujarat,West,P003,Headphones,Electronics,3,2500,0.15,6375.0,4200,2175.0
O01662,2025-11-25,C0746,Raj Singh,Female,33,Hyderabad,Telangana,South,P004,Smart Watch,Electronics,2,6500,0.05,12350.0,8000,4350.0
O01663,2025-07-22,C0560,Kavya Sharma,Female,52,Jaipur,Rajasthan,North,P013,Mixer Grinder,Home Appliances,2,4200,0.25,6300.0,5400,900.0
O01664,2025-08-17,C0146,Simran Iyer,Male,53,Chennai,Tamil Nadu,South,P020,Notebook Set,Stationery,1,500,0.1,450.0,220,230.0
O01665,2025-06-01,C0349,Amit Reddy,Male,41,Pune,Maharashtra,West,P016,Jacket,Fashion,1,4500,0.2,3600.0,2700,900.0
O01666,2025-09-20,C0845,Kavya Mehta,Female,33,Delhi,Delhi,North,P004,Smart Watch,Electronics,3,6500,0.0,19500.0,12000,7500.0
O01667,2025-03-13,C0237,Sneha Shah,Female,55,Pune,Maharashtra,West,P003,Headphones,Electronics,3,2500,0.1,6750.0,4200,2550.0
O01668,2025-08-13,C0381,Rahul Gupta,Male,19,Pune,Maharashtra,West,P018,Wall Clock,Home Decor,1,1500,0.15,1275.0,800,475.0
O01669,2025-05-11,C0923,Meera Kapoor,Male,37,Delhi,Delhi,North,P009,Running Shoes,Sports,1,4500,0.15,3825.0,2700,1125.0
O01670,2025-12-26,C0617,Meera Singh,Male,44,Jaipur,Rajasthan,North,P003,Headphones,Electronics,2,2500,0.05,4750.0,2800,1950.0
O01671,2025-01-28,C0632,Aditi Gupta,Male,37,Kochi,Kerala,South,P018,Wall Clock,Home Decor,2,1500,0.1,2700.0,1600,1100.0
O01672,2025-10-26,C0179,Arjun Reddy,Male,46,Hyderabad,Telangana,South,P017,Table Lamp,Home Decor,3,1800,0.05,5130.0,2850,2280.0
O01673,2025-04-07,C0309,Priya Joshi,Male,34,Lucknow,Uttar Pradesh,North,P020,Notebook Set,Stationery,1,500,0.1,450.0,220,230.0
O01674,2025-02-15,C0056,Rohan Shah,Male,47,Kolkata,West Bengal,East,P019,Cushion Set,Home Decor,1,1200,0.1,1080.0,600,480.0
O01675,2025-01-01,C0482,Amit Kapoor,Female,30,Hyderabad,Telangana,South,P018,Wall Clock,Home Decor,1,1500,0.05,1425.0,800,625.0
O01676,2025-06-15,C0071,Kavya Reddy,Male,54,Delhi,Delhi,North,P001,Laptop,Electronics,1,55000,0.05,52250.0,42000,10250.0
O01677,2025-09-02,C0740,Sneha Iyer,Male,56,Kochi,Kerala,South,P002,Smartphone,Electronics,1,28000,0.1,25200.0,21500,3700.0
O01678,2025-08-07,C0712,Varun Verma,Female,48,Hyderabad,Telangana,South,P011,Coffee Maker,Home Appliances,3,5500,0.05,15675.0,10200,5475.0
O01679,2025-04-12,C0413,Nikhil Singh,Female,54,Delhi,Delhi,North,P011,Coffee Maker,Home Appliances,2,5500,0.25,8250.0,6800,1450.0
O01680,2025-10-18,C0098,Raj Iyer,Female,38,Bhubaneswar,Odisha,East,P009,Running Shoes,Sports,3,4500,0.05,12825.0,8100,4725.0
O01681,2025-07-23,C0018,Varun Reddy,Female,58,Pune,Maharashtra,West,P008,Backpack,Accessories,1,2200,0.2,1760.0,1200,560.0
O01682,2025-07-21,C0690,Priya Shah,Female,44,Jaipur,Rajasthan,North,P009,Running Shoes,Sports,1,4500,0.1,4050.0,2700,1350.0
O01683,2025-02-23,C0476,Aditi Iyer,Male,46,Bengaluru,Karnataka,South,P011,Coffee Maker,Home Appliances,1,5500,0.1,4950.0,3400,1550.0
O01684,2025-10-07,C0590,Vikram Gupta,Male,18,Chennai,Tamil Nadu,South,P001,Laptop,Electronics,1,55000,0.05,52250.0,42000,10250.0
O01685,2025-10-05,C0219,Kavya Kapoor,Male,57,Kochi,Kerala,South,P005,Office Chair,Furniture,3,8500,0.1,22950.0,18000,4950.0
O01686,2025-01-16,C0391,Aarav Sharma,Female,51,Chennai,Tamil Nadu,South,P010,Yoga Mat,Sports,1,1200,0.15,1020.0,650,370.0
O01687,2025-01-13,C0631,Varun Patel,Male,20,Bengaluru,Karnataka,South,P015,Jeans,Fashion,1,2500,0.1,2250.0,1400,850.0
O01688,2025-12-22,C0349,Amit Reddy,Male,41,Pune,Maharashtra,West,P003,Headphones,Electronics,1,2500,0.0,2500.0,1400,1100.0
O01689,2025-12-22,C0477,Karan Gupta,Female,58,Kolkata,West Bengal,East,P011,Coffee Maker,Home Appliances,1,5500,0.2,4400.0,3400,1000.0
O01690,2025-11-14,C0682,Ananya Shah,Female,37,Bengaluru,Karnataka,South,P014,T-Shirt,Fashion,2,1200,0.25,1800.0,1300,500.0
O01691,2025-03-28,C0152,Meera Kapoor,Male,32,Mumbai,Maharashtra,West,P009,Running Shoes,Sports,1,4500,0.1,4050.0,2700,1350.0
O01692,2025-03-19,C0045,Karan Desai,Male,28,Mumbai,Maharashtra,West,P001,Laptop,Electronics,2,55000,0.1,99000.0,84000,15000.0
O01693,2025-03-08,C0411,Raj Reddy,Female,27,Ahmedabad,Gujarat,West,P009,Running Shoes,Sports,2,4500,0.1,8100.0,5400,2700.0
O01694,2025-12-13,C0042,Neha Singh,Female,60,Chennai,Tamil Nadu,South,P006,Desk,Furniture,1,12000,0.05,11400.0,8500,2900.0
O01695,2025-07-30,C0654,Simran Singh,Male,28,Mumbai,Maharashtra,West,P020,Notebook Set,Stationery,1,500,0.0,500.0,220,280.0
O01696,2025-08-02,C0599,Varun Khan,Female,26,Bhubaneswar,Odisha,East,P003,Headphones,Electronics,2,2500,0.1,4500.0,2800,1700.0
O01697,2025-07-04,C0803,Rahul Gupta,Female,52,Bengaluru,Karnataka,South,P013,Mixer Grinder,Home Appliances,2,4200,0.15,7140.0,5400,1740.0
O01698,2025-02-02,C0515,Amit Khan,Male,60,Kochi,Kerala,South,P001,Laptop,Electronics,1,55000,0.0,55000.0,42000,13000.0
O01699,2025-04-25,C0046,Raj Nair,Male,55,Kochi,Kerala,South,P009,Running Shoes,Sports,1,4500,0.1,4050.0,2700,1350.0
O01700,2025-10-02,C0180,Aarav Mehta,Female,39,Ahmedabad,Gujarat,West,P011,Coffee Maker,Home Appliances,1,5500,0.2,4400.0,3400,1000.0
O01701,2025-07-17,C0704,Nikhil Iyer,Male,41,Kochi,Kerala,South,P006,Desk,Furniture,1,12000,0.05,11400.0,8500,2900.0
O01702,2025-05-23,C0116,Nikhil Gupta,Female,36,Kochi,Kerala,South,P009,Running Shoes,Sports,1,4500,0.05,4275.0,2700,1575.0
O01703,2025-08-16,C0577,Neha Joshi,Female,60,Lucknow,Uttar Pradesh,North,P003,Headphones,Electronics,1,2500,0.15,2125.0,1400,725.0
O01704,2025-04-30,C0670,Sneha Verma,Male,43,Chennai,Tamil Nadu,South,P006,Desk,Furniture,1,12000,0.05,11400.0,8500,2900.0
O01705,2025-12-19,C0240,Aarav Kapoor,Female,57,Hyderabad,Telangana,South,P013,Mixer Grinder,Home Appliances,1,4200,0.05,3990.0,2700,1290.0
O01706,2025-01-24,C0233,Pooja Reddy,Male,30,Pune,Maharashtra,West,P006,Desk,Furniture,1,12000,0.1,10800.0,8500,2300.0
O01707,2025-01-27,C0435,Sneha Shah,Female,18,Jaipur,Rajasthan,North,P019,Cushion Set,Home Decor,3,1200,0.1,3240.0,1800,1440.0
O01708,2025-03-16,C0774,Isha Khan,Female,56,Lucknow,Uttar Pradesh,North,P013,Mixer Grinder,Home Appliances,2,4200,0.2,6720.0,5400,1320.0
O01709,2025-08-29,C0158,Isha Mehta,Female,35,Kochi,Kerala,South,P009,Running Shoes,Sports,4,4500,0.1,16200.0,10800,5400.0
O01710,2025-01-23,C0894,Raj Singh,Male,58,Chennai,Tamil Nadu,South,P001,Laptop,Electronics,1,55000,0.1,49500.0,42000,7500.0
O01711,2025-06-10,C0475,Simran Shah,Male,20,Chennai,Tamil Nadu,South,P010,Yoga Mat,Sports,2,1200,0.1,2160.0,1300,860.0
O01712,2025-02-10,C0985,Meera Sharma,Male,44,Kochi,Kerala,South,P015,Jeans,Fashion,1,2500,0.25,1875.0,1400,475.0
O01713,2025-08-26,C0061,Isha Joshi,Female,43,Lucknow,Uttar Pradesh,North,P005,Office Chair,Furniture,2,8500,0.0,17000.0,12000,5000.0
O01714,2025-08-27,C0087,Amit Shah,Female,54,Jaipur,Rajasthan,North,P017,Table Lamp,Home Decor,1,1800,0.05,1710.0,950,760.0
O01715,2025-02-25,C0728,Sneha Verma,Male,55,Ahmedabad,Gujarat,West,P005,Office Chair,Furniture,1,8500,0.25,6375.0,6000,375.0
O01716,2025-04-08,C0779,Nikhil Verma,Male,34,Mumbai,Maharashtra,West,P017,Table Lamp,Home Decor,4,1800,0.25,5400.0,3800,1600.0
O01717,2025-05-26,C0335,Aarav Gupta,Female,40,Bhubaneswar,Odisha,East,P002,Smartphone,Electronics,2,28000,0.05,53200.0,43000,10200.0
O01718,2025-09-19,C0594,Amit Joshi,Female,37,Chennai,Tamil Nadu,South,P018,Wall Clock,Home Decor,4,1500,0.05,5700.0,3200,2500.0
O01719,2025-02-09,C0783,Rahul Desai,Male,26,Hyderabad,Telangana,South,P010,Yoga Mat,Sports,1,1200,0.1,1080.0,650,430.0
O01720,2025-07-12,C0030,Pooja Sharma,Female,24,Lucknow,Uttar Pradesh,North,P006,Desk,Furniture,1,12000,0.0,12000.0,8500,3500.0
O01721,2025-08-27,C0451,Pooja Iyer,Female,49,Mumbai,Maharashtra,West,P005,Office Chair,Furniture,1,8500,0.15,7225.0,6000,1225.0
O01722,2025-02-11,C0763,Aarav Nair,Female,55,Hyderabad,Telangana,South,P009,Running Shoes,Sports,2,4500,0.0,9000.0,5400,3600.0
O01723,2025-08-10,C0295,Raj Singh,Female,51,Jaipur,Rajasthan,North,P020,Notebook Set,Stationery,2,500,0.0,1000.0,440,560.0
O01724,2025-07-15,C0218,Meera Reddy,Female,19,Kolkata,West Bengal,East,P004,Smart Watch,Electronics,4,6500,0.1,23400.0,16000,7400.0
O01725,2025-10-15,C0689,Rahul Desai,Male,45,Bhubaneswar,Odisha,East,P002,Smartphone,Electronics,1,28000,0.25,21000.0,21500,-500.0
O01726,2025-01-10,C0244,Aditi Mehta,Male,33,Hyderabad,Telangana,South,P012,Air Fryer,Home Appliances,2,7500,0.1,13500.0,9600,3900.0
O01727,2025-08-23,C0003,Neha Nair,Male,45,Kolkata,West Bengal,East,P010,Yoga Mat,Sports,1,1200,0.1,1080.0,650,430.0
O01728,2025-11-21,C0925,Raj Gupta,Female,37,Delhi,Delhi,North,P010,Yoga Mat,Sports,1,1200,0.25,900.0,650,250.0
O01729,2025-09-22,C0468,Raj Mehta,Male,50,Kolkata,West Bengal,East,P014,T-Shirt,Fashion,2,1200,0.1,2160.0,1300,860.0
O01730,2025-03-10,C0719,Neha Sharma,Male,56,Delhi,Delhi,North,P005,Office Chair,Furniture,2,8500,0.1,15300.0,12000,3300.0
O01731,2025-05-19,C0726,Sneha Verma,Male,45,Lucknow,Uttar Pradesh,North,P019,Cushion Set,Home Decor,1,1200,0.1,1080.0,600,480.0
O01732,2025-12-21,C0045,Karan Desai,Male,28,Mumbai,Maharashtra,West,P009,Running Shoes,Sports,1,4500,0.05,4275.0,2700,1575.0
O01733,2025-08-07,C0119,Amit Sharma,Male,38,Ahmedabad,Gujarat,West,P003,Headphones,Electronics,1,2500,0.1,2250.0,1400,850.0
O01734,2025-07-15,C0225,Aarav Patel,Female,47,Chennai,Tamil Nadu,South,P015,Jeans,Fashion,1,2500,0.1,2250.0,1400,850.0
O01735,2025-03-15,C0232,Rahul Gupta,Male,31,Bhubaneswar,Odisha,East,P013,Mixer Grinder,Home Appliances,1,4200,0.05,3990.0,2700,1290.0
O01736,2025-04-13,C0535,Neha Joshi,Female,55,Delhi,Delhi,North,P006,Desk,Furniture,1,12000,0.05,11400.0,8500,2900.0
O01737,2025-08-13,C0499,Simran Sharma,Male,34,Ahmedabad,Gujarat,West,P013,Mixer Grinder,Home Appliances,1,4200,0.05,3990.0,2700,1290.0
O01738,2025-05-03,C0378,Isha Joshi,Female,30,Lucknow,Uttar Pradesh,North,P004,Smart Watch,Electronics,4,6500,0.1,23400.0,16000,7400.0
O01739,2025-04-12,C0149,Neha Mehta,Female,50,Jaipur,Rajasthan,North,P009,Running Shoes,Sports,4,4500,0.0,18000.0,10800,7200.0
O01740,2025-09-21,C0281,Rahul Reddy,Male,31,Kolkata,West Bengal,East,P019,Cushion Set,Home Decor,1,1200,0.05,1140.0,600,540.0
O01741,2025-06-10,C0422,Isha Iyer,Male,52,Pune,Maharashtra,West,P003,Headphones,Electronics,5,2500,0.2,10000.0,7000,3000.0
O01742,2025-08-21,C0354,Neha Shah,Male,47,Jaipur,Rajasthan,North,P008,Backpack,Accessories,2,2200,0.1,3960.0,2400,1560.0
O01743,2025-10-02,C0088,Rohan Kapoor,Female,58,Mumbai,Maharashtra,West,P017,Table Lamp,Home Decor,1,1800,0.0,1800.0,950,850.0
O01744,2025-09-15,C0525,Neha Iyer,Male,28,Chennai,Tamil Nadu,South,P020,Notebook Set,Stationery,1,500,0.15,425.0,220,205.0
O01745,2025-11-07,C0050,Neha Khan,Male,29,Lucknow,Uttar Pradesh,North,P009,Running Shoes,Sports,3,4500,0.0,13500.0,8100,5400.0
O01746,2025-05-19,C0278,Arjun Mehta,Female,25,Kochi,Kerala,South,P010,Yoga Mat,Sports,2,1200,0.15,2040.0,1300,740.0
O01747,2025-08-15,C0589,Kavya Sharma,Female,47,Bhubaneswar,Odisha,East,P012,Air Fryer,Home Appliances,3,7500,0.15,19125.0,14400,4725.0
O01748,2025-09-30,C0014,Nikhil Iyer,Male,20,Pune,Maharashtra,West,P020,Notebook Set,Stationery,3,500,0.15,1275.0,660,615.0
O01749,2025-11-13,C0447,Simran Khan,Female,51,Pune,Maharashtra,West,P018,Wall Clock,Home Decor,1,1500,0.15,1275.0,800,475.0
O01750,2025-03-27,C0243,Rahul Mehta,Female,59,Jaipur,Rajasthan,North,P003,Headphones,Electronics,1,2500,0.0,2500.0,1400,1100.0
O01751,2025-10-18,C0006,Amit Iyer,Male,35,Kochi,Kerala,South,P009,Running Shoes,Sports,1,4500,0.15,3825.0,2700,1125.0
O01752,2025-08-05,C0133,Rohan Reddy,Female,56,Ahmedabad,Gujarat,West,P010,Yoga Mat,Sports,1,1200,0.05,1140.0,650,490.0
O01753,2025-12-25,C0894,Raj Singh,Male,58,Chennai,Tamil Nadu,South,P016,Jacket,Fashion,1,4500,0.05,4275.0,2700,1575.0
O01754,2025-03-07,C0401,Pooja Patel,Female,38,Lucknow,Uttar Pradesh,North,P012,Air Fryer,Home Appliances,1,7500,0.2,6000.0,4800,1200.0
O01755,2025-09-14,C0995,Neha Singh,Male,56,Chennai,Tamil Nadu,South,P013,Mixer Grinder,Home Appliances,1,4200,0.1,3780.0,2700,1080.0
O01756,2025-05-15,C0405,Meera Patel,Male,53,Kolkata,West Bengal,East,P020,Notebook Set,Stationery,1,500,0.25,375.0,220,155.0
O01757,2025-02-24,C0422,Isha Iyer,Male,52,Pune,Maharashtra,West,P002,Smartphone,Electronics,1,28000,0.0,28000.0,21500,6500.0
O01758,2025-12-22,C0290,Vikram Verma,Male,25,Delhi,Delhi,North,P004,Smart Watch,Electronics,1,6500,0.1,5850.0,4000,1850.0
O01759,2025-08-31,C0224,Aarav Shah,Female,21,Hyderabad,Telangana,South,P009,Running Shoes,Sports,1,4500,0.0,4500.0,2700,1800.0
O01760,2025-09-09,C0179,Arjun Reddy,Male,46,Hyderabad,Telangana,South,P007,Bookshelf,Furniture,1,7000,0.1,6300.0,4800,1500.0
O01761,2025-01-21,C0250,Isha Joshi,Female,48,Lucknow,Uttar Pradesh,North,P001,Laptop,Electronics,2,55000,0.0,110000.0,84000,26000.0
O01762,2025-11-03,C0347,Raj Sharma,Female,54,Lucknow,Uttar Pradesh,North,P002,Smartphone,Electronics,4,28000,0.05,106400.0,86000,20400.0
O01763,2025-06-12,C0134,Isha Shah,Female,45,Bhubaneswar,Odisha,East,P014,T-Shirt,Fashion,1,1200,0.05,1140.0,650,490.0
O01764,2025-12-22,C0159,Neha Joshi,Female,45,Pune,Maharashtra,West,P018,Wall Clock,Home Decor,1,1500,0.15,1275.0,800,475.0
O01765,2025-09-21,C0194,Arjun Patel,Male,52,Ahmedabad,Gujarat,West,P010,Yoga Mat,Sports,3,1200,0.05,3420.0,1950,1470.0
O01766,2025-03-09,C0338,Karan Nair,Male,50,Kochi,Kerala,South,P011,Coffee Maker,Home Appliances,2,5500,0.2,8800.0,6800,2000.0
O01767,2025-04-17,C0529,Rahul Singh,Female,51,Lucknow,Uttar Pradesh,North,P005,Office Chair,Furniture,2,8500,0.05,16150.0,12000,4150.0
O01768,2025-03-08,C0767,Aditi Kapoor,Male,34,Jaipur,Rajasthan,North,P015,Jeans,Fashion,1,2500,0.0,2500.0,1400,1100.0
O01769,2025-07-18,C0206,Kavya Gupta,Female,54,Kochi,Kerala,South,P015,Jeans,Fashion,3,2500,0.1,6750.0,4200,2550.0
O01770,2025-07-11,C0128,Rohan Patel,Female,51,Hyderabad,Telangana,South,P012,Air Fryer,Home Appliances,4,7500,0.25,22500.0,19200,3300.0
O01771,2025-01-02,C0279,Meera Sharma,Male,37,Kolkata,West Bengal,East,P004,Smart Watch,Electronics,2,6500,0.0,13000.0,8000,5000.0
O01772,2025-09-14,C0821,Kavya Desai,Female,23,Pune,Maharashtra,West,P002,Smartphone,Electronics,1,28000,0.0,28000.0,21500,6500.0
O01773,2025-01-01,C0007,Ananya Khan,Male,53,Ahmedabad,Gujarat,West,P002,Smartphone,Electronics,3,28000,0.15,71400.0,64500,6900.0
O01774,2025-12-24,C0555,Rahul Iyer,Male,45,Chennai,Tamil Nadu,South,P012,Air Fryer,Home Appliances,3,7500,0.05,21375.0,14400,6975.0
O01775,2025-04-25,C0362,Karan Kapoor,Male,59,Jaipur,Rajasthan,North,P017,Table Lamp,Home Decor,2,1800,0.15,3060.0,1900,1160.0
O01776,2025-03-29,C0112,Sneha Shah,Male,35,Jaipur,Rajasthan,North,P018,Wall Clock,Home Decor,1,1500,0.05,1425.0,800,625.0
O01777,2025-07-16,C0232,Rahul Gupta,Male,31,Bhubaneswar,Odisha,East,P010,Yoga Mat,Sports,3,1200,0.1,3240.0,1950,1290.0
O01778,2025-04-02,C0159,Neha Joshi,Female,45,Pune,Maharashtra,West,P016,Jacket,Fashion,1,4500,0.05,4275.0,2700,1575.0
O01779,2025-10-01,C0797,Varun Nair,Male,49,Ahmedabad,Gujarat,West,P020,Notebook Set,Stationery,1,500,0.1,450.0,220,230.0
O01780,2025-12-10,C0366,Raj Desai,Female,45,Lucknow,Uttar Pradesh,North,P005,Office Chair,Furniture,2,8500,0.15,14450.0,12000,2450.0
O01781,2025-06-09,C0440,Raj Desai,Male,57,Pune,Maharashtra,West,P008,Backpack,Accessories,1,2200,0.15,1870.0,1200,670.0
O01782,2025-06-22,C0470,Aditi Khan,Female,42,Mumbai,Maharashtra,West,P020,Notebook Set,Stationery,2,500,0.1,900.0,440,460.0
O01783,2025-02-02,C0515,Amit Khan,Male,60,Kochi,Kerala,South,P007,Bookshelf,Furniture,2,7000,0.2,11200.0,9600,1600.0
O01784,2025-03-14,C0378,Isha Joshi,Female,30,Lucknow,Uttar Pradesh,North,P019,Cushion Set,Home Decor,1,1200,0.05,1140.0,600,540.0
O01785,2025-07-15,C0012,Aarav Reddy,Female,51,Mumbai,Maharashtra,West,P020,Notebook Set,Stationery,2,500,0.05,950.0,440,510.0
O01786,2025-10-11,C0243,Rahul Mehta,Female,59,Jaipur,Rajasthan,North,P014,T-Shirt,Fashion,4,1200,0.1,4320.0,2600,1720.0
O01787,2025-03-28,C0129,Neha Sharma,Male,28,Lucknow,Uttar Pradesh,North,P017,Table Lamp,Home Decor,1,1800,0.1,1620.0,950,670.0
O01788,2025-11-05,C0557,Ananya Gupta,Male,58,Delhi,Delhi,North,P015,Jeans,Fashion,2,2500,0.0,5000.0,2800,2200.0
O01789,2025-08-12,C0039,Ananya Kapoor,Male,35,Jaipur,Rajasthan,North,P014,T-Shirt,Fashion,1,1200,0.1,1080.0,650,430.0
O01790,2025-02-13,C0441,Raj Khan,Female,45,Kolkata,West Bengal,East,P006,Desk,Furniture,1,12000,0.1,10800.0,8500,2300.0
O01791,2025-12-02,C0148,Ananya Gupta,Male,28,Mumbai,Maharashtra,West,P002,Smartphone,Electronics,1,28000,0.15,23800.0,21500,2300.0
O01792,2025-05-18,C0907,Neha Iyer,Male,52,Bengaluru,Karnataka,South,P007,Bookshelf,Furniture,1,7000,0.15,5950.0,4800,1150.0
O01793,2025-09-27,C0244,Aditi Mehta,Male,33,Hyderabad,Telangana,South,P014,T-Shirt,Fashion,1,1200,0.1,1080.0,650,430.0
O01794,2025-12-25,C0236,Simran Singh,Male,36,Bengaluru,Karnataka,South,P002,Smartphone,Electronics,5,28000,0.0,140000.0,107500,32500.0
O01795,2025-02-05,C0865,Vikram Patel,Female,19,Chennai,Tamil Nadu,South,P001,Laptop,Electronics,2,55000,0.1,99000.0,84000,15000.0
O01796,2025-02-03,C0311,Neha Shah,Male,41,Ahmedabad,Gujarat,West,P003,Headphones,Electronics,2,2500,0.15,4250.0,2800,1450.0
O01797,2025-03-29,C0931,Vikram Sharma,Male,20,Kochi,Kerala,South,P014,T-Shirt,Fashion,1,1200,0.05,1140.0,650,490.0
O01798,2025-05-26,C0017,Raj Kapoor,Female,32,Chennai,Tamil Nadu,South,P020,Notebook Set,Stationery,2,500,0.1,900.0,440,460.0
O01799,2025-01-16,C0221,Varun Reddy,Female,26,Hyderabad,Telangana,South,P020,Notebook Set,Stationery,1,500,0.25,375.0,220,155.0
O01800,2025-08-21,C0542,Aditi Kapoor,Male,47,Kolkata,West Bengal,East,P010,Yoga Mat,Sports,1,1200,0.05,1140.0,650,490.0
O01801,2025-02-10,C0816,Aditi Iyer,Female,36,Pune,Maharashtra,West,P018,Wall Clock,Home Decor,1,1500,0.05,1425.0,800,625.0
O01802,2025-09-12,C0182,Meera Desai,Male,20,Pune,Maharashtra,West,P015,Jeans,Fashion,1,2500,0.05,2375.0,1400,975.0
O01803,2025-10-08,C0877,Arjun Mehta,Female,36,Bhubaneswar,Odisha,East,P010,Yoga Mat,Sports,1,1200,0.1,1080.0,650,430.0
O01804,2025-05-06,C0470,Aditi Khan,Female,42,Mumbai,Maharashtra,West,P012,Air Fryer,Home Appliances,2,7500,0.2,12000.0,9600,2400.0
O01805,2025-01-08,C0695,Sneha Nair,Female,18,Mumbai,Maharashtra,West,P003,Headphones,Electronics,3,2500,0.1,6750.0,4200,2550.0
O01806,2025-12-16,C0294,Varun Shah,Female,31,Kochi,Kerala,South,P020,Notebook Set,Stationery,1,500,0.05,475.0,220,255.0
O01807,2025-12-06,C0149,Neha Mehta,Female,50,Jaipur,Rajasthan,North,P008,Backpack,Accessories,1,2200,0.1,1980.0,1200,780.0
O01808,2025-11-20,C0847,Rohan Singh,Female,50,Delhi,Delhi,North,P009,Running Shoes,Sports,1,4500,0.1,4050.0,2700,1350.0
O01809,2025-06-25,C0881,Amit Shah,Female,41,Mumbai,Maharashtra,West,P014,T-Shirt,Fashion,4,1200,0.1,4320.0,2600,1720.0
O01810,2025-08-16,C0380,Nikhil Singh,Female,48,Jaipur,Rajasthan,North,P007,Bookshelf,Furniture,3,7000,0.05,19950.0,14400,5550.0
O01811,2025-11-19,C0005,Varun Joshi,Male,60,Pune,Maharashtra,West,P005,Office Chair,Furniture,2,8500,0.1,15300.0,12000,3300.0
O01812,2025-01-18,C0076,Rahul Joshi,Female,23,Lucknow,Uttar Pradesh,North,P013,Mixer Grinder,Home Appliances,4,4200,0.1,15120.0,10800,4320.0
O01813,2025-02-25,C0450,Aditi Nair,Female,24,Kolkata,West Bengal,East,P001,Laptop,Electronics,1,55000,0.0,55000.0,42000,13000.0
O01814,2025-02-04,C0016,Isha Kapoor,Male,45,Kolkata,West Bengal,East,P015,Jeans,Fashion,5,2500,0.1,11250.0,7000,4250.0
O01815,2025-04-28,C0294,Varun Shah,Female,31,Kochi,Kerala,South,P010,Yoga Mat,Sports,1,1200,0.25,900.0,650,250.0
O01816,2025-10-09,C0219,Kavya Kapoor,Male,57,Kochi,Kerala,South,P012,Air Fryer,Home Appliances,1,7500,0.1,6750.0,4800,1950.0
O01817,2025-09-11,C0594,Amit Joshi,Female,37,Chennai,Tamil Nadu,South,P013,Mixer Grinder,Home Appliances,2,4200,0.25,6300.0,5400,900.0
O01818,2025-08-01,C0038,Kavya Kapoor,Female,27,Lucknow,Uttar Pradesh,North,P010,Yoga Mat,Sports,1,1200,0.0,1200.0,650,550.0
O01819,2025-03-02,C0372,Raj Sharma,Male,58,Bhubaneswar,Odisha,East,P012,Air Fryer,Home Appliances,2,7500,0.15,12750.0,9600,3150.0
O01820,2025-03-29,C0456,Karan Patel,Female,29,Jaipur,Rajasthan,North,P014,T-Shirt,Fashion,1,1200,0.0,1200.0,650,550.0
O01821,2025-09-28,C0493,Aditi Iyer,Male,28,Ahmedabad,Gujarat,West,P015,Jeans,Fashion,2,2500,0.05,4750.0,2800,1950.0
O01822,2025-12-13,C0301,Rohan Nair,Female,32,Jaipur,Rajasthan,North,P015,Jeans,Fashion,1,2500,0.1,2250.0,1400,850.0
O01823,2025-02-01,C0219,Kavya Kapoor,Male,57,Kochi,Kerala,South,P018,Wall Clock,Home Decor,1,1500,0.1,1350.0,800,550.0
O01824,2025-05-13,C0560,Kavya Sharma,Female,52,Jaipur,Rajasthan,North,P003,Headphones,Electronics,3,2500,0.15,6375.0,4200,2175.0
O01825,2025-03-05,C0755,Arjun Reddy,Male,49,Kolkata,West Bengal,East,P008,Backpack,Accessories,3,2200,0.1,5940.0,3600,2340.0
O01826,2025-07-18,C0572,Amit Iyer,Female,23,Kochi,Kerala,South,P020,Notebook Set,Stationery,4,500,0.1,1800.0,880,920.0
O01827,2025-09-13,C0879,Amit Sharma,Male,37,Bengaluru,Karnataka,South,P008,Backpack,Accessories,2,2200,0.2,3520.0,2400,1120.0
O01828,2025-12-08,C0597,Pooja Mehta,Male,46,Kochi,Kerala,South,P003,Headphones,Electronics,2,2500,0.1,4500.0,2800,1700.0
O01829,2025-06-04,C0651,Pooja Khan,Female,37,Kochi,Kerala,South,P010,Yoga Mat,Sports,2,1200,0.05,2280.0,1300,980.0
O01830,2025-08-19,C0117,Rahul Mehta,Female,54,Kochi,Kerala,South,P002,Smartphone,Electronics,1,28000,0.05,26600.0,21500,5100.0
O01831,2025-10-28,C0313,Aditi Singh,Female,58,Pune,Maharashtra,West,P004,Smart Watch,Electronics,1,6500,0.1,5850.0,4000,1850.0
O01832,2025-02-04,C0369,Karan Singh,Male,35,Kochi,Kerala,South,P020,Notebook Set,Stationery,1,500,0.15,425.0,220,205.0
O01833,2025-01-26,C0182,Meera Desai,Male,20,Pune,Maharashtra,West,P011,Coffee Maker,Home Appliances,3,5500,0.0,16500.0,10200,6300.0
O01834,2025-01-23,C0408,Varun Patel,Female,52,Pune,Maharashtra,West,P005,Office Chair,Furniture,1,8500,0.05,8075.0,6000,2075.0
O01835,2025-05-21,C0209,Rahul Sharma,Male,54,Jaipur,Rajasthan,North,P020,Notebook Set,Stationery,4,500,0.0,2000.0,880,1120.0
O01836,2025-10-12,C0565,Raj Nair,Male,42,Kochi,Kerala,South,P020,Notebook Set,Stationery,2,500,0.1,900.0,440,460.0
O01837,2025-11-16,C0356,Rahul Desai,Female,38,Kolkata,West Bengal,East,P009,Running Shoes,Sports,2,4500,0.05,8550.0,5400,3150.0
O01838,2025-06-05,C0346,Nikhil Kapoor,Male,30,Ahmedabad,Gujarat,West,P005,Office Chair,Furniture,1,8500,0.05,8075.0,6000,2075.0
O01839,2025-04-23,C0969,Karan Khan,Male,59,Chennai,Tamil Nadu,South,P017,Table Lamp,Home Decor,1,1800,0.1,1620.0,950,670.0
O01840,2025-05-19,C0290,Vikram Verma,Male,25,Delhi,Delhi,North,P014,T-Shirt,Fashion,4,1200,0.15,4080.0,2600,1480.0
O01841,2025-07-28,C0265,Arjun Joshi,Male,30,Kochi,Kerala,South,P014,T-Shirt,Fashion,1,1200,0.05,1140.0,650,490.0
O01842,2025-11-19,C0230,Arjun Reddy,Female,25,Hyderabad,Telangana,South,P019,Cushion Set,Home Decor,1,1200,0.1,1080.0,600,480.0
O01843,2025-12-30,C0822,Raj Khan,Female,57,Mumbai,Maharashtra,West,P014,T-Shirt,Fashion,1,1200,0.0,1200.0,650,550.0
O01844,2025-03-27,C0379,Priya Reddy,Female,53,Lucknow,Uttar Pradesh,North,P005,Office Chair,Furniture,1,8500,0.2,6800.0,6000,800.0
O01845,2025-10-12,C0476,Aditi Iyer,Male,46,Bengaluru,Karnataka,South,P014,T-Shirt,Fashion,1,1200,0.05,1140.0,650,490.0
O01846,2025-03-01,C0126,Simran Desai,Male,36,Bengaluru,Karnataka,South,P006,Desk,Furniture,2,12000,0.25,18000.0,17000,1000.0
O01847,2025-02-23,C0420,Aditi Nair,Male,31,Bhubaneswar,Odisha,East,P015,Jeans,Fashion,1,2500,0.25,1875.0,1400,475.0
O01848,2025-04-03,C0196,Rohan Desai,Female,25,Bengaluru,Karnataka,South,P013,Mixer Grinder,Home Appliances,2,4200,0.15,7140.0,5400,1740.0
O01849,2025-11-21,C0612,Varun Gupta,Male,19,Lucknow,Uttar Pradesh,North,P002,Smartphone,Electronics,1,28000,0.0,28000.0,21500,6500.0
O01850,2025-09-22,C0736,Rahul Gupta,Male,42,Bengaluru,Karnataka,South,P010,Yoga Mat,Sports,3,1200,0.1,3240.0,1950,1290.0
O01851,2025-08-01,C0595,Aarav Kapoor,Female,41,Chennai,Tamil Nadu,South,P007,Bookshelf,Furniture,3,7000,0.0,21000.0,14400,6600.0
O01852,2025-11-29,C0612,Varun Gupta,Male,19,Lucknow,Uttar Pradesh,North,P007,Bookshelf,Furniture,1,7000,0.2,5600.0,4800,800.0
O01853,2025-01-10,C0394,Aditi Gupta,Male,25,Lucknow,Uttar Pradesh,North,P012,Air Fryer,Home Appliances,1,7500,0.15,6375.0,4800,1575.0
O01854,2025-12-24,C0592,Pooja Khan,Female,56,Chennai,Tamil Nadu,South,P007,Bookshelf,Furniture,1,7000,0.25,5250.0,4800,450.0
O01855,2025-07-22,C0315,Varun Khan,Female,22,Kochi,Kerala,South,P016,Jacket,Fashion,3,4500,0.1,12150.0,8100,4050.0
O01856,2025-07-15,C0527,Pooja Reddy,Female,55,Chennai,Tamil Nadu,South,P002,Smartphone,Electronics,2,28000,0.1,50400.0,43000,7400.0
O01857,2025-02-27,C0184,Arjun Khan,Male,59,Kochi,Kerala,South,P014,T-Shirt,Fashion,3,1200,0.1,3240.0,1950,1290.0
O01858,2025-09-13,C0048,Rohan Desai,Female,25,Kolkata,West Bengal,East,P017,Table Lamp,Home Decor,1,1800,0.1,1620.0,950,670.0
O01859,2025-08-11,C0307,Vikram Shah,Female,39,Hyderabad,Telangana,South,P014,T-Shirt,Fashion,1,1200,0.1,1080.0,650,430.0
O01860,2025-06-29,C0349,Amit Reddy,Male,41,Pune,Maharashtra,West,P010,Yoga Mat,Sports,1,1200,0.1,1080.0,650,430.0
O01861,2025-12-28,C0182,Meera Desai,Male,20,Pune,Maharashtra,West,P020,Notebook Set,Stationery,1,500,0.2,400.0,220,180.0
O01862,2025-02-04,C0609,Aditi Iyer,Male,41,Chennai,Tamil Nadu,South,P006,Desk,Furniture,2,12000,0.1,21600.0,17000,4600.0
O01863,2025-12-25,C0050,Neha Khan,Male,29,Lucknow,Uttar Pradesh,North,P001,Laptop,Electronics,1,55000,0.2,44000.0,42000,2000.0
O01864,2025-04-13,C0157,Aarav Kapoor,Female,44,Kolkata,West Bengal,East,P009,Running Shoes,Sports,2,4500,0.2,7200.0,5400,1800.0
O01865,2025-06-10,C0633,Nikhil Patel,Male,37,Jaipur,Rajasthan,North,P001,Laptop,Electronics,2,55000,0.1,99000.0,84000,15000.0
O01866,2025-07-19,C0327,Arjun Nair,Male,35,Chennai,Tamil Nadu,South,P020,Notebook Set,Stationery,3,500,0.1,1350.0,660,690.0
O01867,2025-06-09,C0584,Amit Reddy,Female,59,Jaipur,Rajasthan,North,P004,Smart Watch,Electronics,1,6500,0.1,5850.0,4000,1850.0
O01868,2025-07-02,C0444,Ananya Sharma,Male,59,Kolkata,West Bengal,East,P016,Jacket,Fashion,3,4500,0.1,12150.0,8100,4050.0
O01869,2025-12-19,C0910,Arjun Nair,Male,41,Bhubaneswar,Odisha,East,P016,Jacket,Fashion,5,4500,0.0,22500.0,13500,9000.0
O01870,2025-05-16,C0474,Rahul Gupta,Male,57,Mumbai,Maharashtra,West,P004,Smart Watch,Electronics,3,6500,0.1,17550.0,12000,5550.0
O01871,2025-08-14,C0010,Sneha Kapoor,Female,55,Bengaluru,Karnataka,South,P013,Mixer Grinder,Home Appliances,2,4200,0.25,6300.0,5400,900.0
O01872,2025-08-31,C0258,Arjun Sharma,Male,46,Hyderabad,Telangana,South,P001,Laptop,Electronics,3,55000,0.0,165000.0,126000,39000.0
O01873,2025-04-16,C0099,Vikram Mehta,Female,28,Bhubaneswar,Odisha,East,P010,Yoga Mat,Sports,2,1200,0.15,2040.0,1300,740.0
O01874,2025-03-12,C0867,Rahul Nair,Male,56,Bhubaneswar,Odisha,East,P001,Laptop,Electronics,1,55000,0.2,44000.0,42000,2000.0
O01875,2025-03-18,C0071,Kavya Reddy,Male,54,Delhi,Delhi,North,P019,Cushion Set,Home Decor,2,1200,0.15,2040.0,1200,840.0
O01876,2025-02-23,C0286,Simran Desai,Male,47,Bhubaneswar,Odisha,East,P020,Notebook Set,Stationery,2,500,0.1,900.0,440,460.0
O01877,2025-10-04,C0160,Arjun Sharma,Female,21,Kochi,Kerala,South,P004,Smart Watch,Electronics,5,6500,0.15,27625.0,20000,7625.0
O01878,2025-04-21,C0754,Nikhil Kapoor,Female,28,Mumbai,Maharashtra,West,P004,Smart Watch,Electronics,2,6500,0.1,11700.0,8000,3700.0
O01879,2025-08-12,C0223,Vikram Reddy,Male,31,Bhubaneswar,Odisha,East,P015,Jeans,Fashion,1,2500,0.0,2500.0,1400,1100.0
O01880,2025-03-16,C0985,Meera Sharma,Male,44,Kochi,Kerala,South,P005,Office Chair,Furniture,2,8500,0.25,12750.0,12000,750.0
O01881,2025-01-14,C0026,Aditi Mehta,Female,56,Pune,Maharashtra,West,P019,Cushion Set,Home Decor,4,1200,0.1,4320.0,2400,1920.0
O01882,2025-09-15,C0089,Aarav Sharma,Female,30,Bengaluru,Karnataka,South,P012,Air Fryer,Home Appliances,1,7500,0.15,6375.0,4800,1575.0
O01883,2025-07-08,C0159,Neha Joshi,Female,45,Pune,Maharashtra,West,P008,Backpack,Accessories,1,2200,0.1,1980.0,1200,780.0
O01884,2025-12-30,C0708,Raj Khan,Female,51,Ahmedabad,Gujarat,West,P017,Table Lamp,Home Decor,2,1800,0.0,3600.0,1900,1700.0
O01885,2025-08-27,C0798,Pooja Shah,Male,49,Ahmedabad,Gujarat,West,P010,Yoga Mat,Sports,1,1200,0.25,900.0,650,250.0
O01886,2025-11-30,C0049,Aarav Reddy,Male,51,Bhubaneswar,Odisha,East,P019,Cushion Set,Home Decor,1,1200,0.15,1020.0,600,420.0
O01887,2025-10-31,C0022,Vikram Joshi,Female,49,Bengaluru,Karnataka,South,P019,Cushion Set,Home Decor,1,1200,0.05,1140.0,600,540.0
O01888,2025-04-01,C0628,Isha Khan,Male,42,Bengaluru,Karnataka,South,P003,Headphones,Electronics,3,2500,0.25,5625.0,4200,1425.0
O01889,2025-07-03,C0092,Rohan Gupta,Female,40,Pune,Maharashtra,West,P001,Laptop,Electronics,1,55000,0.15,46750.0,42000,4750.0
O01890,2025-01-17,C0092,Rohan Gupta,Female,40,Pune,Maharashtra,West,P020,Notebook Set,Stationery,1,500,0.1,450.0,220,230.0
O01891,2025-01-12,C0015,Kavya Reddy,Female,20,Delhi,Delhi,North,P019,Cushion Set,Home Decor,2,1200,0.1,2160.0,1200,960.0
O01892,2025-06-15,C0034,Priya Gupta,Female,18,Ahmedabad,Gujarat,West,P002,Smartphone,Electronics,4,28000,0.0,112000.0,86000,26000.0
O01893,2025-05-26,C0188,Kavya Patel,Male,19,Mumbai,Maharashtra,West,P017,Table Lamp,Home Decor,5,1800,0.1,8100.0,4750,3350.0
O01894,2025-10-09,C0044,Meera Singh,Female,44,Jaipur,Rajasthan,North,P009,Running Shoes,Sports,1,4500,0.0,4500.0,2700,1800.0
O01895,2025-02-06,C0271,Ananya Shah,Female,48,Kolkata,West Bengal,East,P005,Office Chair,Furniture,4,8500,0.1,30600.0,24000,6600.0
O01896,2025-03-11,C0736,Rahul Gupta,Male,42,Bengaluru,Karnataka,South,P018,Wall Clock,Home Decor,1,1500,0.1,1350.0,800,550.0
O01897,2025-06-18,C0237,Sneha Shah,Female,55,Pune,Maharashtra,West,P004,Smart Watch,Electronics,2,6500,0.2,10400.0,8000,2400.0
O01898,2025-12-01,C0609,Aditi Iyer,Male,41,Chennai,Tamil Nadu,South,P020,Notebook Set,Stationery,2,500,0.15,850.0,440,410.0
O01899,2025-06-19,C0064,Arjun Sharma,Male,44,Hyderabad,Telangana,South,P004,Smart Watch,Electronics,1,6500,0.05,6175.0,4000,2175.0
O01900,2025-09-10,C0535,Neha Joshi,Female,55,Delhi,Delhi,North,P013,Mixer Grinder,Home Appliances,2,4200,0.2,6720.0,5400,1320.0
O01901,2025-12-12,C0229,Rohan Singh,Male,52,Lucknow,Uttar Pradesh,North,P004,Smart Watch,Electronics,1,6500,0.1,5850.0,4000,1850.0
O01902,2025-10-24,C0634,Priya Verma,Female,47,Chennai,Tamil Nadu,South,P011,Coffee Maker,Home Appliances,3,5500,0.1,14850.0,10200,4650.0
O01903,2025-05-22,C0094,Vikram Kapoor,Male,59,Delhi,Delhi,North,P014,T-Shirt,Fashion,1,1200,0.05,1140.0,650,490.0
O01904,2025-09-30,C0826,Neha Iyer,Male,29,Bhubaneswar,Odisha,East,P003,Headphones,Electronics,2,2500,0.2,4000.0,2800,1200.0
O01905,2025-08-13,C0172,Ananya Verma,Male,20,Lucknow,Uttar Pradesh,North,P010,Yoga Mat,Sports,1,1200,0.2,960.0,650,310.0
O01906,2025-07-02,C0258,Arjun Sharma,Male,46,Hyderabad,Telangana,South,P010,Yoga Mat,Sports,1,1200,0.15,1020.0,650,370.0
O01907,2025-08-09,C0909,Simran Joshi,Male,19,Delhi,Delhi,North,P002,Smartphone,Electronics,5,28000,0.2,112000.0,107500,4500.0
O01908,2025-02-22,C0455,Raj Reddy,Male,24,Kolkata,West Bengal,East,P017,Table Lamp,Home Decor,2,1800,0.05,3420.0,1900,1520.0
O01909,2025-04-28,C0268,Kavya Shah,Female,36,Pune,Maharashtra,West,P007,Bookshelf,Furniture,4,7000,0.2,22400.0,19200,3200.0
O01910,2025-12-31,C0908,Pooja Patel,Female,33,Mumbai,Maharashtra,West,P012,Air Fryer,Home Appliances,1,7500,0.1,6750.0,4800,1950.0
O01911,2025-06-08,C0239,Rohan Mehta,Male,19,Mumbai,Maharashtra,West,P010,Yoga Mat,Sports,1,1200,0.05,1140.0,650,490.0
O01912,2025-05-16,C0065,Arjun Singh,Female,59,Delhi,Delhi,North,P010,Yoga Mat,Sports,2,1200,0.15,2040.0,1300,740.0
O01913,2025-03-18,C0994,Karan Patel,Male,57,Jaipur,Rajasthan,North,P002,Smartphone,Electronics,1,28000,0.15,23800.0,21500,2300.0
O01914,2025-12-02,C0191,Amit Gupta,Female,52,Lucknow,Uttar Pradesh,North,P009,Running Shoes,Sports,1,4500,0.05,4275.0,2700,1575.0
O01915,2025-02-14,C0760,Raj Khan,Female,42,Chennai,Tamil Nadu,South,P009,Running Shoes,Sports,2,4500,0.0,9000.0,5400,3600.0
O01916,2025-01-18,C0115,Amit Khan,Male,41,Ahmedabad,Gujarat,West,P015,Jeans,Fashion,1,2500,0.05,2375.0,1400,975.0
O01917,2025-12-21,C0613,Rohan Mehta,Male,25,Mumbai,Maharashtra,West,P017,Table Lamp,Home Decor,1,1800,0.1,1620.0,950,670.0
O01918,2025-07-24,C0404,Aditi Gupta,Male,18,Bhubaneswar,Odisha,East,P011,Coffee Maker,Home Appliances,1,5500,0.05,5225.0,3400,1825.0
O01919,2025-11-20,C0964,Sneha Joshi,Female,36,Jaipur,Rajasthan,North,P002,Smartphone,Electronics,2,28000,0.05,53200.0,43000,10200.0
O01920,2025-03-24,C0431,Rahul Patel,Male,42,Kochi,Kerala,South,P004,Smart Watch,Electronics,2,6500,0.1,11700.0,8000,3700.0
O01921,2025-02-19,C0017,Raj Kapoor,Female,32,Chennai,Tamil Nadu,South,P003,Headphones,Electronics,1,2500,0.25,1875.0,1400,475.0
O01922,2025-10-08,C0479,Aarav Singh,Male,51,Bhubaneswar,Odisha,East,P003,Headphones,Electronics,2,2500,0.15,4250.0,2800,1450.0
O01923,2025-06-15,C0101,Nikhil Shah,Male,21,Chennai,Tamil Nadu,South,P008,Backpack,Accessories,1,2200,0.05,2090.0,1200,890.0
O01924,2025-08-31,C0692,Kavya Gupta,Female,32,Bhubaneswar,Odisha,East,P004,Smart Watch,Electronics,3,6500,0.25,14625.0,12000,2625.0
O01925,2025-06-13,C0768,Karan Nair,Male,58,Bengaluru,Karnataka,South,P004,Smart Watch,Electronics,4,6500,0.15,22100.0,16000,6100.0
O01926,2025-11-20,C0366,Raj Desai,Female,45,Lucknow,Uttar Pradesh,North,P002,Smartphone,Electronics,2,28000,0.1,50400.0,43000,7400.0
O01927,2025-02-25,C0674,Pooja Joshi,Female,43,Lucknow,Uttar Pradesh,North,P001,Laptop,Electronics,1,55000,0.1,49500.0,42000,7500.0
O01928,2025-02-08,C0101,Nikhil Shah,Male,21,Chennai,Tamil Nadu,South,P002,Smartphone,Electronics,2,28000,0.1,50400.0,43000,7400.0
O01929,2025-11-15,C0375,Aarav Patel,Male,30,Chennai,Tamil Nadu,South,P003,Headphones,Electronics,2,2500,0.05,4750.0,2800,1950.0
O01930,2025-05-08,C0291,Sneha Desai,Female,35,Chennai,Tamil Nadu,South,P009,Running Shoes,Sports,5,4500,0.1,20250.0,13500,6750.0
O01931,2025-05-02,C0487,Priya Patel,Female,43,Kochi,Kerala,South,P010,Yoga Mat,Sports,5,1200,0.1,5400.0,3250,2150.0
O01932,2025-09-04,C0030,Pooja Sharma,Female,24,Lucknow,Uttar Pradesh,North,P003,Headphones,Electronics,3,2500,0.1,6750.0,4200,2550.0
O01933,2025-07-05,C0637,Rohan Verma,Male,56,Lucknow,Uttar Pradesh,North,P009,Running Shoes,Sports,1,4500,0.15,3825.0,2700,1125.0
O01934,2025-07-27,C0054,Aarav Iyer,Female,21,Mumbai,Maharashtra,West,P007,Bookshelf,Furniture,4,7000,0.1,25200.0,19200,6000.0
O01935,2025-11-11,C0532,Ananya Desai,Female,38,Chennai,Tamil Nadu,South,P003,Headphones,Electronics,2,2500,0.15,4250.0,2800,1450.0
O01936,2025-10-31,C0013,Sneha Desai,Male,49,Lucknow,Uttar Pradesh,North,P001,Laptop,Electronics,3,55000,0.1,148500.0,126000,22500.0
O01937,2025-08-27,C0735,Nikhil Joshi,Female,54,Kolkata,West Bengal,East,P010,Yoga Mat,Sports,1,1200,0.25,900.0,650,250.0
O01938,2025-08-03,C0122,Arjun Mehta,Female,22,Hyderabad,Telangana,South,P014,T-Shirt,Fashion,1,1200,0.1,1080.0,650,430.0
O01939,2025-10-19,C0396,Meera Reddy,Female,53,Mumbai,Maharashtra,West,P004,Smart Watch,Electronics,1,6500,0.2,5200.0,4000,1200.0
O01940,2025-08-12,C0186,Meera Gupta,Female,33,Kochi,Kerala,South,P003,Headphones,Electronics,1,2500,0.15,2125.0,1400,725.0
O01941,2025-03-29,C0603,Simran Desai,Female,54,Jaipur,Rajasthan,North,P019,Cushion Set,Home Decor,1,1200,0.1,1080.0,600,480.0
O01942,2025-01-25,C0233,Pooja Reddy,Male,30,Pune,Maharashtra,West,P005,Office Chair,Furniture,3,8500,0.15,21675.0,18000,3675.0
O01943,2025-08-08,C0606,Amit Gupta,Female,59,Delhi,Delhi,North,P004,Smart Watch,Electronics,1,6500,0.0,6500.0,4000,2500.0
O01944,2025-10-02,C0204,Varun Desai,Female,53,Pune,Maharashtra,West,P018,Wall Clock,Home Decor,1,1500,0.25,1125.0,800,325.0
O01945,2025-05-15,C0637,Rohan Verma,Male,56,Lucknow,Uttar Pradesh,North,P017,Table Lamp,Home Decor,1,1800,0.0,1800.0,950,850.0
O01946,2025-08-21,C0021,Varun Joshi,Male,28,Ahmedabad,Gujarat,West,P009,Running Shoes,Sports,1,4500,0.1,4050.0,2700,1350.0
O01947,2025-03-07,C0203,Aditi Patel,Male,18,Ahmedabad,Gujarat,West,P010,Yoga Mat,Sports,5,1200,0.05,5700.0,3250,2450.0
O01948,2025-03-21,C0381,Rahul Gupta,Male,19,Pune,Maharashtra,West,P004,Smart Watch,Electronics,1,6500,0.1,5850.0,4000,1850.0
O01949,2025-09-12,C0031,Ananya Patel,Male,21,Kolkata,West Bengal,East,P002,Smartphone,Electronics,1,28000,0.1,25200.0,21500,3700.0
O01950,2025-05-05,C0130,Amit Reddy,Female,29,Jaipur,Rajasthan,North,P012,Air Fryer,Home Appliances,3,7500,0.2,18000.0,14400,3600.0
O01951,2025-05-26,C0883,Aditi Nair,Male,27,Kochi,Kerala,South,P002,Smartphone,Electronics,3,28000,0.1,75600.0,64500,11100.0
O01952,2025-04-13,C0956,Simran Kapoor,Female,47,Mumbai,Maharashtra,West,P009,Running Shoes,Sports,1,4500,0.25,3375.0,2700,675.0
O01953,2025-10-04,C0623,Rohan Sharma,Male,26,Bhubaneswar,Odisha,East,P020,Notebook Set,Stationery,2,500,0.1,900.0,440,460.0
O01954,2025-05-04,C0179,Arjun Reddy,Male,46,Hyderabad,Telangana,South,P020,Notebook Set,Stationery,2,500,0.05,950.0,440,510.0
O01955,2025-09-24,C0186,Meera Gupta,Female,33,Kochi,Kerala,South,P004,Smart Watch,Electronics,2,6500,0.05,12350.0,8000,4350.0
O01956,2025-10-05,C0521,Amit Desai,Male,43,Delhi,Delhi,North,P013,Mixer Grinder,Home Appliances,1,4200,0.15,3570.0,2700,870.0
O01957,2025-04-21,C0081,Varun Gupta,Male,30,Lucknow,Uttar Pradesh,North,P010,Yoga Mat,Sports,5,1200,0.0,6000.0,3250,2750.0
O01958,2025-11-09,C0906,Nikhil Nair,Male,42,Mumbai,Maharashtra,West,P018,Wall Clock,Home Decor,1,1500,0.1,1350.0,800,550.0
O01959,2025-03-30,C0159,Neha Joshi,Female,45,Pune,Maharashtra,West,P005,Office Chair,Furniture,1,8500,0.05,8075.0,6000,2075.0
O01960,2025-06-07,C1000,Kavya Reddy,Male,60,Bhubaneswar,Odisha,East,P001,Laptop,Electronics,1,55000,0.1,49500.0,42000,7500.0
O01961,2025-08-04,C0379,Priya Reddy,Female,53,Lucknow,Uttar Pradesh,North,P003,Headphones,Electronics,1,2500,0.15,2125.0,1400,725.0
O01962,2025-10-28,C0659,Varun Nair,Female,34,Pune,Maharashtra,West,P008,Backpack,Accessories,4,2200,0.1,7920.0,4800,3120.0
O01963,2025-02-05,C0002,Raj Iyer,Male,55,Chennai,Tamil Nadu,South,P006,Desk,Furniture,2,12000,0.05,22800.0,17000,5800.0
O01964,2025-03-28,C0813,Raj Desai,Male,23,Hyderabad,Telangana,South,P016,Jacket,Fashion,1,4500,0.05,4275.0,2700,1575.0
O01965,2025-04-28,C0193,Kavya Joshi,Male,47,Mumbai,Maharashtra,West,P014,T-Shirt,Fashion,1,1200,0.1,1080.0,650,430.0
O01966,2025-11-24,C0544,Varun Joshi,Male,47,Bengaluru,Karnataka,South,P006,Desk,Furniture,1,12000,0.0,12000.0,8500,3500.0
O01967,2025-07-01,C0702,Amit Khan,Female,46,Lucknow,Uttar Pradesh,North,P009,Running Shoes,Sports,4,4500,0.1,16200.0,10800,5400.0
O01968,2025-03-09,C0114,Ananya Joshi,Female,39,Kochi,Kerala,South,P002,Smartphone,Electronics,2,28000,0.1,50400.0,43000,7400.0
O01969,2025-12-25,C0332,Aarav Verma,Male,29,Mumbai,Maharashtra,West,P019,Cushion Set,Home Decor,2,1200,0.0,2400.0,1200,1200.0
O01970,2025-06-08,C0377,Aarav Singh,Male,54,Jaipur,Rajasthan,North,P020,Notebook Set,Stationery,2,500,0.1,900.0,440,460.0
O01971,2025-10-12,C0225,Aarav Patel,Female,47,Chennai,Tamil Nadu,South,P020,Notebook Set,Stationery,2,500,0.1,900.0,440,460.0
O01972,2025-06-13,C0366,Raj Desai,Female,45,Lucknow,Uttar Pradesh,North,P018,Wall Clock,Home Decor,2,1500,0.05,2850.0,1600,1250.0
O01973,2025-12-27,C0230,Arjun Reddy,Female,25,Hyderabad,Telangana,South,P003,Headphones,Electronics,1,2500,0.1,2250.0,1400,850.0
O01974,2025-03-14,C0264,Varun Patel,Female,47,Kolkata,West Bengal,East,P001,Laptop,Electronics,3,55000,0.1,148500.0,126000,22500.0
O01975,2025-04-29,C0546,Priya Verma,Female,46,Hyderabad,Telangana,South,P012,Air Fryer,Home Appliances,2,7500,0.1,13500.0,9600,3900.0
O01976,2025-12-07,C0508,Kavya Singh,Female,30,Chennai,Tamil Nadu,South,P019,Cushion Set,Home Decor,2,1200,0.15,2040.0,1200,840.0
O01977,2025-07-14,C0164,Priya Gupta,Male,25,Delhi,Delhi,North,P003,Headphones,Electronics,5,2500,0.05,11875.0,7000,4875.0
O01978,2025-03-30,C0826,Neha Iyer,Male,29,Bhubaneswar,Odisha,East,P001,Laptop,Electronics,3,55000,0.1,148500.0,126000,22500.0
O01979,2025-12-11,C0776,Kavya Kapoor,Female,18,Bhubaneswar,Odisha,East,P016,Jacket,Fashion,3,4500,0.1,12150.0,8100,4050.0
O01980,2025-03-17,C0391,Aarav Sharma,Female,51,Chennai,Tamil Nadu,South,P002,Smartphone,Electronics,4,28000,0.05,106400.0,86000,20400.0
O01981,2025-08-09,C0324,Rohan Iyer,Female,51,Kolkata,West Bengal,East,P009,Running Shoes,Sports,1,4500,0.15,3825.0,2700,1125.0
O01982,2025-05-19,C0277,Arjun Sharma,Female,53,Kolkata,West Bengal,East,P014,T-Shirt,Fashion,1,1200,0.1,1080.0,650,430.0
O01983,2025-08-29,C0586,Isha Mehta,Female,47,Chennai,Tamil Nadu,South,P004,Smart Watch,Electronics,2,6500,0.1,11700.0,8000,3700.0
O01984,2025-06-03,C0548,Neha Shah,Male,60,Pune,Maharashtra,West,P002,Smartphone,Electronics,1,28000,0.15,23800.0,21500,2300.0
O01985,2025-02-22,C0138,Aarav Kapoor,Male,58,Lucknow,Uttar Pradesh,North,P016,Jacket,Fashion,3,4500,0.15,11475.0,8100,3375.0
O01986,2025-05-22,C0548,Neha Shah,Male,60,Pune,Maharashtra,West,P013,Mixer Grinder,Home Appliances,2,4200,0.25,6300.0,5400,900.0
O01987,2025-11-16,C0179,Arjun Reddy,Male,46,Hyderabad,Telangana,South,P020,Notebook Set,Stationery,2,500,0.1,900.0,440,460.0
O01988,2025-01-31,C0013,Sneha Desai,Male,49,Lucknow,Uttar Pradesh,North,P007,Bookshelf,Furniture,5,7000,0.2,28000.0,24000,4000.0
O01989,2025-08-11,C0578,Raj Shah,Male,60,Chennai,Tamil Nadu,South,P002,Smartphone,Electronics,1,28000,0.0,28000.0,21500,6500.0
O01990,2025-10-19,C0520,Pooja Singh,Female,58,Mumbai,Maharashtra,West,P015,Jeans,Fashion,2,2500,0.1,4500.0,2800,1700.0
O01991,2025-09-23,C0305,Amit Iyer,Male,35,Bengaluru,Karnataka,South,P010,Yoga Mat,Sports,2,1200,0.05,2280.0,1300,980.0
O01992,2025-10-09,C0406,Meera Kapoor,Female,38,Kolkata,West Bengal,East,P004,Smart Watch,Electronics,1,6500,0.0,6500.0,4000,2500.0
O01993,2025-10-03,C0904,Neha Reddy,Female,27,Bhubaneswar,Odisha,East,P016,Jacket,Fashion,1,4500,0.1,4050.0,2700,1350.0
O01994,2025-02-13,C0471,Neha Sharma,Male,25,Kolkata,West Bengal,East,P004,Smart Watch,Electronics,3,6500,0.15,16575.0,12000,4575.0
O01995,2025-03-03,C0534,Meera Khan,Female,23,Ahmedabad,Gujarat,West,P005,Office Chair,Furniture,2,8500,0.1,15300.0,12000,3300.0
O01996,2025-07-20,C0044,Meera Singh,Female,44,Jaipur,Rajasthan,North,P002,Smartphone,Electronics,3,28000,0.15,71400.0,64500,6900.0
O01997,2025-12-01,C0116,Nikhil Gupta,Female,36,Kochi,Kerala,South,P008,Backpack,Accessories,2,2200,0.1,3960.0,2400,1560.0
O01998,2025-01-09,C0217,Isha Nair,Female,52,Jaipur,Rajasthan,North,P009,Running Shoes,Sports,1,4500,0.1,4050.0,2700,1350.0
O01999,2025-03-12,C0418,Rahul Patel,Male,34,Lucknow,Uttar Pradesh,North,P010,Yoga Mat,Sports,1,1200,0.05,1140.0,650,490.0
O02000,2025-03-31,C0666,Sneha Mehta,Female,28,Bengaluru,Karnataka,South,P014,T-Shirt,Fashion,1,1200,0.1,1080.0,650,430.0
O02001,2025-01-24,C0233,Pooja Reddy,Male,30,Pune,Maharashtra,West,P019,Cushion Set,Home Decor,4,1200,0.1,4320.0,2400,1920.0
O02002,2025-05-20,C0261,Sneha Nair,Female,18,Mumbai,Maharashtra,West,P003,Headphones,Electronics,1,2500,0.15,2125.0,1400,725.0
O02003,2025-11-12,C0182,Meera Desai,Male,20,Pune,Maharashtra,West,P001,Laptop,Electronics,5,55000,0.0,275000.0,210000,65000.0
O02004,2025-12-06,C0181,Aarav Verma,Male,60,Ahmedabad,Gujarat,West,P001,Laptop,Electronics,5,55000,0.0,275000.0,210000,65000.0
O02005,2025-03-19,C0907,Neha Iyer,Male,52,Bengaluru,Karnataka,South,P003,Headphones,Electronics,5,2500,0.15,10625.0,7000,3625.0
O02006,2025-08-02,C0511,Neha Patel,Male,21,Lucknow,Uttar Pradesh,North,P014,T-Shirt,Fashion,1,1200,0.1,1080.0,650,430.0
O02007,2025-01-16,C0108,Aditi Reddy,Female,28,Chennai,Tamil Nadu,South,P015,Jeans,Fashion,4,2500,0.1,9000.0,5600,3400.0
O02008,2025-01-29,C0603,Simran Desai,Female,54,Jaipur,Rajasthan,North,P016,Jacket,Fashion,1,4500,0.05,4275.0,2700,1575.0
O02009,2025-10-18,C0603,Simran Desai,Female,54,Jaipur,Rajasthan,North,P005,Office Chair,Furniture,1,8500,0.1,7650.0,6000,1650.0
O02010,2025-02-12,C0543,Neha Khan,Male,20,Jaipur,Rajasthan,North,P006,Desk,Furniture,1,12000,0.15,10200.0,8500,1700.0
O02011,2025-12-18,C0093,Neha Iyer,Female,20,Pune,Maharashtra,West,P010,Yoga Mat,Sports,4,1200,0.2,3840.0,2600,1240.0
O02012,2025-02-22,C0303,Rohan Kapoor,Female,46,Bhubaneswar,Odisha,East,P002,Smartphone,Electronics,1,28000,0.15,23800.0,21500,2300.0
O02013,2025-10-03,C0073,Rohan Sharma,Female,54,Ahmedabad,Gujarat,West,P013,Mixer Grinder,Home Appliances,2,4200,0.0,8400.0,5400,3000.0
O02014,2025-08-20,C0715,Karan Iyer,Male,54,Kochi,Kerala,South,P020,Notebook Set,Stationery,1,500,0.15,425.0,220,205.0
O02015,2025-07-31,C0531,Pooja Shah,Female,49,Chennai,Tamil Nadu,South,P008,Backpack,Accessories,1,2200,0.05,2090.0,1200,890.0
O02016,2025-01-08,C0389,Varun Nair,Male,53,Kolkata,West Bengal,East,P015,Jeans,Fashion,1,2500,0.05,2375.0,1400,975.0
O02017,2025-05-02,C0250,Isha Joshi,Female,48,Lucknow,Uttar Pradesh,North,P010,Yoga Mat,Sports,3,1200,0.05,3420.0,1950,1470.0
O02018,2025-02-11,C0129,Neha Sharma,Male,28,Lucknow,Uttar Pradesh,North,P003,Headphones,Electronics,2,2500,0.15,4250.0,2800,1450.0
O02019,2025-11-29,C0073,Rohan Sharma,Female,54,Unknown,Gujarat,West,P012,Air Fryer,Home Appliances,3,7500,0.15,19125.0,14400,4725.0
O02020,2025-08-21,C0942,Rohan Patel,Female,19,Kolkata,West Bengal,East,P006,Desk,Furniture,2,12000,0.1,21600.0,17000,4600.0
O02021,2025-03-11,C0140,Rahul Iyer,Male,23,Jaipur,Rajasthan,North,P001,Laptop,Electronics,4,55000,0.15,187000.0,168000,19000.0
O02022,2025-01-16,C0041,Pooja Joshi,Female,52,Mumbai,Maharashtra,West,P013,Mixer Grinder,Home Appliances,2,4200,0.05,7980.0,5400,2580.0
O02023,2025-03-10,C0929,Neha Iyer,Female,51,Delhi,Delhi,North,P018,Wall Clock,Home Decor,2,1500,0.1,2700.0,1600,1100.0
O02024,2025-02-22,C0427,Ananya Khan,Female,29,Ahmedabad,Gujarat,West,P007,Bookshelf,Furniture,2,7000,0.1,12600.0,9600,3000.0
O02025,2025-06-22,C0690,Priya Shah,Female,44,Jaipur,Rajasthan,North,P008,Backpack,Accessories,1,2200,0.1,1980.0,1200,780.0
O02026,2025-09-19,C0030,Pooja Sharma,Female,24,Lucknow,Uttar Pradesh,North,P019,Cushion Set,Home Decor,3,1200,0.15,3060.0,1800,1260.0
O02027,2025-10-16,C0444,Ananya Sharma,Male,59,Kolkata,West Bengal,East,P017,Table Lamp,Home Decor,2,1800,0.05,3420.0,1900,1520.0
O02028,2025-01-15,C0295,Raj Singh,Female,51,Jaipur,Rajasthan,North,P014,T-Shirt,Fashion,3,1200,0.15,3060.0,1950,1110.0
O02029,2025-09-27,C0660,Varun Mehta,Male,39,Bhubaneswar,Odisha,East,P005,Office Chair,Furniture,3,8500,0.1,22950.0,18000,4950.0
O02030,2025-06-16,C0026,Aditi Mehta,Female,56,Pune,Maharashtra,West,P019,Cushion Set,Home Decor,1,1200,0.15,1020.0,600,420.0
O02031,2025-03-04,C0298,Simran Iyer,Male,28,Delhi,Delhi,North,P003,Headphones,Electronics,2,2500,0.1,4500.0,2800,1700.0
O02032,2025-09-18,C0693,Priya Iyer,Male,52,Pune,Maharashtra,West,P013,Mixer Grinder,Home Appliances,1,4200,0.2,3360.0,2700,660.0
O02033,2025-05-01,C0403,Rohan Gupta,Female,57,Delhi,Delhi,North,P001,Laptop,Electronics,2,55000,0.05,104500.0,84000,20500.0
O02034,2025-12-12,C0428,Arjun Verma,Female,41,Delhi,Delhi,North,P013,Mixer Grinder,Home Appliances,2,4200,0.15,7140.0,5400,1740.0
O02035,2025-08-28,C0067,Arjun Sharma,Male,32,Bengaluru,Karnataka,South,P005,Office Chair,Furniture,5,8500,0.1,38250.0,30000,8250.0
O02036,2025-04-17,C0091,Vikram Verma,Female,39,Delhi,Delhi,North,P009,Running Shoes,Sports,1,4500,0.05,4275.0,2700,1575.0
O02037,2025-06-29,C0554,Aarav Nair,Male,48,Hyderabad,Telangana,South,P007,Bookshelf,Furniture,1,7000,0.0,7000.0,4800,2200.0
O02038,2025-01-16,C0552,Ananya Nair,Male,30,Ahmedabad,Gujarat,West,P003,Headphones,Electronics,1,2500,0.15,2125.0,1400,725.0
O02039,2025-12-21,C0960,Priya Shah,Male,21,Ahmedabad,Gujarat,West,P013,Mixer Grinder,Home Appliances,1,4200,0.05,3990.0,2700,1290.0
O02040,2025-11-05,C0591,Varun Nair,Male,60,Bengaluru,Karnataka,South,P018,Wall Clock,Home Decor,3,1500,0.05,4275.0,2400,1875.0
O02041,2025-08-03,C0376,Vikram Verma,Male,35,Ahmedabad,Gujarat,West,P020,Notebook Set,Stationery,3,500,0.25,1125.0,660,465.0
O02042,2025-03-18,C0769,Meera Verma,Female,41,Delhi,Delhi,North,P003,Headphones,Electronics,2,2500,0.15,4250.0,2800,1450.0
O02043,2025-08-13,C0072,Karan Verma,Male,59,Bhubaneswar,Odisha,East,P014,T-Shirt,Fashion,3,1200,0.05,3420.0,1950,1470.0
O02044,2025-04-03,C0338,Karan Nair,Male,50,Kochi,Kerala,South,P014,T-Shirt,Fashion,1,1200,0.1,1080.0,650,430.0
O02045,2025-06-30,C0206,Kavya Gupta,Female,54,Kochi,Kerala,South,P007,Bookshelf,Furniture,1,7000,0.1,6300.0,4800,1500.0
O02046,2025-06-23,C0072,Karan Verma,Male,59,Bhubaneswar,Odisha,East,P001,Laptop,Electronics,1,55000,0.2,44000.0,42000,2000.0
O02047,2025-12-20,C0650,Aditi Verma,Female,43,Delhi,Delhi,North,P014,T-Shirt,Fashion,3,1200,0.15,3060.0,1950,1110.0
O02048,2025-12-20,C0392,Neha Patel,Male,26,Bengaluru,Karnataka,South,P020,Notebook Set,Stationery,2,500,0.15,850.0,440,410.0
O02049,2025-08-07,C0434,Rahul Desai,Male,55,Jaipur,Rajasthan,North,P013,Mixer Grinder,Home Appliances,2,4200,0.05,7980.0,5400,2580.0
O02050,2025-05-23,C0306,Meera Reddy,Male,49,Bhubaneswar,Odisha,East,P009,Running Shoes,Sports,1,4500,0.15,3825.0,2700,1125.0
O02051,2025-11-11,C0347,Raj Sharma,Female,54,Lucknow,Uttar Pradesh,North,P010,Yoga Mat,Sports,1,1200,0.0,1200.0,650,550.0
O02052,2025-10-09,C0080,Rohan Iyer,Male,46,Lucknow,Uttar Pradesh,North,P004,Smart Watch,Electronics,4,6500,0.0,26000.0,16000,10000.0
O02053,2025-09-16,C0549,Simran Nair,Male,50,Delhi,Delhi,North,P015,Jeans,Fashion,1,2500,0.15,2125.0,1400,725.0
O02054,2025-12-22,C0324,Rohan Iyer,Female,51,Kolkata,West Bengal,East,P015,Jeans,Fashion,2,2500,0.0,5000.0,2800,2200.0
O02055,2025-02-16,C0715,Karan Iyer,Male,54,Kochi,Kerala,South,P003,Headphones,Electronics,1,2500,0.1,2250.0,1400,850.0
O02056,2025-01-05,C0138,Aarav Kapoor,Male,58,Lucknow,Uttar Pradesh,North,P018,Wall Clock,Home Decor,1,1500,0.2,1200.0,800,400.0
O02057,2025-03-03,C0144,Simran Khan,Female,49,Ahmedabad,Gujarat,West,P005,Office Chair,Furniture,2,8500,0.1,15300.0,12000,3300.0
O02058,2025-03-25,C0521,Amit Desai,Male,43,Delhi,Delhi,North,P020,Notebook Set,Stationery,1,500,0.0,500.0,220,280.0
O02059,2025-05-13,C0753,Kavya Joshi,Male,34,Mumbai,Maharashtra,West,P008,Backpack,Accessories,2,2200,0.15,3740.0,2400,1340.0
O02060,2025-12-02,C0358,Nikhil Desai,Female,36,Bengaluru,Karnataka,South,P003,Headphones,Electronics,2,2500,0.2,4000.0,2800,1200.0
O02061,2025-03-04,C0608,Meera Iyer,Female,38,Lucknow,Uttar Pradesh,North,P008,Backpack,Accessories,2,2200,0.15,3740.0,2400,1340.0
O02062,2025-10-08,C0999,Isha Kapoor,Male,22,Hyderabad,Telangana,South,P009,Running Shoes,Sports,2,4500,0.1,8100.0,5400,2700.0
O02063,2025-02-13,C0981,Simran Singh,Male,32,Bhubaneswar,Odisha,East,P002,Smartphone,Electronics,2,28000,0.05,53200.0,43000,10200.0
O02064,2025-06-02,C0628,Isha Khan,Male,42,Bengaluru,Karnataka,South,P012,Air Fryer,Home Appliances,1,7500,0.0,7500.0,4800,2700.0
O02065,2025-09-27,C0622,Neha Sharma,Male,53,Pune,Maharashtra,West,P012,Air Fryer,Home Appliances,2,7500,0.15,12750.0,9600,3150.0
O02066,2025-12-08,C0176,Priya Verma,Male,33,Chennai,Tamil Nadu,South,P015,Jeans,Fashion,2,2500,0.05,4750.0,2800,1950.0
O02067,2025-06-20,C0737,Isha Gupta,Female,44,Chennai,Tamil Nadu,South,P001,Laptop,Electronics,1,55000,0.2,44000.0,42000,2000.0
O02068,2025-06-05,C0300,Isha Desai,Female,29,Pune,Maharashtra,West,P011,Coffee Maker,Home Appliances,3,5500,0.1,14850.0,10200,4650.0
O02069,2025-10-02,C0929,Neha Iyer,Female,51,Delhi,Delhi,North,P001,Laptop,Electronics,2,55000,0.1,99000.0,84000,15000.0
O02070,2025-12-24,C0056,Rohan Shah,Male,47,Kolkata,West Bengal,East,P014,T-Shirt,Fashion,3,1200,0.15,3060.0,1950,1110.0
O02071,2025-01-20,C0326,Varun Joshi,Male,53,Chennai,Tamil Nadu,South,P002,Smartphone,Electronics,3,28000,0.15,71400.0,64500,6900.0
O02072,2025-08-02,C0433,Priya Sharma,Male,43,Pune,Maharashtra,West,P019,Cushion Set,Home Decor,1,1200,0.15,1020.0,600,420.0
O02073,2025-03-20,C0301,Rohan Nair,Female,32,Jaipur,Rajasthan,North,P014,T-Shirt,Fashion,2,1200,0.2,1920.0,1300,620.0
O02074,2025-05-19,C0148,Ananya Gupta,Male,28,Mumbai,Maharashtra,West,P010,Yoga Mat,Sports,1,1200,0.25,900.0,650,250.0
O02075,2025-04-08,C0469,Raj Gupta,Male,40,Kolkata,West Bengal,East,P009,Running Shoes,Sports,1,4500,0.2,3600.0,2700,900.0
O02076,2025-06-01,C0641,Aarav Joshi,Female,34,Bhubaneswar,Odisha,East,P003,Headphones,Electronics,3,2500,0.15,6375.0,4200,2175.0
O02077,2025-07-17,C0520,Pooja Singh,Female,58,Mumbai,Maharashtra,West,P006,Desk,Furniture,3,12000,0.15,30600.0,25500,5100.0
O02078,2025-09-30,C0166,Neha Iyer,Female,34,Hyderabad,Telangana,South,P018,Wall Clock,Home Decor,1,1500,0.15,1275.0,800,475.0
O02079,2025-06-05,C0613,Rohan Mehta,Male,25,Mumbai,Maharashtra,West,P019,Cushion Set,Home Decor,2,1200,0.0,2400.0,1200,1200.0
O02080,2025-02-19,C0183,Kavya Gupta,Female,27,Pune,Maharashtra,West,P001,Laptop,Electronics,5,55000,0.05,261250.0,210000,51250.0
O02081,2025-08-16,C0122,Arjun Mehta,Female,22,Hyderabad,Telangana,South,P012,Air Fryer,Home Appliances,2,7500,0.0,15000.0,9600,5400.0
O02082,2025-01-10,C0568,Sneha Nair,Male,40,Mumbai,Maharashtra,West,P015,Jeans,Fashion,3,2500,0.05,7125.0,4200,2925.0
O02083,2025-05-29,C0749,Meera Iyer,Female,27,Lucknow,Uttar Pradesh,North,P013,Mixer Grinder,Home Appliances,2,4200,0.1,7560.0,5400,2160.0
O02084,2025-02-27,C0366,Raj Desai,Female,45,Lucknow,Uttar Pradesh,North,P002,Smartphone,Electronics,1,28000,0.05,26600.0,21500,5100.0
O02085,2025-06-11,C0411,Raj Reddy,Female,27,Ahmedabad,Gujarat,West,P004,Smart Watch,Electronics,1,6500,0.2,5200.0,4000,1200.0
O02086,2025-12-17,C0218,Meera Reddy,Female,19,Kolkata,West Bengal,East,P005,Office Chair,Furniture,2,8500,0.15,14450.0,12000,2450.0
O02087,2025-04-17,C0378,Isha Joshi,Female,30,Lucknow,Uttar Pradesh,North,P017,Table Lamp,Home Decor,1,1800,0.0,1800.0,950,850.0
O02088,2025-10-16,C0091,Vikram Verma,Female,39,Delhi,Delhi,North,P010,Yoga Mat,Sports,2,1200,0.05,2280.0,1300,980.0
O02089,2025-07-05,C0919,Aditi Khan,Male,55,Pune,Maharashtra,West,P010,Yoga Mat,Sports,2,1200,0.15,2040.0,1300,740.0
O02090,2025-02-15,C0695,Sneha Nair,Female,18,Mumbai,Maharashtra,West,P020,Notebook Set,Stationery,2,500,0.15,850.0,440,410.0
O02091,2025-05-09,C0544,Varun Joshi,Male,47,Bengaluru,Karnataka,South,P013,Mixer Grinder,Home Appliances,1,4200,0.2,3360.0,2700,660.0
O02092,2025-11-14,C0417,Simran Khan,Male,39,Pune,Maharashtra,West,P019,Cushion Set,Home Decor,1,1200,0.25,900.0,600,300.0
O02093,2025-03-28,C0684,Rahul Iyer,Male,46,Hyderabad,Telangana,South,P009,Running Shoes,Sports,1,4500,0.25,3375.0,2700,675.0
O02094,2025-09-06,C0378,Isha Joshi,Female,30,Lucknow,Uttar Pradesh,North,P003,Headphones,Electronics,2,2500,0.1,4500.0,2800,1700.0
O02095,2025-11-25,C0216,Neha Mehta,Male,53,Pune,Maharashtra,West,P020,Notebook Set,Stationery,1,500,0.05,475.0,220,255.0
O02096,2025-09-14,C0111,Aditi Singh,Female,52,Bengaluru,Karnataka,South,P009,Running Shoes,Sports,2,4500,0.15,7650.0,5400,2250.0
O02097,2025-10-04,C0523,Arjun Verma,Female,37,Kochi,Kerala,South,P003,Headphones,Electronics,1,2500,0.05,2375.0,1400,975.0
O02098,2025-10-05,C0875,Pooja Nair,Female,31,Hyderabad,Telangana,South,P006,Desk,Furniture,2,12000,0.15,20400.0,17000,3400.0
O02099,2025-01-04,C0107,Nikhil Patel,Male,51,Delhi,Delhi,North,P001,Laptop,Electronics,1,55000,0.1,49500.0,42000,7500.0
O02100,2025-03-06,C0126,Simran Desai,Male,36,Bengaluru,Karnataka,South,P010,Yoga Mat,Sports,2,1200,0.15,2040.0,1300,740.0
O02101,2025-07-21,C0324,Rohan Iyer,Female,51,Kolkata,West Bengal,East,P018,Wall Clock,Home Decor,1,1500,0.05,1425.0,800,625.0
O02102,2025-03-04,C0703,Amit Mehta,Male,41,Pune,Maharashtra,West,P020,Notebook Set,Stationery,1,500,0.1,450.0,220,230.0
O02103,2025-05-23,C0211,Sneha Reddy,Female,57,Ahmedabad,Gujarat,West,P020,Notebook Set,Stationery,3,500,0.1,1350.0,660,690.0
O02104,2025-09-01,C0181,Aarav Verma,Male,60,Ahmedabad,Gujarat,West,P003,Headphones,Electronics,1,2500,0.2,2000.0,1400,600.0
O02105,2025-10-19,C0495,Varun Nair,Female,49,Bhubaneswar,Odisha,East,P008,Backpack,Accessories,2,2200,0.05,4180.0,2400,1780.0
O02106,2025-10-12,C0415,Nikhil Shah,Male,41,Kolkata,West Bengal,East,P001,Laptop,Electronics,4,55000,0.2,176000.0,168000,8000.0
O02107,2025-06-29,C0041,Pooja Joshi,Female,52,Mumbai,Maharashtra,West,P018,Wall Clock,Home Decor,2,1500,0.15,2550.0,1600,950.0
O02108,2025-06-23,C0056,Rohan Shah,Male,47,Kolkata,West Bengal,East,P008,Backpack,Accessories,3,2200,0.15,5610.0,3600,2010.0
O02109,2025-11-21,C0519,Sneha Patel,Female,48,Lucknow,Uttar Pradesh,North,P013,Mixer Grinder,Home Appliances,1,4200,0.15,3570.0,2700,870.0
O02110,2025-04-21,C0352,Neha Shah,Male,21,Ahmedabad,Gujarat,West,P014,T-Shirt,Fashion,1,1200,0.1,1080.0,650,430.0
O02111,2025-06-24,C0945,Meera Patel,Male,18,Delhi,Delhi,North,P009,Running Shoes,Sports,1,4500,0.05,4275.0,2700,1575.0
O02112,2025-06-02,C0555,Rahul Iyer,Male,45,Chennai,Tamil Nadu,South,P006,Desk,Furniture,1,12000,0.05,11400.0,8500,2900.0
O02113,2025-12-22,C0007,Ananya Khan,Male,53,Ahmedabad,Gujarat,West,P020,Notebook Set,Stationery,1,500,0.2,400.0,220,180.0
O02114,2025-08-05,C0366,Raj Desai,Female,45,Lucknow,Uttar Pradesh,North,P020,Notebook Set,Stationery,1,500,0.15,425.0,220,205.0
O02115,2025-10-24,C0308,Sneha Sharma,Male,55,Bhubaneswar,Odisha,East,P006,Desk,Furniture,2,12000,0.05,22800.0,17000,5800.0
O02116,2025-08-28,C0073,Rohan Sharma,Female,54,Ahmedabad,Gujarat,West,P010,Yoga Mat,Sports,4,1200,0.1,4320.0,2600,1720.0
O02117,2025-08-14,C0865,Vikram Patel,Female,19,Chennai,Tamil Nadu,South,P020,Notebook Set,Stationery,1,500,0.1,450.0,220,230.0
O02118,2025-07-05,C0700,Varun Singh,Female,53,Chennai,Tamil Nadu,South,P001,Laptop,Electronics,1,55000,0.05,52250.0,42000,10250.0
O02119,2025-02-17,C0163,Pooja Kapoor,Female,26,Pune,Maharashtra,West,P009,Running Shoes,Sports,1,4500,0.1,4050.0,2700,1350.0
O02120,2025-07-27,C0182,Meera Desai,Male,20,Pune,Maharashtra,West,P002,Smartphone,Electronics,1,28000,0.05,26600.0,21500,5100.0
O02121,2025-06-06,C0022,Vikram Joshi,Female,49,Bengaluru,Karnataka,South,P010,Yoga Mat,Sports,2,1200,0.0,2400.0,1300,1100.0
O02122,2025-08-13,C0213,Ananya Gupta,Female,22,Kolkata,West Bengal,East,P001,Laptop,Electronics,1,55000,0.1,49500.0,42000,7500.0
O02123,2025-05-24,C0461,Nikhil Joshi,Male,30,Delhi,Delhi,North,P008,Backpack,Accessories,1,2200,0.1,1980.0,1200,780.0
O02124,2025-04-21,C0314,Rahul Gupta,Female,23,Jaipur,Rajasthan,North,P004,Smart Watch,Electronics,2,6500,0.0,13000.0,8000,5000.0
O02125,2025-11-14,C0942,Rohan Patel,Female,19,Kolkata,West Bengal,East,P011,Coffee Maker,Home Appliances,3,5500,0.1,14850.0,10200,4650.0
O02126,2025-12-29,C0038,Kavya Kapoor,Female,27,Lucknow,Uttar Pradesh,North,P020,Notebook Set,Stationery,2,500,0.05,950.0,440,510.0
O02127,2025-12-28,C0467,Karan Patel,Male,25,Hyderabad,Telangana,South,P016,Jacket,Fashion,2,4500,0.0,9000.0,5400,3600.0
O02128,2025-05-12,C0770,Rohan Kapoor,Male,19,Ahmedabad,Gujarat,West,P017,Table Lamp,Home Decor,1,1800,0.05,1710.0,950,760.0
O02129,2025-04-23,C0365,Varun Singh,Female,56,Bengaluru,Karnataka,South,P013,Mixer Grinder,Home Appliances,1,4200,0.05,3990.0,2700,1290.0
O02130,2025-11-20,C0002,Raj Iyer,Male,55,Chennai,Tamil Nadu,South,P001,Laptop,Electronics,1,55000,0.05,52250.0,42000,10250.0
O02131,2025-03-30,C0172,Ananya Verma,Male,20,Lucknow,Uttar Pradesh,North,P004,Smart Watch,Electronics,1,6500,0.15,5525.0,4000,1525.0
O02132,2025-06-10,C0235,Pooja Kapoor,Female,51,Hyderabad,Telangana,South,P019,Cushion Set,Home Decor,4,1200,0.1,4320.0,2400,1920.0
O02133,2025-11-30,C0937,Aarav Patel,Female,50,Hyderabad,Telangana,South,P008,Backpack,Accessories,2,2200,0.05,4180.0,2400,1780.0
O02134,2025-03-16,C0847,Rohan Singh,Female,50,Delhi,Delhi,North,P002,Smartphone,Electronics,1,28000,0.0,28000.0,21500,6500.0
O02135,2025-10-08,C0907,Neha Iyer,Male,52,Bengaluru,Karnataka,South,P014,T-Shirt,Fashion,1,1200,0.05,1140.0,650,490.0
O02136,2025-01-07,C0727,Priya Patel,Female,29,Delhi,Delhi,North,P006,Desk,Furniture,1,12000,0.15,10200.0,8500,1700.0
O02137,2025-04-23,C0257,Rahul Reddy,Female,44,Delhi,Delhi,North,P005,Office Chair,Furniture,2,8500,0.1,15300.0,12000,3300.0
O02138,2025-02-05,C0838,Karan Nair,Male,25,Pune,Maharashtra,West,P020,Notebook Set,Stationery,1,500,0.05,475.0,220,255.0
O02139,2025-09-23,C0965,Sneha Nair,Male,18,Kochi,Kerala,South,P018,Wall Clock,Home Decor,1,1500,0.1,1350.0,800,550.0
O02140,2025-04-23,C0255,Aarav Sharma,Female,40,Delhi,Delhi,North,P009,Running Shoes,Sports,2,4500,0.1,8100.0,5400,2700.0
O02141,2025-10-19,C0186,Meera Gupta,Female,33,Kochi,Kerala,South,P020,Notebook Set,Stationery,1,500,0.0,500.0,220,280.0
O02142,2025-08-11,C0425,Isha Khan,Male,55,Chennai,Tamil Nadu,South,P013,Mixer Grinder,Home Appliances,1,4200,0.1,3780.0,2700,1080.0
O02143,2025-07-30,C0131,Meera Joshi,Female,38,Kochi,Kerala,South,P015,Jeans,Fashion,1,2500,0.1,2250.0,1400,850.0
O02144,2025-01-18,C0022,Vikram Joshi,Female,49,Bengaluru,Karnataka,South,P001,Laptop,Electronics,1,55000,0.0,55000.0,42000,13000.0
O02145,2025-08-29,C0902,Raj Reddy,Male,24,Hyderabad,Telangana,South,P003,Headphones,Electronics,1,2500,0.15,2125.0,1400,725.0
O02146,2025-05-14,C0869,Ananya Patel,Female,50,Chennai,Tamil Nadu,South,P013,Mixer Grinder,Home Appliances,1,4200,0.15,3570.0,2700,870.0
O02147,2025-08-08,C0113,Priya Joshi,Male,57,Delhi,Delhi,North,P019,Cushion Set,Home Decor,2,1200,0.1,2160.0,1200,960.0
O02148,2025-04-12,C0303,Rohan Kapoor,Female,46,Bhubaneswar,Odisha,East,P013,Mixer Grinder,Home Appliances,2,4200,0.1,7560.0,5400,2160.0
O02149,2025-05-20,C0734,Varun Khan,Male,47,Mumbai,Maharashtra,West,P003,Headphones,Electronics,2,2500,0.1,4500.0,2800,1700.0
O02150,2025-06-18,C0537,Varun Nair,Female,35,Bengaluru,Karnataka,South,P002,Smartphone,Electronics,3,28000,0.1,75600.0,64500,11100.0
O02151,2025-07-10,C0292,Rohan Reddy,Female,29,Hyderabad,Telangana,South,P017,Table Lamp,Home Decor,1,1800,0.15,1530.0,950,580.0
O02152,2025-01-25,C0628,Isha Khan,Male,42,Bengaluru,Karnataka,South,P003,Headphones,Electronics,3,2500,0.1,6750.0,4200,2550.0
O02153,2025-02-02,C0825,Raj Gupta,Male,36,Bengaluru,Karnataka,South,P010,Yoga Mat,Sports,1,1200,0.0,1200.0,650,550.0
O02154,2025-12-09,C0870,Ananya Iyer,Female,30,Mumbai,Maharashtra,West,P001,Laptop,Electronics,1,55000,0.15,46750.0,42000,4750.0
O02155,2025-11-25,C0279,Meera Sharma,Male,37,Kolkata,West Bengal,East,P002,Smartphone,Electronics,1,28000,0.15,23800.0,21500,2300.0
O02156,2025-01-06,C0121,Priya Nair,Female,45,Jaipur,Rajasthan,North,P014,T-Shirt,Fashion,1,1200,0.1,1080.0,650,430.0
O02157,2025-07-13,C0849,Varun Joshi,Female,28,Ahmedabad,Gujarat,West,P014,T-Shirt,Fashion,4,1200,0.2,3840.0,2600,1240.0
O02158,2025-08-18,C0064,Arjun Sharma,Male,44,Hyderabad,Telangana,South,P007,Bookshelf,Furniture,1,7000,0.2,5600.0,4800,800.0
O02159,2025-05-17,C0602,Vikram Shah,Female,53,Delhi,Delhi,North,P004,Smart Watch,Electronics,1,6500,0.05,6175.0,4000,2175.0
O02160,2025-11-19,C0097,Sneha Khan,Male,38,Delhi,Delhi,North,P017,Table Lamp,Home Decor,1,1800,0.2,1440.0,950,490.0
O02161,2025-08-04,C0287,Karan Iyer,Male,21,Mumbai,Maharashtra,West,P004,Smart Watch,Electronics,1,6500,0.1,5850.0,4000,1850.0
O02162,2025-12-15,C0306,Meera Reddy,Male,49,Bhubaneswar,Odisha,East,P011,Coffee Maker,Home Appliances,1,5500,0.15,4675.0,3400,1275.0
O02163,2025-12-30,C0110,Aarav Verma,Male,34,Bengaluru,Karnataka,South,P020,Notebook Set,Stationery,1,500,0.15,425.0,220,205.0
O02164,2025-07-02,C0864,Rohan Shah,Female,22,Mumbai,Maharashtra,West,P003,Headphones,Electronics,1,2500,0.1,2250.0,1400,850.0
O02165,2025-06-17,C0002,Raj Iyer,Male,55,Chennai,Tamil Nadu,South,P020,Notebook Set,Stationery,3,500,0.1,1350.0,660,690.0
O02166,2025-10-09,C0820,Aditi Reddy,Male,33,Jaipur,Rajasthan,North,P003,Headphones,Electronics,1,2500,0.2,2000.0,1400,600.0
O02167,2025-02-07,C0806,Arjun Mehta,Female,50,Lucknow,Uttar Pradesh,North,P011,Coffee Maker,Home Appliances,1,5500,0.05,5225.0,3400,1825.0
O02168,2025-06-12,C0229,Rohan Singh,Male,52,Lucknow,Uttar Pradesh,North,P008,Backpack,Accessories,2,2200,0.05,4180.0,2400,1780.0
O02169,2025-05-22,C0583,Aarav Khan,Male,30,Pune,Maharashtra,West,P020,Notebook Set,Stationery,5,500,0.1,2250.0,1100,1150.0
O02170,2025-09-05,C0180,Aarav Mehta,Female,39,Ahmedabad,Gujarat,West,P005,Office Chair,Furniture,1,8500,0.2,6800.0,6000,800.0
O02171,2025-04-13,C0645,Neha Gupta,Male,44,Bengaluru,Karnataka,South,P008,Backpack,Accessories,1,2200,0.2,1760.0,1200,560.0
O02172,2025-07-18,C0438,Karan Iyer,Female,33,Hyderabad,Telangana,South,P020,Notebook Set,Stationery,4,500,0.05,1900.0,880,1020.0
O02173,2025-07-19,C0216,Neha Mehta,Male,53,Pune,Maharashtra,West,P011,Coffee Maker,Home Appliances,1,5500,0.2,4400.0,3400,1000.0
O02174,2025-02-11,C0296,Rahul Verma,Female,35,Bengaluru,Karnataka,South,P010,Yoga Mat,Sports,2,1200,0.05,2280.0,1300,980.0
O02175,2025-05-27,C0568,Sneha Nair,Male,40,Mumbai,Maharashtra,West,P005,Office Chair,Furniture,1,8500,0.25,6375.0,6000,375.0
O02176,2025-03-07,C0839,Aarav Gupta,Female,24,Delhi,Delhi,North,P014,T-Shirt,Fashion,4,1200,0.1,4320.0,2600,1720.0
O02177,2025-07-12,C0090,Simran Nair,Female,51,Pune,Maharashtra,West,P001,Laptop,Electronics,5,55000,0.0,275000.0,210000,65000.0
O02178,2025-10-25,C0448,Pooja Shah,Female,54,Bengaluru,Karnataka,South,P001,Laptop,Electronics,3,55000,0.0,165000.0,126000,39000.0
O02179,2025-02-07,C0180,Aarav Mehta,Female,39,Ahmedabad,Gujarat,West,P012,Air Fryer,Home Appliances,1,7500,0.05,7125.0,4800,2325.0
O02180,2025-05-21,C0696,Rohan Shah,Female,20,Lucknow,Uttar Pradesh,North,P007,Bookshelf,Furniture,1,7000,0.05,6650.0,4800,1850.0
O02181,2025-04-16,C0048,Rohan Desai,Female,25,Kolkata,West Bengal,East,P020,Notebook Set,Stationery,1,500,0.15,425.0,220,205.0
O02182,2025-06-01,C0567,Raj Mehta,Female,36,Kolkata,West Bengal,East,P019,Cushion Set,Home Decor,3,1200,0.05,3420.0,1800,1620.0
O02183,2025-12-18,C0122,Arjun Mehta,Female,22,Hyderabad,Telangana,South,P014,T-Shirt,Fashion,3,1200,0.25,2700.0,1950,750.0
O02184,2025-11-22,C0472,Sneha Verma,Male,39,Bengaluru,Karnataka,South,P017,Table Lamp,Home Decor,1,1800,0.1,1620.0,950,670.0
O02185,2025-02-07,C0740,Sneha Iyer,Male,56,Kochi,Kerala,South,P014,T-Shirt,Fashion,2,1200,0.15,2040.0,1300,740.0
O02186,2025-04-07,C0640,Aditi Reddy,Male,31,Pune,Maharashtra,West,P003,Headphones,Electronics,1,2500,0.05,2375.0,1400,975.0
O02187,2025-04-18,C0638,Kavya Shah,Female,44,Hyderabad,Telangana,South,P015,Jeans,Fashion,1,2500,0.2,2000.0,1400,600.0
O02188,2025-04-29,C0398,Sneha Singh,Female,20,Kolkata,West Bengal,East,P004,Smart Watch,Electronics,2,6500,0.15,11050.0,8000,3050.0
O02189,2025-05-31,C0816,Aditi Iyer,Female,36,Pune,Maharashtra,West,P007,Bookshelf,Furniture,1,7000,0.2,5600.0,4800,800.0
O02190,2025-03-15,C0464,Simran Desai,Female,26,Kochi,Kerala,South,P017,Table Lamp,Home Decor,1,1800,0.25,1350.0,950,400.0
O02191,2025-02-26,C0856,Aditi Nair,Female,22,Bhubaneswar,Odisha,East,P011,Coffee Maker,Home Appliances,1,5500,0.05,5225.0,3400,1825.0
O02192,2025-12-01,C0425,Isha Khan,Male,55,Chennai,Tamil Nadu,South,P018,Wall Clock,Home Decor,3,1500,0.0,4500.0,2400,2100.0
O02193,2025-09-09,C0388,Pooja Sharma,Male,50,Chennai,Tamil Nadu,South,P004,Smart Watch,Electronics,3,6500,0.15,16575.0,12000,4575.0
O02194,2025-10-19,C0157,Aarav Kapoor,Female,44,Kolkata,West Bengal,East,P012,Air Fryer,Home Appliances,4,7500,0.2,24000.0,19200,4800.0
O02195,2025-11-09,C0423,Varun Desai,Female,42,Lucknow,Uttar Pradesh,North,P002,Smartphone,Electronics,2,28000,0.1,50400.0,43000,7400.0
O02196,2025-09-12,C0097,Sneha Khan,Male,38,Delhi,Delhi,North,P013,Mixer Grinder,Home Appliances,2,4200,0.1,7560.0,5400,2160.0
O02197,2025-09-11,C0786,Raj Sharma,Female,23,Chennai,Tamil Nadu,South,P015,Jeans,Fashion,1,2500,0.15,2125.0,1400,725.0
O02198,2025-09-16,C0553,Priya Desai,Male,28,Bengaluru,Karnataka,South,P012,Air Fryer,Home Appliances,5,7500,0.05,35625.0,24000,11625.0
O02199,2025-09-27,C0988,Aditi Mehta,Female,45,Lucknow,Uttar Pradesh,North,P005,Office Chair,Furniture,2,8500,0.05,16150.0,12000,4150.0
O02200,2025-02-03,C0063,Sneha Khan,Female,60,Kochi,Kerala,South,P001,Laptop,Electronics,2,55000,0.1,99000.0,84000,15000.0
O02201,2025-11-22,C0171,Isha Verma,Male,55,Bengaluru,Karnataka,South,P003,Headphones,Electronics,2,2500,0.05,4750.0,2800,1950.0
O02202,2025-11-21,C0796,Neha Mehta,Female,53,Kolkata,West Bengal,East,P013,Mixer Grinder,Home Appliances,3,4200,0.1,11340.0,8100,3240.0
O02203,2025-08-26,C0292,Rohan Reddy,Female,29,Hyderabad,Telangana,South,P020,Notebook Set,Stationery,1,500,0.25,375.0,220,155.0
O02204,2025-06-28,C0353,Ananya Shah,Female,42,Bhubaneswar,Odisha,East,P004,Smart Watch,Electronics,1,6500,0.15,5525.0,4000,1525.0
O02205,2025-04-14,C0773,Sneha Desai,Male,49,Hyderabad,Telangana,South,P015,Jeans,Fashion,2,2500,0.2,4000.0,2800,1200.0
O02206,2025-01-29,C0402,Amit Verma,Male,45,Kolkata,West Bengal,East,P018,Wall Clock,Home Decor,3,1500,0.15,3825.0,2400,1425.0
O02207,2025-08-15,C0136,Simran Reddy,Male,34,Pune,Maharashtra,West,P010,Yoga Mat,Sports,2,1200,0.1,2160.0,1300,860.0
O02208,2025-08-20,C0818,Arjun Iyer,Male,22,Chennai,Tamil Nadu,South,P014,T-Shirt,Fashion,1,1200,0.15,1020.0,650,370.0
O02209,2025-10-31,C0021,Varun Joshi,Male,28,Ahmedabad,Gujarat,West,P017,Table Lamp,Home Decor,1,1800,0.2,1440.0,950,490.0
O02210,2025-12-16,C0823,Rahul Iyer,Female,30,Chennai,Tamil Nadu,South,P005,Office Chair,Furniture,2,8500,0.2,13600.0,12000,1600.0
O02211,2025-12-01,C0035,Kavya Mehta,Male,37,Bhubaneswar,Odisha,East,P006,Desk,Furniture,2,12000,0.15,20400.0,17000,3400.0
O02212,2025-04-27,C0542,Aditi Kapoor,Male,47,Kolkata,West Bengal,East,P001,Laptop,Electronics,2,55000,0.05,104500.0,84000,20500.0
O02213,2025-07-26,C0049,Aarav Reddy,Male,51,Bhubaneswar,Odisha,East,P020,Notebook Set,Stationery,1,500,0.0,500.0,220,280.0
O02214,2025-07-04,C0585,Sneha Mehta,Female,25,Hyderabad,Telangana,South,P019,Cushion Set,Home Decor,4,1200,0.05,4560.0,2400,2160.0
O02215,2025-05-18,C0023,Meera Mehta,Male,53,Chennai,Tamil Nadu,South,P015,Jeans,Fashion,2,2500,0.25,3750.0,2800,950.0
O02216,2025-11-19,C0749,Meera Iyer,Female,27,Lucknow,Uttar Pradesh,North,P002,Smartphone,Electronics,3,28000,0.1,75600.0,64500,11100.0
O02217,2025-06-13,C0352,Neha Shah,Male,21,Ahmedabad,Gujarat,West,P009,Running Shoes,Sports,1,4500,0.2,3600.0,2700,900.0
O02218,2025-03-16,C0064,Arjun Sharma,Male,44,Hyderabad,Telangana,South,P002,Smartphone,Electronics,1,28000,0.1,25200.0,21500,3700.0
O02219,2025-08-21,C0586,Isha Mehta,Female,47,Chennai,Tamil Nadu,South,P001,Laptop,Electronics,3,55000,0.15,140250.0,126000,14250.0
O02220,2025-10-11,C0373,Amit Singh,Male,24,Ahmedabad,Gujarat,West,P013,Mixer Grinder,Home Appliances,1,4200,0.0,4200.0,2700,1500.0
O02221,2025-09-12,C0134,Isha Shah,Female,45,Bhubaneswar,Odisha,East,P020,Notebook Set,Stationery,2,500,0.05,950.0,440,510.0
O02222,2025-01-09,C0011,Priya Patel,Male,47,Kochi,Kerala,South,P019,Cushion Set,Home Decor,1,1200,0.1,1080.0,600,480.0
O02223,2025-07-22,C0311,Neha Shah,Male,41,Ahmedabad,Gujarat,West,P014,T-Shirt,Fashion,2,1200,0.1,2160.0,1300,860.0
O02224,2025-11-01,C0059,Neha Reddy,Male,28,Mumbai,Maharashtra,West,P002,Smartphone,Electronics,1,28000,0.05,26600.0,21500,5100.0
O02225,2025-04-01,C0065,Arjun Singh,Female,59,Delhi,Delhi,North,P005,Office Chair,Furniture,1,8500,0.15,7225.0,6000,1225.0
O02226,2025-11-28,C0191,Amit Gupta,Female,52,Lucknow,Uttar Pradesh,North,P007,Bookshelf,Furniture,4,7000,0.1,25200.0,19200,6000.0
O02227,2025-05-30,C0506,Arjun Sharma,Male,36,Kolkata,West Bengal,East,P015,Jeans,Fashion,2,2500,0.15,4250.0,2800,1450.0
O02228,2025-12-26,C0409,Simran Desai,Male,30,Kolkata,West Bengal,East,P016,Jacket,Fashion,1,4500,0.0,4500.0,2700,1800.0
O02229,2025-06-25,C0047,Aarav Desai,Male,22,Kolkata,West Bengal,East,P008,Backpack,Accessories,1,2200,0.15,1870.0,1200,670.0
O02230,2025-02-02,C0941,Simran Shah,Female,53,Ahmedabad,Gujarat,West,P009,Running Shoes,Sports,5,4500,0.05,21375.0,13500,7875.0
O02231,2025-07-03,C0811,Arjun Verma,Male,46,Lucknow,Uttar Pradesh,North,P001,Laptop,Electronics,1,55000,0.15,46750.0,42000,4750.0
O02232,2025-06-06,C0185,Pooja Khan,Female,38,Chennai,Tamil Nadu,South,P006,Desk,Furniture,2,12000,0.1,21600.0,17000,4600.0
O02233,2025-02-22,C0084,Priya Reddy,Female,39,Ahmedabad,Gujarat,West,P009,Running Shoes,Sports,1,4500,0.15,3825.0,2700,1125.0
O02234,2025-10-23,C0896,Varun Desai,Female,35,Pune,Maharashtra,West,P002,Smartphone,Electronics,3,28000,0.2,67200.0,64500,2700.0
O02235,2025-07-21,C0348,Arjun Joshi,Female,50,Hyderabad,Telangana,South,P009,Running Shoes,Sports,2,4500,0.0,9000.0,5400,3600.0
O02236,2025-10-01,C0225,Aarav Patel,Female,47,Chennai,Tamil Nadu,South,P018,Wall Clock,Home Decor,2,1500,0.0,3000.0,1600,1400.0
O02237,2025-06-24,C0374,Nikhil Nair,Female,58,Bhubaneswar,Odisha,East,P012,Air Fryer,Home Appliances,1,7500,0.15,6375.0,4800,1575.0
O02238,2025-09-01,C0661,Meera Patel,Female,51,Bengaluru,Karnataka,South,P002,Smartphone,Electronics,3,28000,0.15,71400.0,64500,6900.0
O02239,2025-09-26,C0117,Rahul Mehta,Female,54,Kochi,Kerala,South,P003,Headphones,Electronics,1,2500,0.05,2375.0,1400,975.0
O02240,2025-03-15,C0655,Pooja Joshi,Female,58,Hyderabad,Telangana,South,P010,Yoga Mat,Sports,4,1200,0.1,4320.0,2600,1720.0
O02241,2025-04-06,C0634,Priya Verma,Female,47,Chennai,Tamil Nadu,South,P008,Backpack,Accessories,1,2200,0.0,2200.0,1200,1000.0
O02242,2025-12-27,C0418,Rahul Patel,Male,34,Lucknow,Uttar Pradesh,North,P008,Backpack,Accessories,2,2200,0.05,4180.0,2400,1780.0
O02243,2025-06-22,C0780,Karan Kapoor,Female,51,Hyderabad,Telangana,South,P010,Yoga Mat,Sports,1,1200,0.1,1080.0,650,430.0
O02244,2025-06-04,C0091,Vikram Verma,Female,39,Delhi,Delhi,North,P012,Air Fryer,Home Appliances,2,7500,0.15,12750.0,9600,3150.0
O02245,2025-07-02,C0471,Neha Sharma,Male,25,Kolkata,West Bengal,East,P016,Jacket,Fashion,1,4500,0.1,4050.0,2700,1350.0
O02246,2025-11-19,C0338,Karan Nair,Male,50,Kochi,Kerala,South,P007,Bookshelf,Furniture,1,7000,0.1,6300.0,4800,1500.0
O02247,2025-10-16,C0315,Varun Khan,Female,22,Kochi,Kerala,South,P016,Jacket,Fashion,1,4500,0.2,3600.0,2700,900.0
O02248,2025-09-15,C0180,Aarav Mehta,Female,39,Ahmedabad,Gujarat,West,P007,Bookshelf,Furniture,1,7000,0.05,6650.0,4800,1850.0
O02249,2025-03-16,C0273,Amit Nair,Female,40,Delhi,Delhi,North,P002,Smartphone,Electronics,1,28000,0.15,23800.0,21500,2300.0
O02250,2025-06-23,C0074,Simran Nair,Male,52,Bengaluru,Karnataka,South,P011,Coffee Maker,Home Appliances,1,5500,0.2,4400.0,3400,1000.0
O02251,2025-11-26,C0179,Unknown Customer,Male,46,Hyderabad,Telangana,South,P012,Air Fryer,Home Appliances,3,7500,0.05,21375.0,14400,6975.0
O02252,2025-08-19,C0194,Arjun Patel,Male,52,Ahmedabad,Gujarat,West,P020,Notebook Set,Stationery,1,500,0.1,450.0,220,230.0
O02253,2025-09-04,C0601,Raj Desai,Female,27,Delhi,Delhi,North,P015,Jeans,Fashion,2,2500,0.25,3750.0,2800,950.0
O02254,2025-06-10,C0033,Aditi Kapoor,Male,18,Bengaluru,Karnataka,South,P019,Cushion Set,Home Decor,1,1200,0.25,900.0,600,300.0
O02255,2025-07-05,C0527,Pooja Reddy,Female,55,Chennai,Tamil Nadu,South,P019,Cushion Set,Home Decor,2,1200,0.05,2280.0,1200,1080.0
O02256,2025-05-23,C0156,Aarav Mehta,Female,31,Ahmedabad,Gujarat,West,P012,Air Fryer,Home Appliances,1,7500,0.0,7500.0,4800,2700.0
O02257,2025-10-09,C0056,Rohan Shah,Male,47,Kolkata,West Bengal,East,P010,Yoga Mat,Sports,4,1200,0.05,4560.0,2600,1960.0
O02258,2025-05-08,C0217,Isha Nair,Female,52,Jaipur,Rajasthan,North,P011,Coffee Maker,Home Appliances,3,5500,0.1,14850.0,10200,4650.0
O02259,2025-06-15,C0158,Isha Mehta,Female,35,Kochi,Kerala,South,P020,Notebook Set,Stationery,1,500,0.1,450.0,220,230.0
O02260,2025-01-27,C0430,Varun Verma,Male,60,Kolkata,West Bengal,East,P016,Jacket,Fashion,2,4500,0.1,8100.0,5400,2700.0
O02261,2025-09-03,C0261,Sneha Nair,Female,18,Mumbai,Maharashtra,West,P002,Smartphone,Electronics,1,28000,0.2,22400.0,21500,900.0
O02262,2025-05-15,C0937,Aarav Patel,Female,50,Hyderabad,Telangana,South,P016,Jacket,Fashion,2,4500,0.05,8550.0,5400,3150.0
O02263,2025-07-21,C0932,Sneha Desai,Male,23,Kochi,Kerala,South,P003,Headphones,Electronics,1,2500,0.2,2000.0,1400,600.0
O02264,2025-01-21,C0333,Karan Reddy,Female,54,Bhubaneswar,Odisha,East,P009,Running Shoes,Sports,1,4500,0.0,4500.0,2700,1800.0
O02265,2025-03-20,C0688,Aditi Sharma,Female,56,Chennai,Tamil Nadu,South,P004,Smart Watch,Electronics,1,6500,0.0,6500.0,4000,2500.0
O02266,2025-06-07,C0009,Aditi Khan,Female,26,Mumbai,Maharashtra,West,P014,T-Shirt,Fashion,2,1200,0.1,2160.0,1300,860.0
O02267,2025-04-04,C0426,Ananya Khan,Male,34,Mumbai,Maharashtra,West,P018,Wall Clock,Home Decor,1,1500,0.0,1500.0,800,700.0
O02268,2025-01-08,C0627,Nikhil Nair,Male,49,Ahmedabad,Gujarat,West,P006,Desk,Furniture,2,12000,0.1,21600.0,17000,4600.0
O02269,2025-12-05,C0153,Meera Patel,Male,44,Lucknow,Uttar Pradesh,North,P002,Smartphone,Electronics,2,28000,0.2,44800.0,43000,1800.0
O02270,2025-09-16,C0042,Neha Singh,Female,60,Chennai,Tamil Nadu,South,P006,Desk,Furniture,1,12000,0.05,11400.0,8500,2900.0
O02271,2025-02-24,C0108,Aditi Reddy,Female,28,Chennai,Tamil Nadu,South,P014,T-Shirt,Fashion,2,1200,0.15,2040.0,1300,740.0
O02272,2025-02-05,C0332,Aarav Verma,Male,29,Mumbai,Maharashtra,West,P007,Bookshelf,Furniture,3,7000,0.05,19950.0,14400,5550.0
O02273,2025-01-06,C0388,Pooja Sharma,Male,50,Chennai,Tamil Nadu,South,P005,Office Chair,Furniture,3,8500,0.0,25500.0,18000,7500.0
O02274,2025-02-11,C0280,Rohan Khan,Male,49,Kolkata,West Bengal,East,P003,Headphones,Electronics,2,2500,0.1,4500.0,2800,1700.0
O02275,2025-02-19,C0330,Neha Nair,Male,36,Chennai,Tamil Nadu,South,P010,Yoga Mat,Sports,2,1200,0.15,2040.0,1300,740.0
O02276,2025-04-22,C0356,Rahul Desai,Female,38,Kolkata,West Bengal,East,P005,Office Chair,Furniture,2,8500,0.1,15300.0,12000,3300.0
O02277,2025-05-26,C0657,Rohan Shah,Female,22,Bhubaneswar,Odisha,East,P015,Jeans,Fashion,1,2500,0.1,2250.0,1400,850.0
O02278,2025-08-18,C0072,Karan Verma,Male,59,Bhubaneswar,Odisha,East,P002,Smartphone,Electronics,1,28000,0.2,22400.0,21500,900.0
O02279,2025-07-30,C0657,Unknown Customer,Female,22,Bhubaneswar,Odisha,East,P014,T-Shirt,Fashion,1,1200,0.15,1020.0,650,370.0
O02280,2025-11-02,C0566,Neha Singh,Female,35,Pune,Maharashtra,West,P004,Smart Watch,Electronics,1,6500,0.05,6175.0,4000,2175.0
O02281,2025-01-30,C0625,Varun Iyer,Male,51,Bengaluru,Karnataka,South,P010,Yoga Mat,Sports,1,1200,0.15,1020.0,650,370.0
O02282,2025-10-22,C0617,Meera Singh,Male,44,Jaipur,Rajasthan,North,P006,Desk,Furniture,5,12000,0.1,54000.0,42500,11500.0
O02283,2025-04-26,C0356,Rahul Desai,Female,38,Kolkata,West Bengal,East,P015,Jeans,Fashion,1,2500,0.15,2125.0,1400,725.0
O02284,2025-08-14,C0149,Neha Mehta,Female,50,Jaipur,Rajasthan,North,P020,Notebook Set,Stationery,2,500,0.1,900.0,440,460.0
O02285,2025-02-28,C0416,Nikhil Reddy,Male,19,Jaipur,Rajasthan,North,P019,Cushion Set,Home Decor,2,1200,0.05,2280.0,1200,1080.0
O02286,2025-03-17,C0922,Neha Singh,Male,58,Hyderabad,Telangana,South,P012,Air Fryer,Home Appliances,1,7500,0.1,6750.0,4800,1950.0
O02287,2025-08-04,C0465,Ananya Shah,Female,49,Delhi,Delhi,North,P010,Yoga Mat,Sports,1,1200,0.1,1080.0,650,430.0
O02288,2025-05-12,C0008,Arjun Gupta,Female,52,Kolkata,West Bengal,East,P017,Table Lamp,Home Decor,2,1800,0.1,3240.0,1900,1340.0
O02289,2025-10-31,C0041,Pooja Joshi,Female,52,Mumbai,Maharashtra,West,P014,T-Shirt,Fashion,2,1200,0.2,1920.0,1300,620.0
O02290,2025-03-22,C0986,Varun Desai,Female,43,Kolkata,West Bengal,East,P003,Headphones,Electronics,5,2500,0.2,10000.0,7000,3000.0
O02291,2025-11-01,C0049,Aarav Reddy,Male,51,Bhubaneswar,Odisha,East,P017,Table Lamp,Home Decor,1,1800,0.1,1620.0,950,670.0
O02292,2025-03-08,C0032,Neha Mehta,Male,54,Hyderabad,Telangana,South,P009,Running Shoes,Sports,3,4500,0.1,12150.0,8100,4050.0
O02293,2025-08-18,C0258,Arjun Sharma,Male,46,Hyderabad,Telangana,South,P003,Headphones,Electronics,1,2500,0.1,2250.0,1400,850.0
O02294,2025-11-29,C0942,Rohan Patel,Female,19,Kolkata,West Bengal,East,P005,Office Chair,Furniture,2,8500,0.1,15300.0,12000,3300.0
O02295,2025-10-04,C0231,Isha Verma,Female,20,Pune,Maharashtra,West,P005,Office Chair,Furniture,2,8500,0.25,12750.0,12000,750.0
O02296,2025-12-27,C0304,Rahul Verma,Female,43,Kolkata,West Bengal,East,P010,Yoga Mat,Sports,1,1200,0.15,1020.0,650,370.0
O02297,2025-03-13,C0509,Kavya Reddy,Female,25,Lucknow,Uttar Pradesh,North,P004,Smart Watch,Electronics,1,6500,0.05,6175.0,4000,2175.0
O02298,2025-07-28,C0017,Raj Kapoor,Female,32,Chennai,Tamil Nadu,South,P003,Headphones,Electronics,1,2500,0.1,2250.0,1400,850.0
O02299,2025-09-29,C0826,Neha Iyer,Male,29,Bhubaneswar,Odisha,East,P003,Headphones,Electronics,1,2500,0.1,2250.0,1400,850.0
O02300,2025-05-24,C0400,Raj Singh,Female,23,Lucknow,Uttar Pradesh,North,P012,Air Fryer,Home Appliances,2,7500,0.1,13500.0,9600,3900.0
O02301,2025-09-08,C0353,Ananya Shah,Female,42,Bhubaneswar,Odisha,East,P015,Jeans,Fashion,1,2500,0.1,2250.0,1400,850.0
O02302,2025-10-11,C0773,Sneha Desai,Male,49,Hyderabad,Telangana,South,P007,Bookshelf,Furniture,2,7000,0.05,13300.0,9600,3700.0
O02303,2025-06-28,C0914,Pooja Joshi,Female,43,Bengaluru,Karnataka,South,P001,Laptop,Electronics,1,55000,0.0,55000.0,42000,13000.0
O02304,2025-03-21,C0316,Isha Nair,Male,46,Delhi,Delhi,North,P003,Headphones,Electronics,3,2500,0.05,7125.0,4200,2925.0
O02305,2025-02-26,C0120,Vikram Reddy,Female,25,Ahmedabad,Gujarat,West,P019,Cushion Set,Home Decor,3,1200,0.1,3240.0,1800,1440.0
O02306,2025-11-04,C0714,Nikhil Kapoor,Male,23,Jaipur,Rajasthan,North,P010,Yoga Mat,Sports,2,1200,0.0,2400.0,1300,1100.0
O02307,2025-06-23,C0299,Ananya Singh,Male,58,Ahmedabad,Gujarat,West,P009,Running Shoes,Sports,2,4500,0.15,7650.0,5400,2250.0
O02308,2025-08-26,C0885,Arjun Nair,Male,25,Lucknow,Uttar Pradesh,North,P001,Laptop,Electronics,1,55000,0.1,49500.0,42000,7500.0
O02309,2025-06-15,C0909,Simran Joshi,Male,19,Delhi,Delhi,North,P015,Jeans,Fashion,3,2500,0.2,6000.0,4200,1800.0
O02310,2025-03-25,C0079,Ananya Nair,Female,26,Ahmedabad,Gujarat,West,P010,Yoga Mat,Sports,1,1200,0.05,1140.0,650,490.0
O02311,2025-02-17,C0920,Neha Iyer,Female,37,Kochi,Kerala,South,P004,Smart Watch,Electronics,1,6500,0.0,6500.0,4000,2500.0
O02312,2025-05-07,C0270,Vikram Joshi,Female,39,Chennai,Tamil Nadu,South,P002,Smartphone,Electronics,1,28000,0.1,25200.0,21500,3700.0
O02313,2025-06-18,C0522,Aditi Reddy,Male,22,Lucknow,Uttar Pradesh,North,P008,Backpack,Accessories,2,2200,0.05,4180.0,2400,1780.0
O02314,2025-12-20,C0024,Pooja Patel,Male,50,Kolkata,West Bengal,East,P017,Table Lamp,Home Decor,2,1800,0.2,2880.0,1900,980.0
O02315,2025-12-15,C0813,Raj Desai,Male,23,Hyderabad,Telangana,South,P018,Wall Clock,Home Decor,2,1500,0.0,3000.0,1600,1400.0
O02316,2025-03-08,C0517,Arjun Kapoor,Female,55,Jaipur,Rajasthan,North,P012,Air Fryer,Home Appliances,1,7500,0.1,6750.0,4800,1950.0
O02317,2025-11-26,C0519,Sneha Patel,Female,48,Lucknow,Uttar Pradesh,North,P015,Jeans,Fashion,1,2500,0.2,2000.0,1400,600.0
O02318,2025-12-06,C0833,Neha Nair,Male,21,Bhubaneswar,Odisha,East,P002,Smartphone,Electronics,3,28000,0.1,75600.0,64500,11100.0
O02319,2025-07-13,C0390,Karan Mehta,Male,40,Chennai,Tamil Nadu,South,P012,Air Fryer,Home Appliances,2,7500,0.0,15000.0,9600,5400.0
O02320,2025-06-04,C0305,Amit Iyer,Male,35,Bengaluru,Karnataka,South,P014,T-Shirt,Fashion,1,1200,0.05,1140.0,650,490.0
O02321,2025-06-09,C0781,Meera Mehta,Female,58,Bhubaneswar,Odisha,East,P004,Smart Watch,Electronics,2,6500,0.1,11700.0,8000,3700.0
O02322,2025-07-03,C0626,Varun Kapoor,Female,18,Ahmedabad,Gujarat,West,P018,Wall Clock,Home Decor,1,1500,0.05,1425.0,800,625.0
O02323,2025-09-23,C0907,Neha Iyer,Male,52,Bengaluru,Karnataka,South,P004,Smart Watch,Electronics,1,6500,0.1,5850.0,4000,1850.0
O02324,2025-06-17,C0892,Arjun Sharma,Male,22,Pune,Maharashtra,West,P006,Desk,Furniture,1,12000,0.15,10200.0,8500,1700.0
O02325,2025-05-25,C0282,Nikhil Joshi,Male,45,Mumbai,Maharashtra,West,P013,Mixer Grinder,Home Appliances,1,4200,0.2,3360.0,2700,660.0
O02326,2025-07-05,C0336,Priya Shah,Male,43,Kolkata,West Bengal,East,P013,Mixer Grinder,Home Appliances,1,4200,0.0,4200.0,2700,1500.0
O02327,2025-12-19,C0182,Meera Desai,Male,20,Pune,Maharashtra,West,P014,T-Shirt,Fashion,3,1200,0.05,3420.0,1950,1470.0
O02328,2025-09-19,C0537,Varun Nair,Female,35,Bengaluru,Karnataka,South,P002,Smartphone,Electronics,2,28000,0.05,53200.0,43000,10200.0
O02329,2025-10-01,C0267,Neha Nair,Male,36,Pune,Maharashtra,West,P018,Wall Clock,Home Decor,1,1500,0.1,1350.0,800,550.0
O02330,2025-11-24,C0677,Pooja Desai,Female,38,Bhubaneswar,Odisha,East,P011,Coffee Maker,Home Appliances,2,5500,0.1,9900.0,6800,3100.0
O02331,2025-12-11,C0084,Priya Reddy,Female,39,Ahmedabad,Gujarat,West,P010,Yoga Mat,Sports,4,1200,0.2,3840.0,2600,1240.0
O02332,2025-08-11,C0080,Rohan Iyer,Male,46,Lucknow,Uttar Pradesh,North,P020,Notebook Set,Stationery,1,500,0.15,425.0,220,205.0
O02333,2025-02-11,C0144,Simran Khan,Female,49,Ahmedabad,Gujarat,West,P015,Jeans,Fashion,3,2500,0.0,7500.0,4200,3300.0
O02334,2025-01-04,C0058,Rohan Desai,Male,20,Bhubaneswar,Odisha,East,P003,Headphones,Electronics,2,2500,0.1,4500.0,2800,1700.0
O02335,2025-10-03,C0495,Varun Nair,Female,49,Bhubaneswar,Odisha,East,P015,Jeans,Fashion,1,2500,0.0,2500.0,1400,1100.0
O02336,2025-10-11,C0102,Simran Reddy,Male,18,Kochi,Kerala,South,P002,Smartphone,Electronics,1,28000,0.05,26600.0,21500,5100.0
O02337,2025-07-12,C0111,Aditi Singh,Female,52,Bengaluru,Karnataka,South,P001,Laptop,Electronics,1,55000,0.05,52250.0,42000,10250.0
O02338,2025-04-14,C0010,Sneha Kapoor,Female,55,Bengaluru,Karnataka,South,P008,Backpack,Accessories,2,2200,0.05,4180.0,2400,1780.0
O02339,2025-09-04,C0672,Sneha Khan,Female,24,Ahmedabad,Gujarat,West,P020,Notebook Set,Stationery,1,500,0.1,450.0,220,230.0
O02340,2025-10-27,C0710,Aarav Shah,Female,40,Jaipur,Rajasthan,North,P003,Headphones,Electronics,2,2500,0.1,4500.0,2800,1700.0
O02341,2025-01-23,C0113,Priya Joshi,Male,57,Delhi,Delhi,North,P014,T-Shirt,Fashion,2,1200,0.05,2280.0,1300,980.0
O02342,2025-10-30,C0622,Neha Sharma,Male,53,Pune,Maharashtra,West,P003,Headphones,Electronics,1,2500,0.25,1875.0,1400,475.0
O02343,2025-01-13,C0324,Rohan Iyer,Female,51,Kolkata,West Bengal,East,P015,Jeans,Fashion,3,2500,0.1,6750.0,4200,2550.0
O02344,2025-05-24,C0170,Rahul Reddy,Female,36,Bengaluru,Karnataka,South,P010,Yoga Mat,Sports,3,1200,0.0,3600.0,1950,1650.0
O02345,2025-08-06,C0497,Priya Shah,Female,39,Lucknow,Uttar Pradesh,North,P014,T-Shirt,Fashion,1,1200,0.05,1140.0,650,490.0
O02346,2025-07-02,C0125,Simran Joshi,Female,53,Pune,Maharashtra,West,P004,Smart Watch,Electronics,4,6500,0.1,23400.0,16000,7400.0
O02347,2025-12-17,C0642,Meera Joshi,Male,35,Chennai,Tamil Nadu,South,P015,Jeans,Fashion,1,2500,0.25,1875.0,1400,475.0
O02348,2025-08-30,C0033,Aditi Kapoor,Male,18,Bengaluru,Karnataka,South,P020,Notebook Set,Stationery,1,500,0.1,450.0,220,230.0
O02349,2025-07-12,C0924,Meera Kapoor,Female,36,Ahmedabad,Gujarat,West,P014,T-Shirt,Fashion,1,1200,0.2,960.0,650,310.0
O02350,2025-09-29,C0049,Aarav Reddy,Male,51,Bhubaneswar,Odisha,East,P010,Yoga Mat,Sports,2,1200,0.1,2160.0,1300,860.0
O02351,2025-06-14,C0456,Karan Patel,Female,29,Jaipur,Rajasthan,North,P019,Cushion Set,Home Decor,2,1200,0.1,2160.0,1200,960.0
O02352,2025-06-29,C0833,Neha Nair,Male,21,Bhubaneswar,Odisha,East,P001,Laptop,Electronics,1,55000,0.1,49500.0,42000,7500.0
O02353,2025-04-27,C0008,Arjun Gupta,Female,52,Kolkata,West Bengal,East,P015,Jeans,Fashion,1,2500,0.15,2125.0,1400,725.0
O02354,2025-09-23,C0381,Rahul Gupta,Male,19,Pune,Maharashtra,West,P019,Cushion Set,Home Decor,1,1200,0.1,1080.0,600,480.0
O02355,2025-02-07,C0255,Aarav Sharma,Female,40,Delhi,Delhi,North,P002,Smartphone,Electronics,3,28000,0.2,67200.0,64500,2700.0
O02356,2025-02-13,C0457,Priya Verma,Male,33,Pune,Maharashtra,West,P009,Running Shoes,Sports,3,4500,0.0,13500.0,8100,5400.0
O02357,2025-12-17,C0159,Neha Joshi,Female,45,Pune,Maharashtra,West,P004,Smart Watch,Electronics,2,6500,0.1,11700.0,8000,3700.0
O02358,2025-03-15,C0044,Meera Singh,Female,44,Jaipur,Rajasthan,North,P011,Coffee Maker,Home Appliances,2,5500,0.1,9900.0,6800,3100.0
O02359,2025-08-14,C0501,Sneha Sharma,Male,24,Delhi,Delhi,North,P013,Mixer Grinder,Home Appliances,2,4200,0.1,7560.0,5400,2160.0
O02360,2025-11-03,C0310,Pooja Nair,Male,40,Kochi,Kerala,South,P006,Desk,Furniture,1,12000,0.05,11400.0,8500,2900.0
O02361,2025-11-04,C0498,Ananya Verma,Female,58,Mumbai,Maharashtra,West,P009,Running Shoes,Sports,1,4500,0.1,4050.0,2700,1350.0
O02362,2025-12-14,C0148,Ananya Gupta,Male,28,Mumbai,Maharashtra,West,P005,Office Chair,Furniture,2,8500,0.1,15300.0,12000,3300.0
O02363,2025-11-11,C0246,Varun Shah,Male,19,Mumbai,Maharashtra,West,P008,Backpack,Accessories,2,2200,0.15,3740.0,2400,1340.0
O02364,2025-01-13,C0439,Vikram Shah,Male,34,Delhi,Delhi,North,P003,Headphones,Electronics,1,2500,0.15,2125.0,1400,725.0
O02365,2025-01-12,C0469,Raj Gupta,Male,40,Kolkata,West Bengal,East,P019,Cushion Set,Home Decor,4,1200,0.15,4080.0,2400,1680.0
O02366,2025-02-19,C0273,Amit Nair,Female,40,Delhi,Delhi,North,P001,Laptop,Electronics,3,55000,0.1,148500.0,126000,22500.0
O02367,2025-11-09,C0200,Isha Kapoor,Male,47,Bengaluru,Karnataka,South,P019,Cushion Set,Home Decor,1,1200,0.25,900.0,600,300.0
O02368,2025-09-06,C0196,Rohan Desai,Female,25,Bengaluru,Karnataka,South,P012,Air Fryer,Home Appliances,2,7500,0.2,12000.0,9600,2400.0
O02369,2025-04-29,C0122,Arjun Mehta,Female,22,Hyderabad,Telangana,South,P007,Bookshelf,Furniture,4,7000,0.05,26600.0,19200,7400.0
O02370,2025-02-26,C0236,Simran Singh,Male,36,Bengaluru,Karnataka,South,P015,Jeans,Fashion,1,2500,0.05,2375.0,1400,975.0
O02371,2025-07-01,C0140,Rahul Iyer,Male,23,Jaipur,Rajasthan,North,P010,Yoga Mat,Sports,2,1200,0.05,2280.0,1300,980.0
O02372,2025-09-21,C0509,Kavya Reddy,Female,25,Lucknow,Uttar Pradesh,North,P010,Yoga Mat,Sports,1,1200,0.1,1080.0,650,430.0
O02373,2025-04-16,C0446,Arjun Nair,Male,58,Delhi,Delhi,North,P002,Smartphone,Electronics,1,28000,0.2,22400.0,21500,900.0
O02374,2025-07-10,C0282,Nikhil Joshi,Male,45,Mumbai,Maharashtra,West,P008,Backpack,Accessories,3,2200,0.15,5610.0,3600,2010.0
O02375,2025-05-17,C0236,Simran Singh,Male,36,Bengaluru,Karnataka,South,P004,Smart Watch,Electronics,1,6500,0.2,5200.0,4000,1200.0
O02376,2025-07-07,C0168,Aarav Reddy,Male,49,Bhubaneswar,Odisha,East,P001,Laptop,Electronics,1,55000,0.05,52250.0,42000,10250.0
O02377,2025-04-30,C0415,Nikhil Shah,Male,41,Kolkata,West Bengal,East,P008,Backpack,Accessories,1,2200,0.1,1980.0,1200,780.0
O02378,2025-08-30,C0858,Nikhil Desai,Female,31,Chennai,Tamil Nadu,South,P002,Smartphone,Electronics,1,28000,0.05,26600.0,21500,5100.0
O02379,2025-11-15,C0563,Karan Khan,Female,28,Ahmedabad,Gujarat,West,P005,Office Chair,Furniture,1,8500,0.0,8500.0,6000,2500.0
O02380,2025-03-13,C0628,Isha Khan,Male,42,Bengaluru,Karnataka,South,P002,Smartphone,Electronics,2,28000,0.15,47600.0,43000,4600.0
O02381,2025-08-31,C0738,Neha Desai,Male,31,Chennai,Tamil Nadu,South,P002,Smartphone,Electronics,1,28000,0.05,26600.0,21500,5100.0
O02382,2025-05-11,C0257,Rahul Reddy,Female,44,Delhi,Delhi,North,P004,Smart Watch,Electronics,2,6500,0.15,11050.0,8000,3050.0
O02383,2025-09-26,C0043,Isha Nair,Male,48,Unknown,West Bengal,East,P020,Notebook Set,Stationery,2,500,0.15,850.0,440,410.0
O02384,2025-02-21,C0498,Ananya Verma,Female,58,Mumbai,Maharashtra,West,P001,Laptop,Electronics,1,55000,0.15,46750.0,42000,4750.0
O02385,2025-03-03,C0132,Kavya Verma,Female,28,Bengaluru,Karnataka,South,P013,Mixer Grinder,Home Appliances,2,4200,0.05,7980.0,5400,2580.0
O02386,2025-04-29,C0446,Arjun Nair,Male,58,Delhi,Delhi,North,P003,Headphones,Electronics,2,2500,0.15,4250.0,2800,1450.0
O02387,2025-12-31,C0622,Neha Sharma,Male,53,Pune,Maharashtra,West,P019,Cushion Set,Home Decor,1,1200,0.25,900.0,600,300.0
O02388,2025-09-21,C0674,Pooja Joshi,Female,43,Lucknow,Uttar Pradesh,North,P002,Smartphone,Electronics,1,28000,0.2,22400.0,21500,900.0
O02389,2025-08-27,C0217,Isha Nair,Female,52,Jaipur,Rajasthan,North,P020,Notebook Set,Stationery,2,500,0.15,850.0,440,410.0
O02390,2025-12-17,C0394,Aditi Gupta,Male,25,Lucknow,Uttar Pradesh,North,P013,Mixer Grinder,Home Appliances,4,4200,0.15,14280.0,10800,3480.0
O02391,2025-09-12,C0496,Sneha Singh,Male,45,Lucknow,Uttar Pradesh,North,P001,Laptop,Electronics,1,55000,0.1,49500.0,42000,7500.0
O02392,2025-06-22,C0719,Neha Sharma,Male,56,Delhi,Delhi,North,P019,Cushion Set,Home Decor,1,1200,0.15,1020.0,600,420.0
O02393,2025-11-05,C0648,Aarav Reddy,Male,18,Hyderabad,Telangana,South,P010,Yoga Mat,Sports,1,1200,0.15,1020.0,650,370.0
O02394,2025-08-25,C0977,Arjun Nair,Female,52,Chennai,Tamil Nadu,South,P005,Office Chair,Furniture,1,8500,0.1,7650.0,6000,1650.0
O02395,2025-11-15,C0006,Amit Iyer,Male,35,Kochi,Kerala,South,P015,Jeans,Fashion,2,2500,0.15,4250.0,2800,1450.0
O02396,2025-04-05,C0328,Karan Patel,Male,32,Kolkata,West Bengal,East,P019,Cushion Set,Home Decor,1,1200,0.1,1080.0,600,480.0
O02397,2025-12-03,C0182,Meera Desai,Male,20,Pune,Maharashtra,West,P010,Yoga Mat,Sports,1,1200,0.05,1140.0,650,490.0
O02398,2025-02-26,C0083,Karan Kapoor,Female,49,Jaipur,Rajasthan,North,P006,Desk,Furniture,1,12000,0.1,10800.0,8500,2300.0
O02399,2025-03-08,C0847,Rohan Singh,Female,50,Delhi,Delhi,North,P016,Jacket,Fashion,1,4500,0.05,4275.0,2700,1575.0
O02400,2025-02-15,C0996,Raj Sharma,Male,40,Mumbai,Maharashtra,West,P014,T-Shirt,Fashion,1,1200,0.1,1080.0,650,430.0
O02401,2025-04-04,C0126,Simran Desai,Male,36,Bengaluru,Karnataka,South,P019,Cushion Set,Home Decor,1,1200,0.0,1200.0,600,600.0
O02402,2025-05-18,C0026,Aditi Mehta,Female,56,Pune,Maharashtra,West,P014,T-Shirt,Fashion,1,1200,0.1,1080.0,650,430.0
O02403,2025-04-03,C0197,Ananya Nair,Female,43,Chennai,Tamil Nadu,South,P004,Smart Watch,Electronics,3,6500,0.15,16575.0,12000,4575.0
O02404,2025-08-20,C0739,Meera Desai,Female,53,Kolkata,West Bengal,East,P020,Notebook Set,Stationery,3,500,0.1,1350.0,660,690.0
O02405,2025-02-18,C0211,Sneha Reddy,Female,57,Ahmedabad,Gujarat,West,P002,Smartphone,Electronics,1,28000,0.0,28000.0,21500,6500.0
O02406,2025-01-23,C0039,Ananya Kapoor,Male,35,Jaipur,Rajasthan,North,P005,Office Chair,Furniture,2,8500,0.1,15300.0,12000,3300.0
O02407,2025-03-03,C0036,Meera Shah,Female,36,Bhubaneswar,Odisha,East,P010,Yoga Mat,Sports,1,1200,0.05,1140.0,650,490.0
O02408,2025-09-24,C0319,Rohan Desai,Male,18,Jaipur,Rajasthan,North,P011,Coffee Maker,Home Appliances,1,5500,0.1,4950.0,3400,1550.0
O02409,2025-11-25,C0879,Amit Sharma,Male,37,Bengaluru,Karnataka,South,P001,Laptop,Electronics,1,55000,0.1,49500.0,42000,7500.0
O02410,2025-04-28,C0205,Nikhil Mehta,Male,42,Bengaluru,Karnataka,South,P016,Jacket,Fashion,1,4500,0.2,3600.0,2700,900.0
O02411,2025-03-29,C0319,Rohan Desai,Male,18,Jaipur,Rajasthan,North,P008,Backpack,Accessories,2,2200,0.0,4400.0,2400,2000.0
O02412,2025-03-30,C0070,Vikram Shah,Female,54,Chennai,Tamil Nadu,South,P008,Backpack,Accessories,1,2200,0.15,1870.0,1200,670.0
O02413,2025-02-24,C0377,Aarav Singh,Male,54,Jaipur,Rajasthan,North,P017,Table Lamp,Home Decor,1,1800,0.2,1440.0,950,490.0
O02414,2025-06-02,C0575,Kavya Khan,Male,51,Delhi,Delhi,North,P008,Backpack,Accessories,2,2200,0.25,3300.0,2400,900.0
O02415,2025-08-27,C0194,Arjun Patel,Male,52,Ahmedabad,Gujarat,West,P001,Laptop,Electronics,2,55000,0.05,104500.0,84000,20500.0
O02416,2025-09-22,C0213,Ananya Gupta,Female,22,Kolkata,West Bengal,East,P003,Headphones,Electronics,1,2500,0.1,2250.0,1400,850.0
O02417,2025-09-25,C0748,Varun Khan,Female,59,Mumbai,Maharashtra,West,P020,Notebook Set,Stationery,1,500,0.0,500.0,220,280.0
O02418,2025-04-23,C0007,Ananya Khan,Male,53,Ahmedabad,Gujarat,West,P002,Smartphone,Electronics,1,28000,0.1,25200.0,21500,3700.0
O02419,2025-06-15,C0512,Simran Sharma,Male,48,Pune,Maharashtra,West,P008,Backpack,Accessories,1,2200,0.05,2090.0,1200,890.0
O02420,2025-06-05,C0291,Sneha Desai,Female,35,Chennai,Tamil Nadu,South,P010,Yoga Mat,Sports,1,1200,0.15,1020.0,650,370.0
O02421,2025-01-08,C0215,Raj Verma,Male,18,Kolkata,West Bengal,East,P010,Yoga Mat,Sports,1,1200,0.0,1200.0,650,550.0
O02422,2025-07-21,C0534,Meera Khan,Female,23,Ahmedabad,Gujarat,West,P001,Laptop,Electronics,2,55000,0.1,99000.0,84000,15000.0
O02423,2025-08-05,C0738,Neha Desai,Male,31,Chennai,Tamil Nadu,South,P010,Yoga Mat,Sports,2,1200,0.1,2160.0,1300,860.0
O02424,2025-10-19,C0436,Pooja Patel,Female,37,Kochi,Kerala,South,P008,Backpack,Accessories,2,2200,0.25,3300.0,2400,900.0
O02425,2025-02-19,C0021,Varun Joshi,Male,28,Ahmedabad,Gujarat,West,P020,Notebook Set,Stationery,1,500,0.15,425.0,220,205.0
O02426,2025-04-17,C0348,Arjun Joshi,Female,50,Hyderabad,Telangana,South,P003,Headphones,Electronics,1,2500,0.05,2375.0,1400,975.0
O02427,2025-01-09,C0350,Kavya Khan,Male,28,Lucknow,Uttar Pradesh,North,P008,Backpack,Accessories,1,2200,0.05,2090.0,1200,890.0
O02428,2025-08-21,C0422,Isha Iyer,Male,52,Pune,Maharashtra,West,P009,Running Shoes,Sports,2,4500,0.05,8550.0,5400,3150.0
O02429,2025-07-07,C0547,Rohan Verma,Female,25,Pune,Maharashtra,West,P008,Backpack,Accessories,1,2200,0.15,1870.0,1200,670.0
O02430,2025-11-19,C0013,Sneha Desai,Male,49,Lucknow,Uttar Pradesh,North,P014,T-Shirt,Fashion,3,1200,0.15,3060.0,1950,1110.0
O02431,2025-11-05,C0384,Rahul Shah,Female,26,Chennai,Tamil Nadu,South,P004,Smart Watch,Electronics,2,6500,0.1,11700.0,8000,3700.0
O02432,2025-12-04,C0464,Simran Desai,Female,26,Kochi,Kerala,South,P004,Smart Watch,Electronics,3,6500,0.0,19500.0,12000,7500.0
O02433,2025-04-20,C0250,Isha Joshi,Female,48,Lucknow,Uttar Pradesh,North,P015,Jeans,Fashion,2,2500,0.15,4250.0,2800,1450.0
O02434,2025-05-25,C0545,Varun Gupta,Male,23,Chennai,Tamil Nadu,South,P010,Yoga Mat,Sports,4,1200,0.15,4080.0,2600,1480.0
O02435,2025-08-16,C0161,Aarav Reddy,Female,24,Kochi,Kerala,South,P009,Running Shoes,Sports,2,4500,0.25,6750.0,5400,1350.0
O02436,2025-11-05,C0230,Arjun Reddy,Female,25,Hyderabad,Telangana,South,P003,Headphones,Electronics,4,2500,0.1,9000.0,5600,3400.0
O02437,2025-04-24,C0931,Vikram Sharma,Male,20,Kochi,Kerala,South,P003,Headphones,Electronics,1,2500,0.05,2375.0,1400,975.0
O02438,2025-03-04,C0254,Arjun Reddy,Male,25,Chennai,Tamil Nadu,South,P001,Laptop,Electronics,1,55000,0.1,49500.0,42000,7500.0
O02439,2025-10-02,C0253,Sneha Patel,Female,20,Hyderabad,Telangana,South,P002,Smartphone,Electronics,2,28000,0.05,53200.0,43000,10200.0
O02440,2025-05-04,C0471,Neha Sharma,Male,25,Kolkata,West Bengal,East,P011,Coffee Maker,Home Appliances,5,5500,0.15,23375.0,17000,6375.0
O02441,2025-03-27,C0945,Meera Patel,Male,18,Delhi,Delhi,North,P019,Cushion Set,Home Decor,1,1200,0.15,1020.0,600,420.0
O02442,2025-03-11,C0968,Pooja Mehta,Female,26,Jaipur,Rajasthan,North,P006,Desk,Furniture,1,12000,0.05,11400.0,8500,2900.0
O02443,2025-02-16,C0456,Karan Patel,Female,29,Jaipur,Rajasthan,North,P007,Bookshelf,Furniture,2,7000,0.05,13300.0,9600,3700.0
O02444,2025-07-18,C0001,Rohan Mehta,Male,41,Mumbai,Maharashtra,West,P002,Smartphone,Electronics,2,28000,0.0,56000.0,43000,13000.0
O02445,2025-12-30,C0831,Rahul Nair,Male,37,Chennai,Tamil Nadu,South,P008,Backpack,Accessories,1,2200,0.2,1760.0,1200,560.0
O02446,2025-07-20,C0447,Simran Khan,Female,51,Pune,Maharashtra,West,P001,Laptop,Electronics,2,55000,0.05,104500.0,84000,20500.0
O02447,2025-10-03,C0268,Kavya Shah,Female,36,Pune,Maharashtra,West,P019,Cushion Set,Home Decor,4,1200,0.1,4320.0,2400,1920.0
O02448,2025-02-06,C0731,Nikhil Shah,Male,22,Chennai,Tamil Nadu,South,P014,T-Shirt,Fashion,3,1200,0.05,3420.0,1950,1470.0
O02449,2025-07-22,C0296,Rahul Verma,Female,35,Bengaluru,Karnataka,South,P020,Notebook Set,Stationery,1,500,0.1,450.0,220,230.0
O02450,2025-05-10,C0023,Meera Mehta,Male,53,Chennai,Tamil Nadu,South,P019,Cushion Set,Home Decor,1,1200,0.15,1020.0,600,420.0
O02451,2025-10-19,C0721,Amit Khan,Male,38,Mumbai,Maharashtra,West,P010,Yoga Mat,Sports,1,1200,0.2,960.0,650,310.0
O02452,2025-03-05,C0424,Isha Iyer,Male,20,Lucknow,Uttar Pradesh,North,P010,Yoga Mat,Sports,1,1200,0.05,1140.0,650,490.0
O02453,2025-09-20,C0246,Varun Shah,Male,19,Mumbai,Maharashtra,West,P003,Headphones,Electronics,1,2500,0.15,2125.0,1400,725.0
O02454,2025-04-30,C0178,Nikhil Kapoor,Female,39,Kolkata,West Bengal,East,P009,Running Shoes,Sports,2,4500,0.1,8100.0,5400,2700.0
O02455,2025-10-05,C0470,Aditi Khan,Female,42,Mumbai,Maharashtra,West,P019,Cushion Set,Home Decor,1,1200,0.25,900.0,600,300.0
O02456,2025-07-21,C0146,Simran Iyer,Male,53,Chennai,Tamil Nadu,South,P001,Laptop,Electronics,3,55000,0.05,156750.0,126000,30750.0
O02457,2025-02-15,C0235,Pooja Kapoor,Female,51,Hyderabad,Telangana,South,P018,Wall Clock,Home Decor,4,1500,0.0,6000.0,3200,2800.0
O02458,2025-06-17,C0512,Simran Sharma,Male,48,Pune,Maharashtra,West,P007,Bookshelf,Furniture,1,7000,0.1,6300.0,4800,1500.0
O02459,2025-04-20,C0803,Rahul Gupta,Female,52,Bengaluru,Karnataka,South,P019,Cushion Set,Home Decor,5,1200,0.05,5700.0,3000,2700.0
O02460,2025-02-15,C0412,Kavya Verma,Male,30,Pune,Maharashtra,West,P020,Notebook Set,Stationery,2,500,0.0,1000.0,440,560.0
O02461,2025-07-31,C0645,Neha Gupta,Male,44,Bengaluru,Karnataka,South,P014,T-Shirt,Fashion,2,1200,0.15,2040.0,1300,740.0
O02462,2025-01-28,C0650,Aditi Verma,Female,43,Delhi,Delhi,North,P014,T-Shirt,Fashion,1,1200,0.15,1020.0,650,370.0
O02463,2025-03-28,C0541,Raj Joshi,Female,48,Chennai,Tamil Nadu,South,P009,Running Shoes,Sports,2,4500,0.1,8100.0,5400,2700.0
O02464,2025-10-18,C0174,Sneha Reddy,Male,30,Lucknow,Uttar Pradesh,North,P017,Table Lamp,Home Decor,1,1800,0.15,1530.0,950,580.0
O02465,2025-06-06,C0782,Meera Kapoor,Female,46,Ahmedabad,Gujarat,West,P020,Notebook Set,Stationery,2,500,0.1,900.0,440,460.0
O02466,2025-09-22,C0327,Arjun Nair,Male,35,Chennai,Tamil Nadu,South,P016,Jacket,Fashion,1,4500,0.1,4050.0,2700,1350.0
O02467,2025-09-22,C0030,Pooja Sharma,Female,24,Lucknow,Uttar Pradesh,North,P013,Mixer Grinder,Home Appliances,2,4200,0.1,7560.0,5400,2160.0
O02468,2025-01-22,C0174,Sneha Reddy,Male,30,Lucknow,Uttar Pradesh,North,P012,Air Fryer,Home Appliances,1,7500,0.15,6375.0,4800,1575.0
O02469,2025-09-13,C0652,Pooja Iyer,Male,40,Kolkata,West Bengal,East,P018,Wall Clock,Home Decor,1,1500,0.05,1425.0,800,625.0
O02470,2025-07-10,C0047,Aarav Desai,Male,22,Kolkata,West Bengal,East,P011,Coffee Maker,Home Appliances,2,5500,0.05,10450.0,6800,3650.0
O02471,2025-08-20,C0102,Simran Reddy,Male,18,Kochi,Kerala,South,P016,Jacket,Fashion,2,4500,0.1,8100.0,5400,2700.0
O02472,2025-07-05,C0572,Amit Iyer,Female,23,Kochi,Kerala,South,P010,Yoga Mat,Sports,1,1200,0.1,1080.0,650,430.0
O02473,2025-11-22,C0819,Vikram Verma,Female,44,Ahmedabad,Gujarat,West,P002,Smartphone,Electronics,1,28000,0.15,23800.0,21500,2300.0
O02474,2025-07-02,C0509,Kavya Reddy,Female,25,Lucknow,Uttar Pradesh,North,P008,Backpack,Accessories,3,2200,0.1,5940.0,3600,2340.0
O02475,2025-07-21,C0157,Aarav Kapoor,Female,44,Kolkata,West Bengal,East,P009,Running Shoes,Sports,2,4500,0.05,8550.0,5400,3150.0
O02476,2025-03-06,C0037,Sneha Patel,Female,46,Ahmedabad,Gujarat,West,P003,Headphones,Electronics,1,2500,0.05,2375.0,1400,975.0
O02477,2025-02-12,C0491,Nikhil Kapoor,Female,49,Bengaluru,Karnataka,South,P002,Smartphone,Electronics,2,28000,0.05,53200.0,43000,10200.0
O02478,2025-08-09,C0032,Neha Mehta,Male,54,Hyderabad,Telangana,South,P011,Coffee Maker,Home Appliances,1,5500,0.15,4675.0,3400,1275.0
O02479,2025-01-17,C0488,Simran Reddy,Male,57,Lucknow,Uttar Pradesh,North,P002,Smartphone,Electronics,1,28000,0.1,25200.0,21500,3700.0
O02480,2025-11-20,C0159,Neha Joshi,Female,45,Pune,Maharashtra,West,P006,Desk,Furniture,2,12000,0.15,20400.0,17000,3400.0
O02481,2025-10-12,C0837,Neha Iyer,Female,54,Jaipur,Rajasthan,North,P015,Jeans,Fashion,3,2500,0.1,6750.0,4200,2550.0
O02482,2025-07-02,C0360,Simran Nair,Male,29,Kochi,Kerala,South,P020,Notebook Set,Stationery,2,500,0.2,800.0,440,360.0
O02483,2025-02-13,C0158,Isha Mehta,Female,35,Kochi,Kerala,South,P014,T-Shirt,Fashion,1,1200,0.25,900.0,650,250.0
O02484,2025-07-07,C0763,Aarav Nair,Female,55,Hyderabad,Telangana,South,P020,Notebook Set,Stationery,3,500,0.15,1275.0,660,615.0
O02485,2025-09-20,C0181,Aarav Verma,Male,60,Ahmedabad,Gujarat,West,P014,T-Shirt,Fashion,1,1200,0.2,960.0,650,310.0
O02486,2025-06-23,C0221,Varun Reddy,Female,26,Hyderabad,Telangana,South,P006,Desk,Furniture,4,12000,0.1,43200.0,34000,9200.0
O02487,2025-02-23,C0738,Neha Desai,Male,31,Chennai,Tamil Nadu,South,P014,T-Shirt,Fashion,1,1200,0.2,960.0,650,310.0
O02488,2025-08-08,C0223,Vikram Reddy,Male,31,Bhubaneswar,Odisha,East,P014,T-Shirt,Fashion,1,1200,0.15,1020.0,650,370.0
O02489,2025-02-15,C0305,Amit Iyer,Male,35,Bengaluru,Karnataka,South,P008,Backpack,Accessories,2,2200,0.25,3300.0,2400,900.0
O02490,2025-09-17,C0254,Arjun Reddy,Male,25,Chennai,Tamil Nadu,South,P001,Laptop,Electronics,1,55000,0.1,49500.0,42000,7500.0
O02491,2025-07-14,C0080,Rohan Iyer,Male,46,Lucknow,Uttar Pradesh,North,P014,T-Shirt,Fashion,2,1200,0.15,2040.0,1300,740.0
O02492,2025-12-13,C0027,Raj Reddy,Male,51,Kochi,Kerala,South,P001,Laptop,Electronics,2,55000,0.1,99000.0,84000,15000.0
O02493,2025-03-02,C0605,Simran Desai,Female,45,Lucknow,Uttar Pradesh,North,P013,Mixer Grinder,Home Appliances,1,4200,0.05,3990.0,2700,1290.0
O02494,2025-06-15,C0521,Amit Desai,Male,43,Delhi,Delhi,North,P003,Headphones,Electronics,2,2500,0.1,4500.0,2800,1700.0
O02495,2025-06-09,C0202,Raj Reddy,Male,20,Kochi,Kerala,South,P011,Coffee Maker,Home Appliances,1,5500,0.2,4400.0,3400,1000.0
O02496,2025-05-31,C0212,Rahul Joshi,Male,25,Ahmedabad,Gujarat,West,P010,Yoga Mat,Sports,1,1200,0.0,1200.0,650,550.0
O02497,2025-04-21,C0900,Arjun Sharma,Female,44,Pune,Maharashtra,West,P001,Laptop,Electronics,5,55000,0.1,247500.0,210000,37500.0
O02498,2025-02-06,C0976,Kavya Verma,Male,44,Ahmedabad,Gujarat,West,P008,Backpack,Accessories,3,2200,0.1,5940.0,3600,2340.0
O02499,2025-01-03,C0359,Aarav Singh,Male,36,Lucknow,Uttar Pradesh,North,P012,Air Fryer,Home Appliances,1,7500,0.1,6750.0,4800,1950.0
O02500,2025-01-13,C0697,Karan Sharma,Male,41,Lucknow,Uttar Pradesh,North,P017,Table Lamp,Home Decor,2,1800,0.2,2880.0,1900,980.0
O02501,2025-06-11,C0619,Nikhil Mehta,Female,20,Kochi,Kerala,South,P019,Cushion Set,Home Decor,1,1200,0.2,960.0,600,360.0
O02502,2025-12-10,C0214,Karan Mehta,Male,26,Hyderabad,Telangana,South,P010,Yoga Mat,Sports,2,1200,0.1,2160.0,1300,860.0
O02503,2025-11-28,C0040,Isha Khan,Female,45,Hyderabad,Telangana,South,P015,Jeans,Fashion,4,2500,0.05,9500.0,5600,3900.0
O02504,2025-09-21,C0099,Vikram Mehta,Female,28,Bhubaneswar,Odisha,East,P006,Desk,Furniture,1,12000,0.1,10800.0,8500,2300.0
O02505,2025-03-24,C0743,Isha Joshi,Male,38,Jaipur,Rajasthan,North,P007,Bookshelf,Furniture,3,7000,0.1,18900.0,14400,4500.0
O02506,2025-09-22,C0613,Rohan Mehta,Male,25,Mumbai,Maharashtra,West,P004,Smart Watch,Electronics,1,6500,0.1,5850.0,4000,1850.0
O02507,2025-11-30,C0541,Raj Joshi,Female,48,Chennai,Tamil Nadu,South,P011,Coffee Maker,Home Appliances,1,5500,0.0,5500.0,3400,2100.0
O02508,2025-08-07,C0090,Simran Nair,Female,51,Pune,Maharashtra,West,P006,Desk,Furniture,4,12000,0.1,43200.0,34000,9200.0
O02509,2025-05-26,C0515,Amit Khan,Male,60,Kochi,Kerala,South,P002,Smartphone,Electronics,2,28000,0.05,53200.0,43000,10200.0
O02510,2025-10-25,C0660,Varun Mehta,Male,39,Bhubaneswar,Odisha,East,P014,T-Shirt,Fashion,1,1200,0.15,1020.0,650,370.0
O02511,2025-10-24,C0773,Sneha Desai,Male,49,Hyderabad,Telangana,South,P014,T-Shirt,Fashion,2,1200,0.05,2280.0,1300,980.0
O02512,2025-06-10,C0009,Aditi Khan,Female,26,Mumbai,Maharashtra,West,P008,Backpack,Accessories,1,2200,0.1,1980.0,1200,780.0
O02513,2025-08-17,C0562,Raj Mehta,Male,29,Bhubaneswar,Odisha,East,P002,Smartphone,Electronics,1,28000,0.0,28000.0,21500,6500.0
O02514,2025-08-22,C0013,Sneha Desai,Male,49,Lucknow,Uttar Pradesh,North,P009,Running Shoes,Sports,4,4500,0.25,13500.0,10800,2700.0
O02515,2025-03-30,C0586,Isha Mehta,Female,47,Chennai,Tamil Nadu,South,P009,Running Shoes,Sports,2,4500,0.1,8100.0,5400,2700.0
O02516,2025-11-29,C0511,Neha Patel,Male,21,Lucknow,Uttar Pradesh,North,P014,T-Shirt,Fashion,3,1200,0.0,3600.0,1950,1650.0
O02517,2025-11-06,C0103,Rohan Patel,Male,45,Bengaluru,Karnataka,South,P006,Desk,Furniture,1,12000,0.1,10800.0,8500,2300.0
O02518,2025-08-03,C0653,Isha Mehta,Female,27,Jaipur,Rajasthan,North,P014,T-Shirt,Fashion,2,1200,0.2,1920.0,1300,620.0
O02519,2025-04-07,C0047,Aarav Desai,Male,22,Kolkata,West Bengal,East,P018,Wall Clock,Home Decor,4,1500,0.15,5100.0,3200,1900.0
O02520,2025-08-01,C0728,Sneha Verma,Male,55,Ahmedabad,Gujarat,West,P004,Smart Watch,Electronics,1,6500,0.15,5525.0,4000,1525.0
O02521,2025-12-20,C0187,Aditi Iyer,Female,29,Ahmedabad,Gujarat,West,P020,Notebook Set,Stationery,1,500,0.05,475.0,220,255.0
O02522,2025-11-08,C0566,Neha Singh,Female,35,Pune,Maharashtra,West,P008,Backpack,Accessories,2,2200,0.15,3740.0,2400,1340.0
O02523,2025-04-10,C0866,Raj Kapoor,Male,47,Ahmedabad,Gujarat,West,P005,Office Chair,Furniture,1,8500,0.15,7225.0,6000,1225.0
O02524,2025-05-25,C0247,Aarav Khan,Male,19,Pune,Maharashtra,West,P009,Running Shoes,Sports,1,4500,0.1,4050.0,2700,1350.0
O02525,2025-01-10,C0385,Kavya Verma,Female,55,Mumbai,Maharashtra,West,P002,Smartphone,Electronics,3,28000,0.2,67200.0,64500,2700.0
O02526,2025-02-13,C0350,Kavya Khan,Male,28,Lucknow,Uttar Pradesh,North,P003,Headphones,Electronics,5,2500,0.05,11875.0,7000,4875.0
O02527,2025-09-08,C0110,Aarav Verma,Male,34,Bengaluru,Karnataka,South,P009,Running Shoes,Sports,2,4500,0.05,8550.0,5400,3150.0
O02528,2025-08-15,C0466,Arjun Desai,Female,28,Lucknow,Uttar Pradesh,North,P015,Jeans,Fashion,2,2500,0.2,4000.0,2800,1200.0
O02529,2025-09-06,C0626,Varun Kapoor,Female,18,Ahmedabad,Gujarat,West,P019,Cushion Set,Home Decor,3,1200,0.1,3240.0,1800,1440.0
O02530,2025-06-18,C0855,Sneha Joshi,Male,50,Kochi,Kerala,South,P014,T-Shirt,Fashion,2,1200,0.0,2400.0,1300,1100.0
O02531,2025-05-10,C0760,Raj Khan,Female,42,Chennai,Tamil Nadu,South,P002,Smartphone,Electronics,1,28000,0.1,25200.0,21500,3700.0
O02532,2025-01-19,C0391,Aarav Sharma,Female,51,Chennai,Tamil Nadu,South,P014,T-Shirt,Fashion,1,1200,0.2,960.0,650,310.0
O02533,2025-12-02,C0599,Varun Khan,Female,26,Bhubaneswar,Odisha,East,P013,Mixer Grinder,Home Appliances,1,4200,0.0,4200.0,2700,1500.0
O02534,2025-08-23,C0695,Sneha Nair,Female,18,Mumbai,Maharashtra,West,P016,Jacket,Fashion,1,4500,0.0,4500.0,2700,1800.0
O02535,2025-12-11,C0377,Aarav Singh,Male,54,Jaipur,Rajasthan,North,P017,Table Lamp,Home Decor,1,1800,0.05,1710.0,950,760.0
O02536,2025-01-01,C0080,Rohan Iyer,Male,46,Lucknow,Uttar Pradesh,North,P018,Wall Clock,Home Decor,1,1500,0.2,1200.0,800,400.0
O02537,2025-05-10,C0328,Karan Patel,Male,32,Kolkata,West Bengal,East,P009,Running Shoes,Sports,1,4500,0.2,3600.0,2700,900.0
O02538,2025-01-27,C0749,Meera Iyer,Female,27,Lucknow,Uttar Pradesh,North,P014,T-Shirt,Fashion,1,1200,0.1,1080.0,650,430.0
O02539,2025-01-02,C0472,Sneha Verma,Male,39,Bengaluru,Karnataka,South,P005,Office Chair,Furniture,2,8500,0.1,15300.0,12000,3300.0
O02540,2025-09-07,C0605,Simran Desai,Female,45,Lucknow,Uttar Pradesh,North,P020,Notebook Set,Stationery,1,500,0.05,475.0,220,255.0
O02541,2025-08-10,C0130,Amit Reddy,Female,29,Jaipur,Rajasthan,North,P003,Headphones,Electronics,3,2500,0.05,7125.0,4200,2925.0
O02542,2025-05-18,C0934,Simran Sharma,Male,44,Hyderabad,Telangana,South,P001,Laptop,Electronics,1,55000,0.15,46750.0,42000,4750.0
O02543,2025-10-02,C0300,Isha Desai,Female,29,Pune,Maharashtra,West,P003,Headphones,Electronics,3,2500,0.0,7500.0,4200,3300.0
O02544,2025-05-21,C0529,Rahul Singh,Female,51,Lucknow,Uttar Pradesh,North,P016,Jacket,Fashion,4,4500,0.1,16200.0,10800,5400.0
O02545,2025-09-13,C0013,Sneha Desai,Male,49,Lucknow,Uttar Pradesh,North,P009,Running Shoes,Sports,2,4500,0.1,8100.0,5400,2700.0
O02546,2025-11-08,C0088,Rohan Kapoor,Female,58,Mumbai,Maharashtra,West,P009,Running Shoes,Sports,2,4500,0.0,9000.0,5400,3600.0
O02547,2025-04-05,C0672,Sneha Khan,Female,24,Ahmedabad,Gujarat,West,P020,Notebook Set,Stationery,4,500,0.1,1800.0,880,920.0
O02548,2025-06-22,C0940,Aarav Nair,Female,58,Lucknow,Uttar Pradesh,North,P019,Cushion Set,Home Decor,1,1200,0.1,1080.0,600,480.0
O02549,2025-02-26,C0232,Rahul Gupta,Male,31,Bhubaneswar,Odisha,East,P006,Desk,Furniture,5,12000,0.15,51000.0,42500,8500.0
O02550,2025-04-12,C0025,Vikram Shah,Male,41,Chennai,Tamil Nadu,South,P004,Smart Watch,Electronics,2,6500,0.05,12350.0,8000,4350.0
O02551,2025-06-18,C0264,Varun Patel,Female,47,Kolkata,West Bengal,East,P017,Table Lamp,Home Decor,2,1800,0.05,3420.0,1900,1520.0
O02552,2025-03-11,C0012,Aarav Reddy,Female,51,Mumbai,Maharashtra,West,P019,Cushion Set,Home Decor,1,1200,0.1,1080.0,600,480.0
O02553,2025-12-04,C0135,Isha Desai,Male,22,Bengaluru,Karnataka,South,P011,Coffee Maker,Home Appliances,2,5500,0.25,8250.0,6800,1450.0
O02554,2025-02-18,C0637,Rohan Verma,Male,56,Lucknow,Uttar Pradesh,North,P013,Mixer Grinder,Home Appliances,2,4200,0.05,7980.0,5400,2580.0
O02555,2025-12-13,C0887,Raj Joshi,Male,46,Hyderabad,Telangana,South,P005,Office Chair,Furniture,2,8500,0.25,12750.0,12000,750.0
O02556,2025-01-05,C0060,Aditi Sharma,Female,21,Mumbai,Maharashtra,West,P016,Jacket,Fashion,2,4500,0.15,7650.0,5400,2250.0
O02557,2025-07-21,C0435,Sneha Shah,Female,18,Jaipur,Rajasthan,North,P013,Mixer Grinder,Home Appliances,1,4200,0.15,3570.0,2700,870.0
O02558,2025-07-21,C0181,Aarav Verma,Male,60,Ahmedabad,Gujarat,West,P010,Yoga Mat,Sports,1,1200,0.0,1200.0,650,550.0
O02559,2025-06-28,C0096,Varun Shah,Female,49,Ahmedabad,Gujarat,West,P002,Smartphone,Electronics,1,28000,0.05,26600.0,21500,5100.0
O02560,2025-02-26,C0154,Arjun Nair,Male,28,Lucknow,Uttar Pradesh,North,P019,Cushion Set,Home Decor,1,1200,0.0,1200.0,600,600.0
O02561,2025-07-05,C0454,Pooja Iyer,Male,50,Jaipur,Rajasthan,North,P013,Mixer Grinder,Home Appliances,1,4200,0.1,3780.0,2700,1080.0
O02562,2025-04-02,C0045,Karan Desai,Male,28,Mumbai,Maharashtra,West,P003,Headphones,Electronics,1,2500,0.25,1875.0,1400,475.0
O02563,2025-10-19,C0325,Kavya Shah,Female,21,Lucknow,Uttar Pradesh,North,P012,Air Fryer,Home Appliances,1,7500,0.0,7500.0,4800,2700.0
O02564,2025-08-15,C0094,Vikram Kapoor,Male,59,Delhi,Delhi,North,P014,T-Shirt,Fashion,1,1200,0.1,1080.0,650,430.0
O02565,2025-04-22,C0195,Karan Reddy,Female,36,Jaipur,Rajasthan,North,P010,Yoga Mat,Sports,1,1200,0.0,1200.0,650,550.0
O02566,2025-05-28,C0134,Isha Shah,Female,45,Bhubaneswar,Odisha,East,P014,T-Shirt,Fashion,4,1200,0.15,4080.0,2600,1480.0
O02567,2025-09-26,C0805,Nikhil Desai,Female,31,Lucknow,Uttar Pradesh,North,P012,Air Fryer,Home Appliances,2,7500,0.05,14250.0,9600,4650.0
O02568,2025-07-22,C0587,Rahul Khan,Male,49,Chennai,Tamil Nadu,South,P020,Notebook Set,Stationery,2,500,0.05,950.0,440,510.0
O02569,2025-12-31,C0784,Isha Sharma,Male,30,Hyderabad,Telangana,South,P001,Laptop,Electronics,1,55000,0.05,52250.0,42000,10250.0
O02570,2025-12-14,C0283,Karan Joshi,Male,41,Ahmedabad,Gujarat,West,P002,Smartphone,Electronics,2,28000,0.15,47600.0,43000,4600.0
O02571,2025-12-24,C0226,Isha Desai,Male,48,Chennai,Tamil Nadu,South,P003,Headphones,Electronics,2,2500,0.0,5000.0,2800,2200.0
O02572,2025-02-25,C0280,Rohan Khan,Male,49,Kolkata,West Bengal,East,P014,T-Shirt,Fashion,5,1200,0.05,5700.0,3250,2450.0
O02573,2025-10-28,C0013,Sneha Desai,Male,49,Lucknow,Uttar Pradesh,North,P013,Mixer Grinder,Home Appliances,2,4200,0.0,8400.0,5400,3000.0
O02574,2025-11-12,C0606,Amit Gupta,Female,59,Delhi,Delhi,North,P019,Cushion Set,Home Decor,2,1200,0.25,1800.0,1200,600.0
O02575,2025-07-04,C0255,Aarav Sharma,Female,40,Delhi,Delhi,North,P015,Jeans,Fashion,3,2500,0.1,6750.0,4200,2550.0
O02576,2025-02-23,C0226,Isha Desai,Male,48,Chennai,Tamil Nadu,South,P010,Yoga Mat,Sports,1,1200,0.15,1020.0,650,370.0
O02577,2025-02-06,C0474,Rahul Gupta,Male,57,Mumbai,Maharashtra,West,P020,Notebook Set,Stationery,1,500,0.15,425.0,220,205.0
O02578,2025-07-30,C0327,Arjun Nair,Male,35,Chennai,Tamil Nadu,South,P005,Office Chair,Furniture,2,8500,0.05,16150.0,12000,4150.0
O02579,2025-10-20,C0964,Sneha Joshi,Female,36,Jaipur,Rajasthan,North,P017,Table Lamp,Home Decor,1,1800,0.1,1620.0,950,670.0
O02580,2025-09-27,C0260,Kavya Iyer,Male,56,Mumbai,Maharashtra,West,P009,Running Shoes,Sports,1,4500,0.05,4275.0,2700,1575.0
O02581,2025-12-17,C0489,Amit Mehta,Female,26,Pune,Maharashtra,West,P013,Mixer Grinder,Home Appliances,2,4200,0.1,7560.0,5400,2160.0
O02582,2025-08-08,C0225,Aarav Patel,Female,47,Chennai,Tamil Nadu,South,P015,Jeans,Fashion,1,2500,0.1,2250.0,1400,850.0
O02583,2025-08-16,C0982,Ananya Reddy,Male,21,Bhubaneswar,Odisha,East,P013,Mixer Grinder,Home Appliances,2,4200,0.1,7560.0,5400,2160.0
O02584,2025-12-24,C0334,Nikhil Desai,Female,34,Kochi,Kerala,South,P003,Headphones,Electronics,3,2500,0.0,7500.0,4200,3300.0
O02585,2025-07-30,C0510,Aditi Nair,Male,57,Delhi,Delhi,North,P009,Running Shoes,Sports,1,4500,0.0,4500.0,2700,1800.0
O02586,2025-10-25,C0087,Amit Shah,Female,54,Jaipur,Rajasthan,North,P011,Coffee Maker,Home Appliances,1,5500,0.15,4675.0,3400,1275.0
O02587,2025-01-01,C0615,Aarav Sharma,Female,39,Kolkata,West Bengal,East,P018,Wall Clock,Home Decor,1,1500,0.15,1275.0,800,475.0
O02588,2025-01-23,C0192,Isha Joshi,Female,47,Ahmedabad,Gujarat,West,P009,Running Shoes,Sports,1,4500,0.0,4500.0,2700,1800.0
O02589,2025-10-11,C0337,Sneha Nair,Female,46,Ahmedabad,Gujarat,West,P019,Cushion Set,Home Decor,1,1200,0.05,1140.0,600,540.0
O02590,2025-07-07,C0805,Nikhil Desai,Female,31,Lucknow,Uttar Pradesh,North,P009,Running Shoes,Sports,1,4500,0.2,3600.0,2700,900.0
O02591,2025-01-18,C0945,Meera Patel,Male,18,Delhi,Delhi,North,P011,Coffee Maker,Home Appliances,1,5500,0.15,4675.0,3400,1275.0
O02592,2025-02-18,C0317,Aarav Gupta,Male,45,Kochi,Kerala,South,P016,Jacket,Fashion,1,4500,0.25,3375.0,2700,675.0
O02593,2025-02-16,C0739,Meera Desai,Female,53,Kolkata,West Bengal,East,P012,Air Fryer,Home Appliances,2,7500,0.05,14250.0,9600,4650.0
O02594,2025-04-25,C0036,Meera Shah,Female,36,Bhubaneswar,Odisha,East,P020,Notebook Set,Stationery,3,500,0.1,1350.0,660,690.0
O02595,2025-02-08,C0755,Arjun Reddy,Male,49,Kolkata,West Bengal,East,P014,T-Shirt,Fashion,3,1200,0.05,3420.0,1950,1470.0
O02596,2025-08-05,C0505,Karan Iyer,Male,27,Kolkata,West Bengal,East,P010,Yoga Mat,Sports,2,1200,0.1,2160.0,1300,860.0
O02597,2025-07-29,C0372,Raj Sharma,Male,58,Bhubaneswar,Odisha,East,P001,Laptop,Electronics,1,55000,0.0,55000.0,42000,13000.0
O02598,2025-09-19,C0815,Pooja Singh,Male,57,Pune,Maharashtra,West,P009,Running Shoes,Sports,2,4500,0.05,8550.0,5400,3150.0
O02599,2025-07-30,C0752,Arjun Patel,Female,26,Bengaluru,Karnataka,South,P006,Desk,Furniture,1,12000,0.0,12000.0,8500,3500.0
O02600,2025-02-22,C0214,Karan Mehta,Male,26,Hyderabad,Telangana,South,P015,Jeans,Fashion,1,2500,0.15,2125.0,1400,725.0
O02601,2025-10-08,C0684,Rahul Iyer,Male,46,Hyderabad,Telangana,South,P004,Smart Watch,Electronics,3,6500,0.1,17550.0,12000,5550.0
O02602,2025-12-21,C0068,Rahul Shah,Male,47,Kolkata,West Bengal,East,P004,Smart Watch,Electronics,1,6500,0.1,5850.0,4000,1850.0
O02603,2025-11-17,C0723,Rohan Verma,Male,20,Delhi,Delhi,North,P003,Headphones,Electronics,1,2500,0.2,2000.0,1400,600.0
O02604,2025-05-13,C0552,Ananya Nair,Male,30,Ahmedabad,Gujarat,West,P003,Headphones,Electronics,3,2500,0.15,6375.0,4200,2175.0
O02605,2025-09-21,C0060,Aditi Sharma,Female,21,Mumbai,Maharashtra,West,P006,Desk,Furniture,3,12000,0.1,32400.0,25500,6900.0
O02606,2025-10-22,C0560,Kavya Sharma,Female,52,Jaipur,Rajasthan,North,P019,Cushion Set,Home Decor,1,1200,0.25,900.0,600,300.0
O02607,2025-04-21,C0457,Priya Verma,Male,33,Pune,Maharashtra,West,P016,Jacket,Fashion,1,4500,0.1,4050.0,2700,1350.0
O02608,2025-02-12,C0470,Aditi Khan,Female,42,Mumbai,Maharashtra,West,P015,Jeans,Fashion,2,2500,0.0,5000.0,2800,2200.0
O02609,2025-12-04,C0209,Rahul Sharma,Male,54,Jaipur,Rajasthan,North,P016,Jacket,Fashion,2,4500,0.25,6750.0,5400,1350.0
O02610,2025-08-26,C0190,Aarav Desai,Female,41,Pune,Maharashtra,West,P005,Office Chair,Furniture,1,8500,0.0,8500.0,6000,2500.0
O02611,2025-09-04,C0649,Raj Khan,Male,18,Chennai,Tamil Nadu,South,P019,Cushion Set,Home Decor,2,1200,0.1,2160.0,1200,960.0
O02612,2025-01-04,C0183,Kavya Gupta,Female,27,Pune,Maharashtra,West,P003,Headphones,Electronics,4,2500,0.05,9500.0,5600,3900.0
O02613,2025-12-30,C0335,Aarav Gupta,Female,40,Bhubaneswar,Odisha,East,P007,Bookshelf,Furniture,1,7000,0.1,6300.0,4800,1500.0
O02614,2025-12-15,C0573,Rahul Mehta,Female,21,Mumbai,Maharashtra,West,P012,Air Fryer,Home Appliances,3,7500,0.1,20250.0,14400,5850.0
O02615,2025-12-16,C0055,Rahul Shah,Male,22,Bhubaneswar,Odisha,East,P002,Smartphone,Electronics,4,28000,0.05,106400.0,86000,20400.0
O02616,2025-11-08,C0470,Aditi Khan,Female,42,Mumbai,Maharashtra,West,P015,Jeans,Fashion,1,2500,0.1,2250.0,1400,850.0
O02617,2025-06-22,C0465,Ananya Shah,Female,49,Delhi,Delhi,North,P008,Backpack,Accessories,2,2200,0.15,3740.0,2400,1340.0
O02618,2025-07-12,C0561,Priya Nair,Male,43,Bengaluru,Karnataka,South,P016,Jacket,Fashion,1,4500,0.05,4275.0,2700,1575.0
O02619,2025-01-03,C0272,Meera Nair,Male,34,Bengaluru,Karnataka,South,P010,Yoga Mat,Sports,2,1200,0.1,2160.0,1300,860.0
O02620,2025-10-05,C0338,Karan Nair,Male,50,Kochi,Kerala,South,P003,Headphones,Electronics,3,2500,0.05,7125.0,4200,2925.0
O02621,2025-02-25,C0239,Rohan Mehta,Male,19,Mumbai,Maharashtra,West,P015,Jeans,Fashion,1,2500,0.15,2125.0,1400,725.0
O02622,2025-10-01,C0704,Nikhil Iyer,Male,41,Kochi,Kerala,South,P005,Office Chair,Furniture,2,8500,0.15,14450.0,12000,2450.0
O02623,2025-06-25,C0090,Simran Nair,Female,51,Pune,Maharashtra,West,P010,Yoga Mat,Sports,3,1200,0.2,2880.0,1950,930.0
O02624,2025-04-26,C0931,Vikram Sharma,Male,20,Kochi,Kerala,South,P002,Smartphone,Electronics,1,28000,0.05,26600.0,21500,5100.0
O02625,2025-03-25,C0510,Aditi Nair,Male,57,Delhi,Delhi,North,P013,Mixer Grinder,Home Appliances,1,4200,0.0,4200.0,2700,1500.0
O02626,2025-06-08,C0810,Nikhil Khan,Female,41,Pune,Maharashtra,West,P014,T-Shirt,Fashion,1,1200,0.0,1200.0,650,550.0
O02627,2025-10-13,C0318,Simran Sharma,Female,28,Jaipur,Rajasthan,North,P008,Backpack,Accessories,2,2200,0.05,4180.0,2400,1780.0
O02628,2025-03-21,C0241,Rahul Joshi,Male,34,Pune,Maharashtra,West,P020,Notebook Set,Stationery,4,500,0.1,1800.0,880,920.0
O02629,2025-03-07,C0831,Rahul Nair,Male,37,Chennai,Tamil Nadu,South,P018,Wall Clock,Home Decor,3,1500,0.25,3375.0,2400,975.0
O02630,2025-07-28,C0068,Rahul Shah,Male,47,Kolkata,West Bengal,East,P014,T-Shirt,Fashion,1,1200,0.1,1080.0,650,430.0
O02631,2025-01-10,C0081,Varun Gupta,Male,30,Lucknow,Uttar Pradesh,North,P014,T-Shirt,Fashion,2,1200,0.25,1800.0,1300,500.0
O02632,2025-07-18,C0215,Raj Verma,Male,18,Kolkata,West Bengal,East,P005,Office Chair,Furniture,1,8500,0.0,8500.0,6000,2500.0
O02633,2025-02-28,C0926,Amit Nair,Female,52,Lucknow,Uttar Pradesh,North,P014,T-Shirt,Fashion,1,1200,0.2,960.0,650,310.0
O02634,2025-08-22,C0508,Kavya Singh,Female,30,Chennai,Tamil Nadu,South,P004,Smart Watch,Electronics,1,6500,0.05,6175.0,4000,2175.0
O02635,2025-11-03,C0432,Kavya Nair,Male,53,Pune,Maharashtra,West,P003,Headphones,Electronics,1,2500,0.2,2000.0,1400,600.0
O02636,2025-09-01,C0584,Amit Reddy,Female,59,Jaipur,Rajasthan,North,P020,Notebook Set,Stationery,2,500,0.0,1000.0,440,560.0
O02637,2025-02-23,C0311,Neha Shah,Male,41,Ahmedabad,Gujarat,West,P013,Mixer Grinder,Home Appliances,4,4200,0.2,13440.0,10800,2640.0
O02638,2025-12-03,C0644,Arjun Khan,Female,37,Kochi,Kerala,South,P009,Running Shoes,Sports,2,4500,0.05,8550.0,5400,3150.0
O02639,2025-01-09,C0291,Sneha Desai,Female,35,Chennai,Tamil Nadu,South,P006,Desk,Furniture,2,12000,0.05,22800.0,17000,5800.0
O02640,2025-04-11,C0728,Sneha Verma,Male,55,Ahmedabad,Gujarat,West,P012,Air Fryer,Home Appliances,1,7500,0.1,6750.0,4800,1950.0
O02641,2025-10-22,C0191,Amit Gupta,Female,52,Lucknow,Uttar Pradesh,North,P001,Laptop,Electronics,5,55000,0.1,247500.0,210000,37500.0
O02642,2025-07-22,C0199,Neha Kapoor,Female,24,Ahmedabad,Gujarat,West,P002,Smartphone,Electronics,2,28000,0.15,47600.0,43000,4600.0
O02643,2025-06-02,C0403,Rohan Gupta,Female,57,Delhi,Delhi,North,P001,Laptop,Electronics,3,55000,0.25,123750.0,126000,-2250.0
O02644,2025-04-20,C0322,Varun Nair,Male,26,Bhubaneswar,Odisha,East,P010,Yoga Mat,Sports,1,1200,0.1,1080.0,650,430.0
O02645,2025-11-18,C0524,Aarav Khan,Female,58,Kolkata,West Bengal,East,P012,Air Fryer,Home Appliances,2,7500,0.15,12750.0,9600,3150.0
O02646,2025-09-23,C0267,Neha Nair,Male,36,Pune,Maharashtra,West,P002,Smartphone,Electronics,2,28000,0.0,56000.0,43000,13000.0
O02647,2025-06-01,C0163,Pooja Kapoor,Female,26,Pune,Maharashtra,West,P015,Jeans,Fashion,1,2500,0.1,2250.0,1400,850.0
O02648,2025-03-24,C0356,Rahul Desai,Female,38,Kolkata,West Bengal,East,P004,Smart Watch,Electronics,2,6500,0.1,11700.0,8000,3700.0
O02649,2025-05-14,C0438,Karan Iyer,Female,33,Hyderabad,Telangana,South,P014,T-Shirt,Fashion,3,1200,0.2,2880.0,1950,930.0
O02650,2025-11-22,C0099,Vikram Mehta,Female,28,Bhubaneswar,Odisha,East,P020,Notebook Set,Stationery,1,500,0.1,450.0,220,230.0
O02651,2025-06-09,C0434,Rahul Desai,Male,55,Jaipur,Rajasthan,North,P014,T-Shirt,Fashion,1,1200,0.15,1020.0,650,370.0
O02652,2025-02-08,C0231,Isha Verma,Female,20,Pune,Maharashtra,West,P019,Cushion Set,Home Decor,2,1200,0.05,2280.0,1200,1080.0
O02653,2025-06-25,C0290,Vikram Verma,Male,25,Delhi,Delhi,North,P020,Notebook Set,Stationery,1,500,0.05,475.0,220,255.0
O02654,2025-01-13,C0200,Isha Kapoor,Male,47,Bengaluru,Karnataka,South,P010,Yoga Mat,Sports,2,1200,0.1,2160.0,1300,860.0
O02655,2025-11-11,C0878,Sneha Joshi,Male,46,Chennai,Tamil Nadu,South,P014,T-Shirt,Fashion,2,1200,0.05,2280.0,1300,980.0
O02656,2025-03-08,C0561,Priya Nair,Male,43,Bengaluru,Karnataka,South,P018,Wall Clock,Home Decor,1,1500,0.05,1425.0,800,625.0
O02657,2025-09-05,C0187,Aditi Iyer,Female,29,Ahmedabad,Gujarat,West,P008,Backpack,Accessories,3,2200,0.0,6600.0,3600,3000.0
O02658,2025-02-10,C0521,Amit Desai,Male,43,Delhi,Delhi,North,P005,Office Chair,Furniture,2,8500,0.15,14450.0,12000,2450.0
O02659,2025-07-03,C0757,Arjun Singh,Female,39,Jaipur,Rajasthan,North,P020,Notebook Set,Stationery,3,500,0.0,1500.0,660,840.0
O02660,2025-02-04,C0298,Simran Iyer,Male,28,Delhi,Delhi,North,P015,Jeans,Fashion,2,2500,0.2,4000.0,2800,1200.0
O02661,2025-12-03,C0732,Nikhil Reddy,Female,30,Kochi,Kerala,South,P004,Smart Watch,Electronics,3,6500,0.05,18525.0,12000,6525.0
O02662,2025-10-17,C0107,Nikhil Patel,Male,51,Delhi,Delhi,North,P009,Running Shoes,Sports,1,4500,0.0,4500.0,2700,1800.0
O02663,2025-03-17,C0723,Rohan Verma,Male,20,Delhi,Delhi,North,P016,Jacket,Fashion,1,4500,0.1,4050.0,2700,1350.0
O02664,2025-03-11,C0419,Priya Singh,Female,53,Kolkata,West Bengal,East,P011,Coffee Maker,Home Appliances,1,5500,0.1,4950.0,3400,1550.0
O02665,2025-08-22,C0157,Aarav Kapoor,Female,44,Kolkata,West Bengal,East,P013,Mixer Grinder,Home Appliances,1,4200,0.1,3780.0,2700,1080.0
O02666,2025-01-11,C0302,Kavya Shah,Female,48,Pune,Maharashtra,West,P015,Jeans,Fashion,3,2500,0.1,6750.0,4200,2550.0
O02667,2025-10-10,C0977,Arjun Nair,Female,52,Chennai,Tamil Nadu,South,P013,Mixer Grinder,Home Appliances,1,4200,0.05,3990.0,2700,1290.0
O02668,2025-10-31,C0674,Pooja Joshi,Female,43,Lucknow,Uttar Pradesh,North,P011,Coffee Maker,Home Appliances,3,5500,0.15,14025.0,10200,3825.0
O02669,2025-01-24,C0452,Varun Joshi,Male,49,Bengaluru,Karnataka,South,P015,Jeans,Fashion,1,2500,0.1,2250.0,1400,850.0
O02670,2025-10-01,C0079,Ananya Nair,Female,26,Ahmedabad,Gujarat,West,P015,Jeans,Fashion,1,2500,0.05,2375.0,1400,975.0
O02671,2025-01-27,C0311,Neha Shah,Male,41,Ahmedabad,Gujarat,West,P013,Mixer Grinder,Home Appliances,3,4200,0.15,10710.0,8100,2610.0
O02672,2025-02-23,C0187,Aditi Iyer,Female,29,Ahmedabad,Gujarat,West,P008,Backpack,Accessories,1,2200,0.15,1870.0,1200,670.0
O02673,2025-02-24,C0049,Aarav Reddy,Male,51,Bhubaneswar,Odisha,East,P008,Backpack,Accessories,3,2200,0.1,5940.0,3600,2340.0
O02674,2025-08-21,C0421,Amit Iyer,Female,27,Jaipur,Rajasthan,North,P020,Notebook Set,Stationery,1,500,0.2,400.0,220,180.0
O02675,2025-10-04,C0814,Vikram Mehta,Female,50,Ahmedabad,Gujarat,West,P002,Smartphone,Electronics,4,28000,0.2,89600.0,86000,3600.0
O02676,2025-04-30,C0552,Ananya Nair,Male,30,Ahmedabad,Gujarat,West,P005,Office Chair,Furniture,2,8500,0.1,15300.0,12000,3300.0
O02677,2025-08-13,C0177,Vikram Singh,Male,49,Chennai,Tamil Nadu,South,P010,Yoga Mat,Sports,2,1200,0.05,2280.0,1300,980.0
O02678,2025-02-27,C0450,Aditi Nair,Female,24,Kolkata,West Bengal,East,P017,Table Lamp,Home Decor,1,1800,0.2,1440.0,950,490.0
O02679,2025-09-12,C0897,Rahul Verma,Male,43,Kochi,Kerala,South,P003,Headphones,Electronics,1,2500,0.05,2375.0,1400,975.0
O02680,2025-06-25,C0604,Vikram Verma,Female,45,Kochi,Kerala,South,P005,Office Chair,Furniture,3,8500,0.0,25500.0,18000,7500.0
O02681,2025-02-23,C0567,Raj Mehta,Female,36,Kolkata,West Bengal,East,P002,Smartphone,Electronics,3,28000,0.05,79800.0,64500,15300.0
O02682,2025-05-26,C0940,Aarav Nair,Female,58,Lucknow,Uttar Pradesh,North,P014,T-Shirt,Fashion,1,1200,0.15,1020.0,650,370.0
O02683,2025-09-16,C0693,Priya Iyer,Male,52,Pune,Maharashtra,West,P004,Smart Watch,Electronics,1,6500,0.2,5200.0,4000,1200.0
O02684,2025-06-01,C0094,Vikram Kapoor,Male,59,Delhi,Delhi,North,P008,Backpack,Accessories,1,2200,0.1,1980.0,1200,780.0
O02685,2025-09-19,C0254,Arjun Reddy,Male,25,Chennai,Tamil Nadu,South,P009,Running Shoes,Sports,1,4500,0.25,3375.0,2700,675.0
O02686,2025-01-19,C0935,Kavya Khan,Male,27,Jaipur,Rajasthan,North,P019,Cushion Set,Home Decor,2,1200,0.0,2400.0,1200,1200.0
O02687,2025-12-08,C0373,Amit Singh,Male,24,Ahmedabad,Gujarat,West,P009,Running Shoes,Sports,1,4500,0.0,4500.0,2700,1800.0
O02688,2025-06-20,C0077,Rohan Nair,Male,21,Mumbai,Maharashtra,West,P003,Headphones,Electronics,1,2500,0.1,2250.0,1400,850.0
O02689,2025-07-16,C0346,Nikhil Kapoor,Male,30,Ahmedabad,Gujarat,West,P010,Yoga Mat,Sports,2,1200,0.25,1800.0,1300,500.0
O02690,2025-03-14,C0575,Kavya Khan,Male,51,Delhi,Delhi,North,P020,Notebook Set,Stationery,1,500,0.1,450.0,220,230.0
O02691,2025-10-30,C0996,Raj Sharma,Male,40,Mumbai,Maharashtra,West,P012,Air Fryer,Home Appliances,2,7500,0.0,15000.0,9600,5400.0
O02692,2025-03-26,C0235,Pooja Kapoor,Female,51,Hyderabad,Telangana,South,P020,Notebook Set,Stationery,4,500,0.05,1900.0,880,1020.0
O02693,2025-10-11,C0395,Arjun Iyer,Male,24,Mumbai,Maharashtra,West,P017,Table Lamp,Home Decor,1,1800,0.05,1710.0,950,760.0
O02694,2025-10-29,C0800,Vikram Sharma,Male,35,Jaipur,Rajasthan,North,P001,Laptop,Electronics,2,55000,0.05,104500.0,84000,20500.0
O02695,2025-05-12,C0260,Kavya Iyer,Male,56,Mumbai,Maharashtra,West,P014,T-Shirt,Fashion,1,1200,0.0,1200.0,650,550.0
O02696,2025-04-30,C0075,Ananya Kapoor,Male,40,Pune,Maharashtra,West,P006,Desk,Furniture,1,12000,0.2,9600.0,8500,1100.0
O02697,2025-08-04,C0907,Neha Iyer,Male,52,Bengaluru,Karnataka,South,P011,Coffee Maker,Home Appliances,1,5500,0.1,4950.0,3400,1550.0
O02698,2025-05-16,C0372,Raj Sharma,Male,58,Bhubaneswar,Odisha,East,P005,Office Chair,Furniture,1,8500,0.15,7225.0,6000,1225.0
O02699,2025-04-26,C0385,Kavya Verma,Female,55,Mumbai,Maharashtra,West,P008,Backpack,Accessories,1,2200,0.0,2200.0,1200,1000.0
O02700,2025-03-02,C0497,Priya Shah,Female,39,Lucknow,Uttar Pradesh,North,P019,Cushion Set,Home Decor,1,1200,0.0,1200.0,600,600.0
O02701,2025-01-17,C0003,Neha Nair,Male,45,Kolkata,West Bengal,East,P004,Smart Watch,Electronics,3,6500,0.1,17550.0,12000,5550.0
O02702,2025-02-03,C0878,Sneha Joshi,Male,46,Chennai,Tamil Nadu,South,P018,Wall Clock,Home Decor,2,1500,0.2,2400.0,1600,800.0
O02703,2025-01-20,C0265,Arjun Joshi,Male,30,Kochi,Kerala,South,P001,Laptop,Electronics,4,55000,0.1,198000.0,168000,30000.0
O02704,2025-07-27,C0294,Varun Shah,Female,31,Kochi,Kerala,South,P002,Smartphone,Electronics,2,28000,0.2,44800.0,43000,1800.0
O02705,2025-06-11,C0121,Priya Nair,Female,45,Jaipur,Rajasthan,North,P018,Wall Clock,Home Decor,1,1500,0.15,1275.0,800,475.0
O02706,2025-10-26,C0278,Arjun Mehta,Female,25,Kochi,Kerala,South,P013,Mixer Grinder,Home Appliances,1,4200,0.0,4200.0,2700,1500.0
O02707,2025-01-10,C0699,Amit Sharma,Female,57,Bengaluru,Karnataka,South,P015,Jeans,Fashion,1,2500,0.05,2375.0,1400,975.0
O02708,2025-04-04,C0694,Neha Patel,Male,54,Lucknow,Uttar Pradesh,North,P004,Smart Watch,Electronics,1,6500,0.15,5525.0,4000,1525.0
O02709,2025-04-17,C0885,Arjun Nair,Male,25,Lucknow,Uttar Pradesh,North,P011,Coffee Maker,Home Appliances,2,5500,0.1,9900.0,6800,3100.0
O02710,2025-04-15,C0299,Ananya Singh,Male,58,Ahmedabad,Gujarat,West,P015,Jeans,Fashion,2,2500,0.05,4750.0,2800,1950.0
O02711,2025-03-12,C0588,Rahul Khan,Male,53,Chennai,Tamil Nadu,South,P013,Mixer Grinder,Home Appliances,1,4200,0.1,3780.0,2700,1080.0
O02712,2025-03-25,C0389,Varun Nair,Male,53,Kolkata,West Bengal,East,P010,Yoga Mat,Sports,1,1200,0.1,1080.0,650,430.0
O02713,2025-07-28,C0699,Amit Sharma,Female,57,Bengaluru,Karnataka,South,P020,Notebook Set,Stationery,1,500,0.2,400.0,220,180.0
O02714,2025-09-16,C0592,Pooja Khan,Female,56,Chennai,Tamil Nadu,South,P014,T-Shirt,Fashion,1,1200,0.0,1200.0,650,550.0
O02715,2025-08-27,C0270,Vikram Joshi,Female,39,Chennai,Tamil Nadu,South,P019,Cushion Set,Home Decor,1,1200,0.05,1140.0,600,540.0
O02716,2025-10-29,C0245,Kavya Shah,Male,55,Chennai,Tamil Nadu,South,P015,Jeans,Fashion,3,2500,0.1,6750.0,4200,2550.0
O02717,2025-08-20,C0179,Arjun Reddy,Male,46,Hyderabad,Telangana,South,P015,Jeans,Fashion,1,2500,0.15,2125.0,1400,725.0
O02718,2025-10-09,C0453,Arjun Joshi,Male,42,Bhubaneswar,Odisha,East,P002,Smartphone,Electronics,2,28000,0.1,50400.0,43000,7400.0
O02719,2025-07-25,C0933,Pooja Gupta,Male,32,Delhi,Delhi,North,P008,Backpack,Accessories,1,2200,0.2,1760.0,1200,560.0
O02720,2025-09-21,C0140,Rahul Iyer,Male,23,Jaipur,Rajasthan,North,P018,Wall Clock,Home Decor,1,1500,0.15,1275.0,800,475.0
O02721,2025-11-07,C0065,Arjun Singh,Female,59,Delhi,Delhi,North,P004,Smart Watch,Electronics,3,6500,0.1,17550.0,12000,5550.0
O02722,2025-12-13,C0082,Aditi Shah,Male,34,Jaipur,Rajasthan,North,P002,Smartphone,Electronics,2,28000,0.05,53200.0,43000,10200.0
O02723,2025-07-04,C0673,Nikhil Shah,Female,24,Jaipur,Rajasthan,North,P007,Bookshelf,Furniture,1,7000,0.1,6300.0,4800,1500.0
O02724,2025-04-24,C0256,Varun Iyer,Female,31,Bhubaneswar,Odisha,East,P004,Smart Watch,Electronics,3,6500,0.15,16575.0,12000,4575.0
O02725,2025-03-20,C0158,Isha Mehta,Female,35,Kochi,Kerala,South,P019,Cushion Set,Home Decor,1,1200,0.15,1020.0,600,420.0
O02726,2025-12-23,C0258,Arjun Sharma,Male,46,Hyderabad,Telangana,South,P018,Wall Clock,Home Decor,1,1500,0.25,1125.0,800,325.0
O02727,2025-12-08,C0521,Amit Desai,Male,43,Delhi,Delhi,North,P010,Yoga Mat,Sports,2,1200,0.1,2160.0,1300,860.0
O02728,2025-10-28,C0425,Isha Khan,Male,55,Chennai,Tamil Nadu,South,P002,Smartphone,Electronics,2,28000,0.1,50400.0,43000,7400.0
O02729,2025-02-19,C0627,Nikhil Nair,Male,49,Ahmedabad,Gujarat,West,P014,T-Shirt,Fashion,1,1200,0.0,1200.0,650,550.0
O02730,2025-11-16,C0247,Aarav Khan,Male,19,Pune,Maharashtra,West,P013,Mixer Grinder,Home Appliances,1,4200,0.0,4200.0,2700,1500.0
O02731,2025-04-05,C0340,Isha Gupta,Female,42,Mumbai,Maharashtra,West,P020,Notebook Set,Stationery,3,500,0.05,1425.0,660,765.0
O02732,2025-09-15,C0070,Vikram Shah,Female,54,Chennai,Tamil Nadu,South,P011,Coffee Maker,Home Appliances,1,5500,0.0,5500.0,3400,2100.0
O02733,2025-12-17,C0050,Neha Khan,Male,29,Lucknow,Uttar Pradesh,North,P007,Bookshelf,Furniture,1,7000,0.1,6300.0,4800,1500.0
O02734,2025-03-03,C0349,Amit Reddy,Male,41,Pune,Maharashtra,West,P010,Yoga Mat,Sports,2,1200,0.05,2280.0,1300,980.0
O02735,2025-05-22,C0217,Isha Nair,Female,52,Jaipur,Rajasthan,North,P020,Notebook Set,Stationery,3,500,0.1,1350.0,660,690.0
O02736,2025-11-26,C0488,Simran Reddy,Male,57,Lucknow,Uttar Pradesh,North,P014,T-Shirt,Fashion,1,1200,0.1,1080.0,650,430.0
O02737,2025-08-10,C0029,Neha Verma,Female,54,Hyderabad,Telangana,South,P014,T-Shirt,Fashion,2,1200,0.1,2160.0,1300,860.0
O02738,2025-12-22,C0084,Priya Reddy,Female,39,Ahmedabad,Gujarat,West,P004,Smart Watch,Electronics,2,6500,0.1,11700.0,8000,3700.0
O02739,2025-04-21,C0780,Karan Kapoor,Female,51,Hyderabad,Telangana,South,P015,Jeans,Fashion,1,2500,0.05,2375.0,1400,975.0
O02740,2025-04-14,C0443,Nikhil Shah,Male,44,Kochi,Kerala,South,P015,Jeans,Fashion,2,2500,0.25,3750.0,2800,950.0
O02741,2025-01-15,C0592,Pooja Khan,Female,56,Chennai,Tamil Nadu,South,P006,Desk,Furniture,4,12000,0.0,48000.0,34000,14000.0
O02742,2025-09-27,C0748,Varun Khan,Female,59,Mumbai,Maharashtra,West,P010,Yoga Mat,Sports,1,1200,0.2,960.0,650,310.0
O02743,2025-06-08,C0350,Kavya Khan,Male,28,Lucknow,Uttar Pradesh,North,P006,Desk,Furniture,1,12000,0.05,11400.0,8500,2900.0
O02744,2025-06-06,C0647,Arjun Verma,Female,21,Ahmedabad,Gujarat,West,P005,Office Chair,Furniture,3,8500,0.1,22950.0,18000,4950.0
O02745,2025-01-27,C0405,Meera Patel,Male,53,Kolkata,West Bengal,East,P001,Laptop,Electronics,2,55000,0.0,110000.0,84000,26000.0
O02746,2025-03-26,C0157,Aarav Kapoor,Female,44,Kolkata,West Bengal,East,P005,Office Chair,Furniture,1,8500,0.0,8500.0,6000,2500.0
O02747,2025-01-09,C0246,Varun Shah,Male,19,Mumbai,Maharashtra,West,P011,Coffee Maker,Home Appliances,2,5500,0.1,9900.0,6800,3100.0
O02748,2025-10-03,C0374,Nikhil Nair,Female,58,Bhubaneswar,Odisha,East,P001,Laptop,Electronics,2,55000,0.15,93500.0,84000,9500.0
O02749,2025-08-15,C0229,Rohan Singh,Male,52,Lucknow,Uttar Pradesh,North,P005,Office Chair,Furniture,2,8500,0.05,16150.0,12000,4150.0
O02750,2025-07-05,C0244,Aditi Mehta,Male,33,Hyderabad,Telangana,South,P018,Wall Clock,Home Decor,3,1500,0.1,4050.0,2400,1650.0
O02751,2025-03-20,C0245,Kavya Shah,Male,55,Chennai,Tamil Nadu,South,P012,Air Fryer,Home Appliances,1,7500,0.05,7125.0,4800,2325.0
O02752,2025-08-04,C0085,Sneha Reddy,Female,21,Kochi,Kerala,South,P012,Air Fryer,Home Appliances,1,7500,0.1,6750.0,4800,1950.0
O02753,2025-02-26,C0058,Rohan Desai,Male,20,Bhubaneswar,Odisha,East,P008,Backpack,Accessories,2,2200,0.2,3520.0,2400,1120.0
O02754,2025-05-24,C0032,Neha Mehta,Male,54,Hyderabad,Telangana,South,P014,T-Shirt,Fashion,1,1200,0.2,960.0,650,310.0
O02755,2025-12-22,C0076,Rahul Joshi,Female,23,Lucknow,Uttar Pradesh,North,P003,Headphones,Electronics,2,2500,0.1,4500.0,2800,1700.0
O02756,2025-11-27,C0250,Isha Joshi,Female,48,Lucknow,Uttar Pradesh,North,P017,Table Lamp,Home Decor,1,1800,0.05,1710.0,950,760.0
O02757,2025-03-08,C0470,Aditi Khan,Female,42,Mumbai,Maharashtra,West,P002,Smartphone,Electronics,1,28000,0.05,26600.0,21500,5100.0
O02758,2025-10-02,C0132,Kavya Verma,Female,28,Bengaluru,Karnataka,South,P014,T-Shirt,Fashion,1,1200,0.25,900.0,650,250.0
O02759,2025-04-15,C0812,Priya Nair,Male,36,Chennai,Tamil Nadu,South,P007,Bookshelf,Furniture,2,7000,0.05,13300.0,9600,3700.0
O02760,2025-07-07,C0705,Rohan Khan,Female,59,Pune,Maharashtra,West,P015,Jeans,Fashion,3,2500,0.15,6375.0,4200,2175.0
O02761,2025-06-13,C0401,Pooja Patel,Female,38,Lucknow,Uttar Pradesh,North,P011,Coffee Maker,Home Appliances,1,5500,0.1,4950.0,3400,1550.0
O02762,2025-09-24,C0605,Simran Desai,Female,45,Lucknow,Uttar Pradesh,North,P009,Running Shoes,Sports,1,4500,0.25,3375.0,2700,675.0
O02763,2025-02-20,C0269,Aditi Verma,Male,42,Lucknow,Uttar Pradesh,North,P003,Headphones,Electronics,1,2500,0.1,2250.0,1400,850.0
O02764,2025-05-06,C0025,Vikram Shah,Male,41,Chennai,Tamil Nadu,South,P013,Mixer Grinder,Home Appliances,3,4200,0.1,11340.0,8100,3240.0
O02765,2025-03-21,C0836,Neha Patel,Male,39,Bengaluru,Karnataka,South,P020,Notebook Set,Stationery,1,500,0.1,450.0,220,230.0
O02766,2025-07-02,C0088,Rohan Kapoor,Female,58,Mumbai,Maharashtra,West,P017,Table Lamp,Home Decor,2,1800,0.25,2700.0,1900,800.0
O02767,2025-11-06,C0905,Pooja Desai,Male,51,Kochi,Kerala,South,P002,Smartphone,Electronics,2,28000,0.25,42000.0,43000,-1000.0
O02768,2025-01-17,C0449,Pooja Khan,Male,23,Chennai,Tamil Nadu,South,P008,Backpack,Accessories,1,2200,0.15,1870.0,1200,670.0
O02769,2025-06-19,C0220,Varun Sharma,Male,40,Bhubaneswar,Odisha,East,P019,Cushion Set,Home Decor,3,1200,0.15,3060.0,1800,1260.0
O02770,2025-10-07,C0378,Isha Joshi,Female,30,Lucknow,Uttar Pradesh,North,P010,Yoga Mat,Sports,1,1200,0.1,1080.0,650,430.0
O02771,2025-10-31,C0384,Rahul Shah,Female,26,Chennai,Tamil Nadu,South,P014,T-Shirt,Fashion,2,1200,0.15,2040.0,1300,740.0
O02772,2025-12-06,C0016,Isha Kapoor,Male,45,Kolkata,West Bengal,East,P019,Cushion Set,Home Decor,1,1200,0.2,960.0,600,360.0
O02773,2025-08-02,C0260,Kavya Iyer,Male,56,Mumbai,Maharashtra,West,P018,Wall Clock,Home Decor,1,1500,0.1,1350.0,800,550.0
O02774,2025-07-17,C0623,Rohan Sharma,Male,26,Bhubaneswar,Odisha,East,P010,Yoga Mat,Sports,2,1200,0.1,2160.0,1300,860.0
O02775,2025-01-07,C0391,Aarav Sharma,Female,51,Chennai,Tamil Nadu,South,P009,Running Shoes,Sports,1,4500,0.1,4050.0,2700,1350.0
O02776,2025-01-11,C0173,Nikhil Sharma,Female,22,Pune,Maharashtra,West,P007,Bookshelf,Furniture,2,7000,0.1,12600.0,9600,3000.0
O02777,2025-01-12,C0244,Aditi Mehta,Male,33,Hyderabad,Telangana,South,P015,Jeans,Fashion,2,2500,0.2,4000.0,2800,1200.0
O02778,2025-04-20,C0777,Rohan Mehta,Female,40,Pune,Maharashtra,West,P006,Desk,Furniture,2,12000,0.1,21600.0,17000,4600.0
O02779,2025-05-13,C0405,Meera Patel,Male,53,Kolkata,West Bengal,East,P005,Office Chair,Furniture,1,8500,0.05,8075.0,6000,2075.0
O02780,2025-05-08,C0408,Varun Patel,Female,52,Pune,Maharashtra,West,P008,Backpack,Accessories,2,2200,0.1,3960.0,2400,1560.0
O02781,2025-05-28,C0929,Neha Iyer,Female,51,Delhi,Delhi,North,P003,Headphones,Electronics,2,2500,0.05,4750.0,2800,1950.0
O02782,2025-02-23,C0232,Rahul Gupta,Male,31,Bhubaneswar,Odisha,East,P014,T-Shirt,Fashion,1,1200,0.1,1080.0,650,430.0
O02783,2025-11-07,C0364,Priya Patel,Female,54,Bengaluru,Karnataka,South,P013,Mixer Grinder,Home Appliances,2,4200,0.2,6720.0,5400,1320.0
O02784,2025-03-20,C0709,Rahul Khan,Female,40,Kolkata,West Bengal,East,P010,Yoga Mat,Sports,4,1200,0.1,4320.0,2600,1720.0
O02785,2025-12-12,C0645,Neha Gupta,Male,44,Bengaluru,Karnataka,South,P008,Backpack,Accessories,1,2200,0.2,1760.0,1200,560.0
O02786,2025-04-07,C0190,Aarav Desai,Female,41,Pune,Maharashtra,West,P019,Cushion Set,Home Decor,3,1200,0.05,3420.0,1800,1620.0
O02787,2025-09-06,C0105,Rahul Sharma,Female,52,Jaipur,Rajasthan,North,P001,Laptop,Electronics,1,55000,0.2,44000.0,42000,2000.0
O02788,2025-05-07,C0579,Pooja Iyer,Male,33,Kochi,Kerala,South,P016,Jacket,Fashion,1,4500,0.1,4050.0,2700,1350.0
O02789,2025-01-30,C0183,Kavya Gupta,Female,27,Pune,Maharashtra,West,P019,Cushion Set,Home Decor,1,1200,0.0,1200.0,600,600.0
O02790,2025-01-24,C0864,Rohan Shah,Female,22,Mumbai,Maharashtra,West,P009,Running Shoes,Sports,2,4500,0.1,8100.0,5400,2700.0
O02791,2025-07-20,C0089,Aarav Sharma,Female,30,Bengaluru,Karnataka,South,P011,Coffee Maker,Home Appliances,1,5500,0.25,4125.0,3400,725.0
O02792,2025-05-11,C0230,Arjun Reddy,Female,25,Hyderabad,Telangana,South,P020,Notebook Set,Stationery,3,500,0.0,1500.0,660,840.0
O02793,2025-05-02,C0037,Sneha Patel,Female,46,Ahmedabad,Gujarat,West,P004,Smart Watch,Electronics,3,6500,0.1,17550.0,12000,5550.0
O02794,2025-12-22,C0582,Meera Desai,Male,25,Delhi,Delhi,North,P010,Yoga Mat,Sports,2,1200,0.2,1920.0,1300,620.0
O02795,2025-11-23,C0817,Vikram Khan,Female,18,Kolkata,West Bengal,East,P010,Yoga Mat,Sports,1,1200,0.0,1200.0,650,550.0
O02796,2025-05-30,C0511,Neha Patel,Male,21,Lucknow,Uttar Pradesh,North,P005,Office Chair,Furniture,4,8500,0.1,30600.0,24000,6600.0
O02797,2025-01-14,C0888,Amit Mehta,Female,27,Kochi,Kerala,South,P017,Table Lamp,Home Decor,3,1800,0.1,4860.0,2850,2010.0
O02798,2025-10-31,C0089,Aarav Sharma,Female,30,Bengaluru,Karnataka,South,P019,Cushion Set,Home Decor,1,1200,0.1,1080.0,600,480.0
O02799,2025-01-29,C0060,Aditi Sharma,Female,21,Mumbai,Maharashtra,West,P016,Jacket,Fashion,2,4500,0.1,8100.0,5400,2700.0
O02800,2025-02-19,C0743,Isha Joshi,Male,38,Jaipur,Rajasthan,North,P004,Smart Watch,Electronics,2,6500,0.0,13000.0,8000,5000.0
O02801,2025-08-28,C0766,Arjun Shah,Female,53,Bhubaneswar,Odisha,East,P002,Smartphone,Electronics,2,28000,0.15,47600.0,43000,4600.0
O02802,2025-10-10,C0734,Varun Khan,Male,47,Mumbai,Maharashtra,West,P012,Air Fryer,Home Appliances,1,7500,0.0,7500.0,4800,2700.0
O02803,2025-12-01,C0693,Priya Iyer,Male,52,Pune,Maharashtra,West,P002,Smartphone,Electronics,1,28000,0.05,26600.0,21500,5100.0
O02804,2025-12-18,C0265,Arjun Joshi,Male,30,Kochi,Kerala,South,P014,T-Shirt,Fashion,1,1200,0.1,1080.0,650,430.0
O02805,2025-06-05,C0153,Meera Patel,Male,44,Lucknow,Uttar Pradesh,North,P011,Coffee Maker,Home Appliances,1,5500,0.1,4950.0,3400,1550.0
O02806,2025-05-17,C0874,Meera Patel,Male,40,Kolkata,West Bengal,East,P014,T-Shirt,Fashion,2,1200,0.05,2280.0,1300,980.0
O02807,2025-11-23,C0221,Varun Reddy,Female,26,Hyderabad,Telangana,South,P012,Air Fryer,Home Appliances,4,7500,0.15,25500.0,19200,6300.0
O02808,2025-12-02,C0295,Raj Singh,Female,51,Jaipur,Rajasthan,North,P009,Running Shoes,Sports,4,4500,0.2,14400.0,10800,3600.0
O02809,2025-06-03,C0578,Raj Shah,Male,60,Chennai,Tamil Nadu,South,P004,Smart Watch,Electronics,2,6500,0.2,10400.0,8000,2400.0
O02810,2025-03-22,C0211,Sneha Reddy,Female,57,Ahmedabad,Gujarat,West,P006,Desk,Furniture,2,12000,0.1,21600.0,17000,4600.0
O02811,2025-03-28,C0718,Vikram Desai,Male,24,Lucknow,Uttar Pradesh,North,P010,Yoga Mat,Sports,1,1200,0.2,960.0,650,310.0
O02812,2025-09-21,C0048,Rohan Desai,Female,25,Kolkata,West Bengal,East,P013,Mixer Grinder,Home Appliances,2,4200,0.2,6720.0,5400,1320.0
O02813,2025-09-15,C0683,Karan Patel,Male,32,Chennai,Tamil Nadu,South,P016,Jacket,Fashion,1,4500,0.1,4050.0,2700,1350.0
O02814,2025-07-04,C0477,Karan Gupta,Female,58,Kolkata,West Bengal,East,P015,Jeans,Fashion,1,2500,0.05,2375.0,1400,975.0
O02815,2025-06-29,C0450,Aditi Nair,Female,24,Kolkata,West Bengal,East,P020,Notebook Set,Stationery,2,500,0.0,1000.0,440,560.0
O02816,2025-07-05,C0346,Nikhil Kapoor,Male,30,Ahmedabad,Gujarat,West,P006,Desk,Furniture,1,12000,0.1,10800.0,8500,2300.0
O02817,2025-05-03,C0198,Simran Sharma,Female,57,Kochi,Kerala,South,P002,Smartphone,Electronics,1,28000,0.2,22400.0,21500,900.0
O02818,2025-04-06,C0351,Priya Reddy,Male,34,Pune,Maharashtra,West,P007,Bookshelf,Furniture,3,7000,0.1,18900.0,14400,4500.0
O02819,2025-04-03,C0339,Raj Singh,Male,44,Mumbai,Maharashtra,West,P015,Jeans,Fashion,1,2500,0.15,2125.0,1400,725.0
O02820,2025-01-03,C0460,Kavya Joshi,Male,53,Mumbai,Maharashtra,West,P009,Running Shoes,Sports,1,4500,0.0,4500.0,2700,1800.0
O02821,2025-01-02,C0202,Raj Reddy,Male,20,Kochi,Kerala,South,P017,Table Lamp,Home Decor,1,1800,0.05,1710.0,950,760.0
O02822,2025-11-01,C0053,Arjun Verma,Female,48,Delhi,Delhi,North,P011,Coffee Maker,Home Appliances,1,5500,0.1,4950.0,3400,1550.0
O02823,2025-12-23,C0101,Nikhil Shah,Male,21,Chennai,Tamil Nadu,South,P020,Notebook Set,Stationery,1,500,0.25,375.0,220,155.0
O02824,2025-05-28,C0578,Raj Shah,Male,60,Chennai,Tamil Nadu,South,P020,Notebook Set,Stationery,2,500,0.1,900.0,440,460.0
O02825,2025-10-12,C0016,Isha Kapoor,Male,45,Kolkata,West Bengal,East,P002,Smartphone,Electronics,1,28000,0.2,22400.0,21500,900.0
O02826,2025-05-25,C0767,Aditi Kapoor,Male,34,Jaipur,Rajasthan,North,P009,Running Shoes,Sports,3,4500,0.05,12825.0,8100,4725.0
O02827,2025-11-26,C0572,Amit Iyer,Female,23,Kochi,Kerala,South,P013,Mixer Grinder,Home Appliances,1,4200,0.1,3780.0,2700,1080.0
O02828,2025-12-27,C0655,Pooja Joshi,Female,58,Hyderabad,Telangana,South,P005,Office Chair,Furniture,1,8500,0.1,7650.0,6000,1650.0
O02829,2025-09-19,C0740,Sneha Iyer,Male,56,Kochi,Kerala,South,P008,Backpack,Accessories,2,2200,0.2,3520.0,2400,1120.0
O02830,2025-03-03,C0085,Sneha Reddy,Female,21,Kochi,Kerala,South,P014,T-Shirt,Fashion,2,1200,0.0,2400.0,1300,1100.0
O02831,2025-08-14,C0722,Kavya Desai,Male,37,Ahmedabad,Gujarat,West,P004,Smart Watch,Electronics,2,6500,0.05,12350.0,8000,4350.0
O02832,2025-01-31,C0387,Pooja Desai,Male,39,Hyderabad,Telangana,South,P012,Air Fryer,Home Appliances,4,7500,0.05,28500.0,19200,9300.0
O02833,2025-07-09,C0808,Kavya Verma,Male,51,Lucknow,Uttar Pradesh,North,P014,T-Shirt,Fashion,1,1200,0.2,960.0,650,310.0
O02834,2025-09-25,C0810,Nikhil Khan,Female,41,Pune,Maharashtra,West,P002,Smartphone,Electronics,1,28000,0.05,26600.0,21500,5100.0
O02835,2025-01-12,C0017,Raj Kapoor,Female,32,Chennai,Tamil Nadu,South,P010,Yoga Mat,Sports,3,1200,0.0,3600.0,1950,1650.0
O02836,2025-07-10,C0282,Nikhil Joshi,Male,45,Mumbai,Maharashtra,West,P005,Office Chair,Furniture,1,8500,0.1,7650.0,6000,1650.0
O02837,2025-01-25,C0406,Meera Kapoor,Female,38,Kolkata,West Bengal,East,P015,Jeans,Fashion,1,2500,0.1,2250.0,1400,850.0
O02838,2025-04-01,C0555,Rahul Iyer,Male,45,Chennai,Tamil Nadu,South,P003,Headphones,Electronics,1,2500,0.2,2000.0,1400,600.0
O02839,2025-03-29,C0205,Nikhil Mehta,Male,42,Bengaluru,Karnataka,South,P019,Cushion Set,Home Decor,2,1200,0.2,1920.0,1200,720.0
O02840,2025-11-28,C0179,Arjun Reddy,Male,46,Hyderabad,Telangana,South,P009,Running Shoes,Sports,1,4500,0.1,4050.0,2700,1350.0
O02841,2025-10-01,C0281,Rahul Reddy,Male,31,Kolkata,West Bengal,East,P004,Smart Watch,Electronics,1,6500,0.2,5200.0,4000,1200.0
O02842,2025-10-28,C0383,Rahul Singh,Male,26,Bhubaneswar,Odisha,East,P009,Running Shoes,Sports,1,4500,0.15,3825.0,2700,1125.0
O02843,2025-04-21,C0911,Sneha Singh,Female,27,Bengaluru,Karnataka,South,P009,Running Shoes,Sports,2,4500,0.05,8550.0,5400,3150.0
O02844,2025-03-21,C0648,Aarav Reddy,Male,18,Hyderabad,Telangana,South,P009,Running Shoes,Sports,1,4500,0.2,3600.0,2700,900.0
O02845,2025-11-20,C0321,Ananya Gupta,Female,36,Kochi,Kerala,South,P012,Air Fryer,Home Appliances,1,7500,0.15,6375.0,4800,1575.0
O02846,2025-05-20,C0037,Sneha Patel,Female,46,Ahmedabad,Gujarat,West,P010,Yoga Mat,Sports,2,1200,0.1,2160.0,1300,860.0
O02847,2025-08-02,C0117,Rahul Mehta,Female,54,Kochi,Kerala,South,P003,Headphones,Electronics,4,2500,0.15,8500.0,5600,2900.0
O02848,2025-01-18,C0344,Simran Desai,Male,38,Bengaluru,Karnataka,South,P002,Smartphone,Electronics,2,28000,0.1,50400.0,43000,7400.0
O02849,2025-02-23,C0711,Ananya Mehta,Female,22,Delhi,Delhi,North,P015,Jeans,Fashion,3,2500,0.0,7500.0,4200,3300.0
O02850,2025-04-07,C0280,Rohan Khan,Male,49,Kolkata,West Bengal,East,P011,Coffee Maker,Home Appliances,1,5500,0.15,4675.0,3400,1275.0
O02851,2025-10-10,C0417,Simran Khan,Male,39,Pune,Maharashtra,West,P008,Backpack,Accessories,1,2200,0.15,1870.0,1200,670.0
O02852,2025-08-22,C0817,Vikram Khan,Female,18,Kolkata,West Bengal,East,P017,Table Lamp,Home Decor,1,1800,0.15,1530.0,950,580.0
O02853,2025-08-28,C0850,Kavya Shah,Male,22,Hyderabad,Telangana,South,P008,Backpack,Accessories,3,2200,0.05,6270.0,3600,2670.0
O02854,2025-11-30,C0152,Meera Kapoor,Male,32,Mumbai,Maharashtra,West,P016,Jacket,Fashion,1,4500,0.0,3375.0,2700,675.0
O02855,2025-12-10,C0030,Pooja Sharma,Female,24,Lucknow,Uttar Pradesh,North,P006,Desk,Furniture,3,12000,0.0,36000.0,25500,10500.0
O02856,2025-02-23,C0220,Varun Sharma,Male,40,Bhubaneswar,Odisha,East,P002,Smartphone,Electronics,5,28000,0.05,133000.0,107500,25500.0
O02857,2025-03-28,C0574,Amit Kapoor,Female,46,Kolkata,West Bengal,East,P020,Notebook Set,Stationery,1,500,0.05,475.0,220,255.0
O02858,2025-09-18,C0911,Sneha Singh,Female,27,Bengaluru,Karnataka,South,P008,Backpack,Accessories,1,2200,0.0,2200.0,1200,1000.0
O02859,2025-08-24,C0053,Arjun Verma,Female,48,Delhi,Delhi,North,P016,Jacket,Fashion,1,4500,0.1,4050.0,2700,1350.0
O02860,2025-05-03,C0020,Arjun Singh,Male,57,Lucknow,Uttar Pradesh,North,P005,Office Chair,Furniture,1,8500,0.1,7650.0,6000,1650.0
O02861,2025-02-23,C0806,Arjun Mehta,Female,50,Lucknow,Uttar Pradesh,North,P013,Mixer Grinder,Home Appliances,1,4200,0.2,3360.0,2700,660.0
O02862,2025-08-04,C0632,Aditi Gupta,Male,37,Kochi,Kerala,South,P018,Wall Clock,Home Decor,3,1500,0.25,3375.0,2400,975.0
O02863,2025-07-16,C0985,Meera Sharma,Male,44,Kochi,Kerala,South,P001,Laptop,Electronics,1,55000,0.15,46750.0,42000,4750.0
O02864,2025-02-08,C0294,Varun Shah,Female,31,Kochi,Kerala,South,P017,Table Lamp,Home Decor,1,1800,0.1,1620.0,950,670.0
O02865,2025-12-31,C0310,Pooja Nair,Male,40,Kochi,Kerala,South,P011,Coffee Maker,Home Appliances,1,5500,0.15,4675.0,3400,1275.0
O02866,2025-08-16,C0120,Vikram Reddy,Female,25,Ahmedabad,Gujarat,West,P012,Air Fryer,Home Appliances,4,7500,0.2,24000.0,19200,4800.0
O02867,2025-08-25,C0080,Rohan Iyer,Male,46,Lucknow,Uttar Pradesh,North,P010,Yoga Mat,Sports,2,1200,0.1,2160.0,1300,860.0
O02868,2025-05-12,C0455,Raj Reddy,Male,24,Kolkata,West Bengal,East,P018,Wall Clock,Home Decor,3,1500,0.15,3825.0,2400,1425.0
O02869,2025-11-26,C0267,Neha Nair,Male,36,Pune,Maharashtra,West,P001,Laptop,Electronics,4,55000,0.1,198000.0,168000,30000.0
O02870,2025-11-17,C0055,Rahul Shah,Male,22,Bhubaneswar,Odisha,East,P005,Office Chair,Furniture,1,8500,0.1,7650.0,6000,1650.0
O02871,2025-06-17,C0810,Nikhil Khan,Female,41,Pune,Maharashtra,West,P018,Wall Clock,Home Decor,1,1500,0.1,1350.0,800,550.0
O02872,2025-02-06,C0139,Sneha Singh,Male,29,Hyderabad,Telangana,South,P015,Jeans,Fashion,1,2500,0.15,2125.0,1400,725.0
O02873,2025-03-08,C0633,Nikhil Patel,Male,37,Jaipur,Rajasthan,North,P001,Laptop,Electronics,1,55000,0.15,46750.0,42000,4750.0
O02874,2025-04-21,C0202,Raj Reddy,Male,20,Kochi,Kerala,South,P010,Yoga Mat,Sports,2,1200,0.1,2160.0,1300,860.0
O02875,2025-08-07,C0710,Aarav Shah,Female,40,Jaipur,Rajasthan,North,P011,Coffee Maker,Home Appliances,1,5500,0.1,4950.0,3400,1550.0
O02876,2025-07-28,C0082,Aditi Shah,Male,34,Jaipur,Rajasthan,North,P008,Backpack,Accessories,1,2200,0.2,1760.0,1200,560.0
O02877,2025-03-28,C0641,Aarav Joshi,Female,34,Bhubaneswar,Odisha,East,P006,Desk,Furniture,2,12000,0.25,18000.0,17000,1000.0
O02878,2025-10-30,C0067,Arjun Sharma,Male,32,Bengaluru,Karnataka,South,P014,T-Shirt,Fashion,2,1200,0.05,2280.0,1300,980.0
O02879,2025-06-28,C0336,Priya Shah,Male,43,Kolkata,West Bengal,East,P004,Smart Watch,Electronics,2,6500,0.05,12350.0,8000,4350.0
O02880,2025-01-13,C0616,Amit Gupta,Female,54,Bhubaneswar,Odisha,East,P016,Jacket,Fashion,1,4500,0.15,3825.0,2700,1125.0
O02881,2025-10-27,C0121,Priya Nair,Female,45,Jaipur,Rajasthan,North,P016,Jacket,Fashion,3,4500,0.1,12150.0,8100,4050.0
O02882,2025-05-05,C0205,Nikhil Mehta,Male,42,Bengaluru,Karnataka,South,P009,Running Shoes,Sports,2,4500,0.0,9000.0,5400,3600.0
O02883,2025-08-21,C0779,Nikhil Verma,Male,34,Mumbai,Maharashtra,West,P005,Office Chair,Furniture,1,8500,0.1,7650.0,6000,1650.0
O02884,2025-09-08,C0808,Kavya Verma,Male,51,Lucknow,Uttar Pradesh,North,P005,Office Chair,Furniture,3,8500,0.15,21675.0,18000,3675.0
O02885,2025-05-06,C0031,Ananya Patel,Male,21,Kolkata,West Bengal,East,P010,Yoga Mat,Sports,4,1200,0.15,4080.0,2600,1480.0
O02886,2025-08-23,C0117,Rahul Mehta,Female,54,Kochi,Kerala,South,P015,Jeans,Fashion,1,2500,0.1,2250.0,1400,850.0
O02887,2025-05-18,C0081,Varun Gupta,Male,30,Lucknow,Uttar Pradesh,North,P008,Backpack,Accessories,1,2200,0.1,1980.0,1200,780.0
O02888,2025-02-18,C0125,Simran Joshi,Female,53,Pune,Maharashtra,West,P013,Mixer Grinder,Home Appliances,1,4200,0.1,3780.0,2700,1080.0
O02889,2025-07-05,C0944,Pooja Shah,Female,21,Bengaluru,Karnataka,South,P008,Backpack,Accessories,1,2200,0.05,2090.0,1200,890.0
O02890,2025-07-24,C0430,Varun Verma,Male,60,Kolkata,West Bengal,East,P006,Desk,Furniture,3,12000,0.1,32400.0,25500,6900.0
O02891,2025-03-19,C0354,Neha Shah,Male,47,Jaipur,Rajasthan,North,P001,Laptop,Electronics,1,55000,0.0,55000.0,42000,13000.0
O02892,2025-07-13,C0970,Varun Reddy,Female,49,Kolkata,West Bengal,East,P001,Laptop,Electronics,3,55000,0.1,148500.0,126000,22500.0
O02893,2025-04-13,C0435,Sneha Shah,Female,18,Jaipur,Rajasthan,North,P004,Smart Watch,Electronics,2,6500,0.05,12350.0,8000,4350.0
O02894,2025-04-15,C0537,Varun Nair,Female,35,Bengaluru,Karnataka,South,P008,Backpack,Accessories,2,2200,0.15,3740.0,2400,1340.0
O02895,2025-10-14,C0242,Kavya Gupta,Female,51,Kolkata,West Bengal,East,P018,Wall Clock,Home Decor,1,1500,0.1,1350.0,800,550.0
O02896,2025-11-20,C0281,Rahul Reddy,Male,31,Kolkata,West Bengal,East,P016,Jacket,Fashion,1,4500,0.1,4050.0,2700,1350.0
O02897,2025-07-30,C0470,Aditi Khan,Female,42,Mumbai,Maharashtra,West,P005,Office Chair,Furniture,1,8500,0.0,8500.0,6000,2500.0
O02898,2025-09-07,C0048,Rohan Desai,Female,25,Kolkata,West Bengal,East,P005,Office Chair,Furniture,1,8500,0.05,8075.0,6000,2075.0
O02899,2025-10-20,C0182,Meera Desai,Male,20,Pune,Maharashtra,West,P004,Smart Watch,Electronics,1,6500,0.1,5850.0,4000,1850.0
O02900,2025-07-20,C0138,Aarav Kapoor,Male,58,Lucknow,Uttar Pradesh,North,P007,Bookshelf,Furniture,3,7000,0.0,21000.0,14400,6600.0
O02901,2025-01-24,C0011,Priya Patel,Male,47,Kochi,Kerala,South,P010,Yoga Mat,Sports,1,1200,0.0,1200.0,650,550.0
O02902,2025-10-27,C0416,Nikhil Reddy,Male,19,Jaipur,Rajasthan,North,P009,Running Shoes,Sports,2,4500,0.15,7650.0,5400,2250.0
O02903,2025-03-24,C0438,Karan Iyer,Female,33,Hyderabad,Telangana,South,P004,Smart Watch,Electronics,1,6500,0.15,5525.0,4000,1525.0
O02904,2025-10-24,C0283,Karan Joshi,Male,41,Ahmedabad,Gujarat,West,P003,Headphones,Electronics,3,2500,0.05,7125.0,4200,2925.0
O02905,2025-06-28,C0192,Isha Joshi,Female,47,Ahmedabad,Gujarat,West,P001,Laptop,Electronics,4,55000,0.1,198000.0,168000,30000.0
O02906,2025-10-25,C0528,Arjun Singh,Female,44,Kolkata,West Bengal,East,P003,Headphones,Electronics,1,2500,0.2,2000.0,1400,600.0
O02907,2025-12-30,C0093,Neha Iyer,Female,20,Pune,Maharashtra,West,P014,T-Shirt,Fashion,3,1200,0.2,2880.0,1950,930.0
O02908,2025-07-25,C0399,Nikhil Joshi,Female,45,Ahmedabad,Gujarat,West,P004,Smart Watch,Electronics,2,6500,0.05,12350.0,8000,4350.0
O02909,2025-02-09,C0655,Pooja Joshi,Female,58,Hyderabad,Telangana,South,P010,Yoga Mat,Sports,3,1200,0.15,3060.0,1950,1110.0
O02910,2025-10-31,C0114,Ananya Joshi,Female,39,Kochi,Kerala,South,P012,Air Fryer,Home Appliances,2,7500,0.1,13500.0,9600,3900.0
O02911,2025-04-23,C0638,Kavya Shah,Female,44,Hyderabad,Telangana,South,P019,Cushion Set,Home Decor,1,1200,0.25,900.0,600,300.0
O02912,2025-12-06,C0647,Arjun Verma,Female,21,Ahmedabad,Gujarat,West,P019,Cushion Set,Home Decor,1,1200,0.1,1080.0,600,480.0
O02913,2025-01-04,C0041,Pooja Joshi,Female,52,Mumbai,Maharashtra,West,P015,Jeans,Fashion,1,2500,0.15,2125.0,1400,725.0
O02914,2025-04-18,C0013,Sneha Desai,Male,49,Lucknow,Uttar Pradesh,North,P001,Laptop,Electronics,2,55000,0.15,93500.0,84000,9500.0
O02915,2025-11-12,C0951,Priya Desai,Female,39,Lucknow,Uttar Pradesh,North,P012,Air Fryer,Home Appliances,5,7500,0.1,33750.0,24000,9750.0
O02916,2025-04-24,C0135,Isha Desai,Male,22,Bengaluru,Karnataka,South,P016,Jacket,Fashion,2,4500,0.15,7650.0,5400,2250.0
O02917,2025-06-16,C0722,Kavya Desai,Male,37,Ahmedabad,Gujarat,West,P001,Laptop,Electronics,1,55000,0.05,52250.0,42000,10250.0
O02918,2025-09-18,C0439,Vikram Shah,Male,34,Delhi,Delhi,North,P011,Coffee Maker,Home Appliances,3,5500,0.05,15675.0,10200,5475.0
O02919,2025-04-16,C0189,Nikhil Khan,Male,58,Mumbai,Maharashtra,West,P018,Wall Clock,Home Decor,2,1500,0.1,2700.0,1600,1100.0
O02920,2025-08-12,C0090,Simran Nair,Female,51,Pune,Maharashtra,West,P010,Yoga Mat,Sports,1,1200,0.2,960.0,650,310.0
O02921,2025-09-19,C0379,Priya Reddy,Female,53,Lucknow,Uttar Pradesh,North,P001,Laptop,Electronics,1,55000,0.1,49500.0,42000,7500.0
O02922,2025-09-08,C0302,Kavya Shah,Female,48,Pune,Maharashtra,West,P001,Laptop,Electronics,1,55000,0.1,49500.0,42000,7500.0
O02923,2025-01-14,C0577,Neha Joshi,Female,60,Lucknow,Uttar Pradesh,North,P009,Running Shoes,Sports,3,4500,0.1,12150.0,8100,4050.0
O02924,2025-07-17,C0836,Neha Patel,Male,39,Bengaluru,Karnataka,South,P003,Headphones,Electronics,3,2500,0.05,7125.0,4200,2925.0
O02925,2025-05-06,C0701,Ananya Verma,Female,51,Hyderabad,Telangana,South,P014,T-Shirt,Fashion,1,1200,0.1,1080.0,650,430.0
O02926,2025-07-25,C0196,Rohan Desai,Female,25,Bengaluru,Karnataka,South,P014,T-Shirt,Fashion,1,1200,0.15,1020.0,650,370.0
O02927,2025-05-20,C0799,Amit Patel,Female,21,Kochi,Kerala,South,P003,Headphones,Electronics,3,2500,0.25,5625.0,4200,1425.0
O02928,2025-03-03,C0737,Isha Gupta,Female,44,Chennai,Tamil Nadu,South,P019,Cushion Set,Home Decor,4,1200,0.05,4560.0,2400,2160.0
O02929,2025-10-10,C0875,Pooja Nair,Female,31,Hyderabad,Telangana,South,P009,Running Shoes,Sports,2,4500,0.1,8100.0,5400,2700.0
O02930,2025-02-23,C0346,Nikhil Kapoor,Male,30,Ahmedabad,Gujarat,West,P003,Headphones,Electronics,2,2500,0.0,5000.0,2800,2200.0
O02931,2025-12-12,C0656,Isha Patel,Female,58,Bhubaneswar,Odisha,East,P015,Jeans,Fashion,1,2500,0.05,2375.0,1400,975.0
O02932,2025-01-12,C0468,Raj Mehta,Male,50,Kolkata,West Bengal,East,P016,Jacket,Fashion,2,4500,0.1,8100.0,5400,2700.0
O02933,2025-05-16,C0224,Aarav Shah,Female,21,Hyderabad,Telangana,South,P013,Mixer Grinder,Home Appliances,1,4200,0.1,3780.0,2700,1080.0
O02934,2025-11-26,C0989,Aditi Patel,Female,34,Bhubaneswar,Odisha,East,P018,Wall Clock,Home Decor,3,1500,0.05,4275.0,2400,1875.0
O02935,2025-05-24,C0026,Aditi Mehta,Female,56,Pune,Maharashtra,West,P015,Jeans,Fashion,1,2500,0.05,2375.0,1400,975.0
O02936,2025-10-09,C0113,Priya Joshi,Male,57,Delhi,Delhi,North,P018,Wall Clock,Home Decor,3,1500,0.15,3825.0,2400,1425.0
O02937,2025-05-16,C0819,Vikram Verma,Female,44,Ahmedabad,Gujarat,West,P009,Running Shoes,Sports,1,4500,0.25,3375.0,2700,675.0
O02938,2025-10-28,C0041,Pooja Joshi,Female,52,Mumbai,Maharashtra,West,P015,Jeans,Fashion,3,2500,0.05,7125.0,4200,2925.0
O02939,2025-08-09,C0810,Nikhil Khan,Female,41,Pune,Maharashtra,West,P020,Notebook Set,Stationery,1,500,0.15,425.0,220,205.0
O02940,2025-12-06,C0595,Aarav Kapoor,Female,41,Chennai,Tamil Nadu,South,P015,Jeans,Fashion,1,2500,0.05,2375.0,1400,975.0
O02941,2025-07-28,C0025,Vikram Shah,Male,41,Chennai,Tamil Nadu,South,P002,Smartphone,Electronics,2,28000,0.2,44800.0,43000,1800.0
O02942,2025-12-25,C0321,Ananya Gupta,Female,36,Kochi,Kerala,South,P010,Yoga Mat,Sports,1,1200,0.15,1020.0,650,370.0
O02943,2025-05-03,C0640,Aditi Reddy,Male,31,Pune,Maharashtra,West,P012,Air Fryer,Home Appliances,4,7500,0.15,25500.0,19200,6300.0
O02944,2025-04-26,C0459,Rahul Reddy,Male,60,Bhubaneswar,Odisha,East,P003,Headphones,Electronics,2,2500,0.0,5000.0,2800,2200.0
O02945,2025-06-06,C0885,Arjun Nair,Male,25,Lucknow,Uttar Pradesh,North,P020,Notebook Set,Stationery,2,500,0.1,900.0,440,460.0
O02946,2025-09-27,C0783,Rahul Desai,Male,26,Hyderabad,Telangana,South,P003,Headphones,Electronics,3,2500,0.1,6750.0,4200,2550.0
O02947,2025-01-17,C0242,Kavya Gupta,Female,51,Kolkata,West Bengal,East,P003,Headphones,Electronics,3,2500,0.05,7125.0,4200,2925.0
O02948,2025-09-26,C0058,Rohan Desai,Male,20,Bhubaneswar,Odisha,East,P019,Cushion Set,Home Decor,2,1200,0.05,2280.0,1200,1080.0
O02949,2025-12-15,C0899,Priya Patel,Female,58,Ahmedabad,Gujarat,West,P010,Yoga Mat,Sports,4,1200,0.1,4320.0,2600,1720.0
O02950,2025-08-07,C0398,Sneha Singh,Female,20,Kolkata,West Bengal,East,P002,Smartphone,Electronics,1,28000,0.15,23800.0,21500,2300.0
O02951,2025-11-15,C0051,Amit Verma,Male,55,Kochi,Kerala,South,P012,Air Fryer,Home Appliances,1,7500,0.0,7500.0,4800,2700.0
O02952,2025-08-26,C0715,Karan Iyer,Male,54,Kochi,Kerala,South,P012,Air Fryer,Home Appliances,2,7500,0.1,13500.0,9600,3900.0
O02953,2025-02-02,C0784,Isha Sharma,Male,30,Hyderabad,Telangana,South,P002,Smartphone,Electronics,1,28000,0.05,26600.0,21500,5100.0
O02954,2025-10-12,C0515,Amit Khan,Male,60,Kochi,Kerala,South,P020,Notebook Set,Stationery,1,500,0.05,475.0,220,255.0
O02955,2025-02-06,C0336,Priya Shah,Male,43,Kolkata,West Bengal,East,P011,Coffee Maker,Home Appliances,1,5500,0.1,4950.0,3400,1550.0
O02956,2025-04-13,C0538,Priya Sharma,Female,31,Kolkata,West Bengal,East,P011,Coffee Maker,Home Appliances,1,5500,0.05,5225.0,3400,1825.0
O02957,2025-07-30,C0586,Isha Mehta,Female,47,Chennai,Tamil Nadu,South,P010,Yoga Mat,Sports,3,1200,0.1,3240.0,1950,1290.0
O02958,2025-10-07,C0819,Vikram Verma,Female,44,Ahmedabad,Gujarat,West,P013,Mixer Grinder,Home Appliances,2,4200,0.1,7560.0,5400,2160.0
O02959,2025-05-22,C0919,Aditi Khan,Male,55,Pune,Maharashtra,West,P005,Office Chair,Furniture,5,8500,0.15,36125.0,30000,6125.0
O02960,2025-08-27,C0395,Arjun Iyer,Male,24,Mumbai,Maharashtra,West,P006,Desk,Furniture,3,12000,0.1,32400.0,25500,6900.0
O02961,2025-08-17,C0692,Kavya Gupta,Female,32,Bhubaneswar,Odisha,East,P010,Yoga Mat,Sports,1,1200,0.25,900.0,650,250.0
O02962,2025-05-13,C0934,Simran Sharma,Male,44,Hyderabad,Telangana,South,P016,Jacket,Fashion,1,4500,0.1,4050.0,2700,1350.0
O02963,2025-05-05,C0105,Rahul Sharma,Female,52,Jaipur,Rajasthan,North,P001,Laptop,Electronics,1,55000,0.15,46750.0,42000,4750.0
O02964,2025-02-22,C0013,Sneha Desai,Male,49,Lucknow,Uttar Pradesh,North,P012,Air Fryer,Home Appliances,3,7500,0.05,21375.0,14400,6975.0
O02965,2025-03-29,C0785,Pooja Desai,Male,23,Chennai,Tamil Nadu,South,P017,Table Lamp,Home Decor,1,1800,0.1,1620.0,950,670.0
O02966,2025-04-08,C0137,Nikhil Patel,Female,37,Hyderabad,Telangana,South,P003,Headphones,Electronics,1,2500,0.1,2250.0,1400,850.0
O02967,2025-04-05,C0029,Neha Verma,Female,54,Hyderabad,Telangana,South,P001,Laptop,Electronics,3,55000,0.05,156750.0,126000,30750.0
O02968,2025-07-07,C0111,Aditi Singh,Female,52,Bengaluru,Karnataka,South,P006,Desk,Furniture,2,12000,0.1,21600.0,17000,4600.0
O02969,2025-09-13,C0283,Karan Joshi,Male,41,Ahmedabad,Gujarat,West,P012,Air Fryer,Home Appliances,1,7500,0.05,7125.0,4800,2325.0
O02970,2025-03-14,C0155,Vikram Mehta,Male,34,Ahmedabad,Gujarat,West,P003,Headphones,Electronics,1,2500,0.0,2500.0,1400,1100.0
O02971,2025-12-28,C0220,Varun Sharma,Male,40,Bhubaneswar,Odisha,East,P009,Running Shoes,Sports,3,4500,0.05,12825.0,8100,4725.0
O02972,2025-10-09,C0953,Meera Reddy,Male,39,Bengaluru,Karnataka,South,P011,Coffee Maker,Home Appliances,3,5500,0.15,14025.0,10200,3825.0
O02973,2025-01-18,C0583,Aarav Khan,Male,30,Pune,Maharashtra,West,P012,Air Fryer,Home Appliances,1,7500,0.15,6375.0,4800,1575.0
O02974,2025-06-13,C0592,Pooja Khan,Female,56,Chennai,Tamil Nadu,South,P005,Office Chair,Furniture,1,8500,0.05,8075.0,6000,2075.0
O02975,2025-05-26,C0065,Arjun Singh,Female,59,Delhi,Delhi,North,P008,Backpack,Accessories,3,2200,0.1,5940.0,3600,2340.0
O02976,2025-11-10,C0614,Priya Singh,Female,44,Bengaluru,Karnataka,South,P016,Jacket,Fashion,2,4500,0.0,9000.0,5400,3600.0
O02977,2025-09-10,C0622,Neha Sharma,Male,53,Pune,Maharashtra,West,P020,Notebook Set,Stationery,3,500,0.05,1425.0,660,765.0
O02978,2025-06-09,C0536,Neha Kapoor,Male,39,Delhi,Delhi,North,P018,Wall Clock,Home Decor,2,1500,0.15,2550.0,1600,950.0
O02979,2025-12-15,C0161,Aarav Reddy,Female,24,Kochi,Kerala,South,P011,Coffee Maker,Home Appliances,3,5500,0.1,14850.0,10200,4650.0
O02980,2025-02-18,C0316,Isha Nair,Male,46,Delhi,Delhi,North,P009,Running Shoes,Sports,1,4500,0.05,4275.0,2700,1575.0
O02981,2025-06-25,C0754,Nikhil Kapoor,Female,28,Mumbai,Maharashtra,West,P007,Bookshelf,Furniture,1,7000,0.05,6650.0,4800,1850.0
O02982,2025-11-23,C0547,Rohan Verma,Female,25,Pune,Maharashtra,West,P003,Headphones,Electronics,2,2500,0.15,4250.0,2800,1450.0
O02983,2025-03-06,C0615,Aarav Sharma,Female,39,Kolkata,West Bengal,East,P002,Smartphone,Electronics,2,28000,0.05,53200.0,43000,10200.0
O02984,2025-10-16,C0463,Nikhil Nair,Male,53,Ahmedabad,Gujarat,West,P014,T-Shirt,Fashion,3,1200,0.05,3420.0,1950,1470.0
O02985,2025-02-19,C0338,Karan Nair,Male,50,Kochi,Kerala,South,P005,Office Chair,Furniture,1,8500,0.15,7225.0,6000,1225.0
O02986,2025-01-04,C0645,Neha Gupta,Male,44,Bengaluru,Karnataka,South,P005,Office Chair,Furniture,3,8500,0.1,22950.0,18000,4950.0
O02987,2025-04-29,C0046,Raj Nair,Male,55,Kochi,Kerala,South,P020,Notebook Set,Stationery,1,500,0.1,450.0,220,230.0
O02988,2025-12-06,C0550,Aarav Mehta,Female,34,Jaipur,Rajasthan,North,P003,Headphones,Electronics,2,2500,0.2,4000.0,2800,1200.0
O02989,2025-06-13,C0995,Neha Singh,Male,56,Chennai,Tamil Nadu,South,P003,Headphones,Electronics,1,2500,0.05,2375.0,1400,975.0
O02990,2025-08-11,C0670,Sneha Verma,Male,43,Chennai,Tamil Nadu,South,P002,Smartphone,Electronics,2,28000,0.15,47600.0,43000,4600.0
O02991,2025-12-24,C0209,Rahul Sharma,Male,54,Jaipur,Rajasthan,North,P012,Air Fryer,Home Appliances,2,7500,0.05,14250.0,9600,4650.0
O02992,2025-06-05,C0199,Neha Kapoor,Female,24,Ahmedabad,Gujarat,West,P013,Mixer Grinder,Home Appliances,1,4200,0.1,3780.0,2700,1080.0
O02993,2025-09-19,C0544,Varun Joshi,Male,47,Bengaluru,Karnataka,South,P008,Backpack,Accessories,1,2200,0.2,1760.0,1200,560.0
O02994,2025-06-22,C0823,Rahul Iyer,Female,30,Chennai,Tamil Nadu,South,P011,Coffee Maker,Home Appliances,2,5500,0.1,9900.0,6800,3100.0
O02995,2025-01-23,C0454,Pooja Iyer,Male,50,Jaipur,Rajasthan,North,P016,Jacket,Fashion,3,4500,0.15,11475.0,8100,3375.0
O02996,2025-03-02,C0407,Raj Iyer,Female,60,Kochi,Kerala,South,P017,Table Lamp,Home Decor,1,1800,0.15,1530.0,950,580.0
O02997,2025-12-22,C0111,Aditi Singh,Female,52,Bengaluru,Karnataka,South,P020,Notebook Set,Stationery,1,500,0.05,475.0,220,255.0
O02998,2025-11-17,C0595,Aarav Kapoor,Female,41,Chennai,Tamil Nadu,South,P017,Table Lamp,Home Decor,1,1800,0.15,1530.0,950,580.0
O02999,2025-05-14,C0581,Karan Khan,Male,51,Jaipur,Rajasthan,North,P011,Coffee Maker,Home Appliances,4,5500,0.2,17600.0,13600,4000.0
O03000,2025-01-24,C0938,Aarav Sharma,Male,49,Kochi,Kerala,South,P003,Headphones,Electronics,1,2500,0.1,2250.0,1400,850.0
O03001,2025-10-20,C0216,Neha Mehta,Male,53,Pune,Maharashtra,West,P002,Smartphone,Electronics,1,28000,0.05,26600.0,21500,5100.0
O03002,2025-02-14,C0642,Meera Joshi,Male,35,Chennai,Tamil Nadu,South,P001,Laptop,Electronics,3,55000,0.05,156750.0,126000,30750.0
O03003,2025-06-28,C0325,Kavya Shah,Female,21,Lucknow,Uttar Pradesh,North,P014,T-Shirt,Fashion,2,1200,0.05,2280.0,1300,980.0
O03004,2025-12-22,C0436,Pooja Patel,Female,37,Kochi,Kerala,South,P017,Table Lamp,Home Decor,1,1800,0.0,1800.0,950,850.0
O03005,2025-12-24,C0715,Karan Iyer,Male,54,Kochi,Kerala,South,P010,Yoga Mat,Sports,5,1200,0.1,5400.0,3250,2150.0
O03006,2025-03-04,C0157,Aarav Kapoor,Female,44,Kolkata,West Bengal,East,P002,Smartphone,Electronics,2,28000,0.0,56000.0,43000,13000.0
O03007,2025-01-29,C0250,Isha Joshi,Female,48,Lucknow,Uttar Pradesh,North,P011,Coffee Maker,Home Appliances,2,5500,0.05,10450.0,6800,3650.0
O03008,2025-12-23,C0662,Aarav Singh,Male,58,Hyderabad,Telangana,South,P020,Notebook Set,Stationery,1,500,0.1,450.0,220,230.0
O03009,2025-12-31,C0447,Simran Khan,Female,51,Pune,Maharashtra,West,P012,Air Fryer,Home Appliances,3,7500,0.1,20250.0,14400,5850.0
O03010,2025-04-06,C0063,Sneha Khan,Female,60,Kochi,Kerala,South,P017,Table Lamp,Home Decor,1,1800,0.1,1620.0,950,670.0
O03011,2025-09-23,C0322,Varun Nair,Male,26,Bhubaneswar,Odisha,East,P016,Jacket,Fashion,1,4500,0.15,3825.0,2700,1125.0
O03012,2025-10-18,C0463,Nikhil Nair,Male,53,Ahmedabad,Gujarat,West,P020,Notebook Set,Stationery,1,500,0.0,500.0,220,280.0
O03013,2025-02-24,C0844,Karan Desai,Female,35,Kolkata,West Bengal,East,P016,Jacket,Fashion,2,4500,0.0,9000.0,5400,3600.0
O03014,2025-06-02,C0132,Kavya Verma,Female,28,Bengaluru,Karnataka,South,P015,Jeans,Fashion,2,2500,0.0,5000.0,2800,2200.0
O03015,2025-08-07,C0702,Amit Khan,Female,46,Lucknow,Uttar Pradesh,North,P004,Smart Watch,Electronics,2,6500,0.1,11700.0,8000,3700.0
O03016,2025-06-22,C0090,Simran Nair,Female,51,Pune,Maharashtra,West,P002,Smartphone,Electronics,1,28000,0.0,28000.0,21500,6500.0
O03017,2025-04-06,C0172,Ananya Verma,Male,20,Lucknow,Uttar Pradesh,North,P010,Yoga Mat,Sports,2,1200,0.15,2040.0,1300,740.0
O03018,2025-05-03,C0173,Nikhil Sharma,Female,22,Pune,Maharashtra,West,P003,Headphones,Electronics,2,2500,0.05,4750.0,2800,1950.0
O03019,2025-01-12,C0797,Varun Nair,Male,49,Ahmedabad,Gujarat,West,P020,Notebook Set,Stationery,1,500,0.2,400.0,220,180.0
O03020,2025-01-04,C0140,Rahul Iyer,Male,23,Jaipur,Rajasthan,North,P006,Desk,Furniture,3,12000,0.1,32400.0,25500,6900.0
O03021,2025-12-28,C0678,Neha Patel,Female,31,Kochi,Kerala,South,P018,Wall Clock,Home Decor,1,1500,0.1,1350.0,800,550.0
O03022,2025-12-12,C0349,Amit Reddy,Male,41,Pune,Maharashtra,West,P008,Backpack,Accessories,2,2200,0.15,3740.0,2400,1340.0
O03023,2025-03-08,C0999,Isha Kapoor,Male,22,Hyderabad,Telangana,South,P007,Bookshelf,Furniture,1,7000,0.15,5950.0,4800,1150.0
O03024,2025-05-25,C0744,Nikhil Joshi,Male,38,Ahmedabad,Gujarat,West,P020,Notebook Set,Stationery,2,500,0.1,900.0,440,460.0
O03025,2025-03-06,C0623,Rohan Sharma,Male,26,Bhubaneswar,Odisha,East,P008,Backpack,Accessories,4,2200,0.2,7040.0,4800,2240.0
O03026,2025-03-23,C0787,Ananya Reddy,Male,37,Kolkata,West Bengal,East,P008,Backpack,Accessories,5,2200,0.1,9900.0,6000,3900.0
O03027,2025-04-15,C0509,Kavya Reddy,Female,25,Lucknow,Uttar Pradesh,North,P002,Smartphone,Electronics,1,28000,0.15,23800.0,21500,2300.0
O03028,2025-06-30,C0750,Meera Kapoor,Female,49,Mumbai,Maharashtra,West,P014,T-Shirt,Fashion,1,1200,0.1,1080.0,650,430.0
O03029,2025-12-06,C0186,Meera Gupta,Female,33,Kochi,Kerala,South,P006,Desk,Furniture,1,12000,0.15,10200.0,8500,1700.0
O03030,2025-04-15,C0067,Arjun Sharma,Male,32,Bengaluru,Karnataka,South,P012,Air Fryer,Home Appliances,3,7500,0.05,21375.0,14400,6975.0
O03031,2025-08-14,C0491,Nikhil Kapoor,Female,49,Bengaluru,Karnataka,South,P012,Air Fryer,Home Appliances,2,7500,0.05,14250.0,9600,4650.0
O03032,2025-01-28,C0325,Kavya Shah,Female,21,Lucknow,Uttar Pradesh,North,P015,Jeans,Fashion,1,2500,0.15,2125.0,1400,725.0
O03033,2025-01-16,C0318,Simran Sharma,Female,28,Jaipur,Rajasthan,North,P015,Jeans,Fashion,1,2500,0.05,2375.0,1400,975.0
O03034,2025-10-04,C0407,Raj Iyer,Female,60,Kochi,Kerala,South,P010,Yoga Mat,Sports,4,1200,0.05,4560.0,2600,1960.0
O03035,2025-11-29,C0265,Arjun Joshi,Male,30,Kochi,Kerala,South,P007,Bookshelf,Furniture,2,7000,0.05,13300.0,9600,3700.0
O03036,2025-10-25,C0501,Sneha Sharma,Male,24,Delhi,Delhi,North,P017,Table Lamp,Home Decor,1,1800,0.15,1530.0,950,580.0
O03037,2025-02-23,C0021,Varun Joshi,Male,28,Ahmedabad,Gujarat,West,P006,Desk,Furniture,1,12000,0.2,9600.0,8500,1100.0
O03038,2025-10-15,C0943,Priya Joshi,Male,46,Bhubaneswar,Odisha,East,P010,Yoga Mat,Sports,1,1200,0.15,1020.0,650,370.0
O03039,2025-04-24,C0867,Rahul Nair,Male,56,Bhubaneswar,Odisha,East,P008,Backpack,Accessories,2,2200,0.15,3740.0,2400,1340.0
O03040,2025-02-07,C0884,Ananya Sharma,Female,58,Chennai,Tamil Nadu,South,P018,Wall Clock,Home Decor,4,1500,0.1,5400.0,3200,2200.0
O03041,2025-08-18,C0268,Kavya Shah,Female,36,Pune,Maharashtra,West,P009,Running Shoes,Sports,3,4500,0.0,13500.0,8100,5400.0
O03042,2025-06-15,C0411,Raj Reddy,Female,27,Ahmedabad,Gujarat,West,P008,Backpack,Accessories,1,2200,0.0,2200.0,1200,1000.0
O03043,2025-07-01,C0916,Sneha Mehta,Male,56,Lucknow,Uttar Pradesh,North,P014,T-Shirt,Fashion,3,1200,0.1,3240.0,1950,1290.0
O03044,2025-07-24,C0833,Neha Nair,Male,21,Bhubaneswar,Odisha,East,P012,Air Fryer,Home Appliances,1,7500,0.05,7125.0,4800,2325.0
O03045,2025-09-02,C0682,Ananya Shah,Female,37,Bengaluru,Karnataka,South,P002,Smartphone,Electronics,1,28000,0.05,26600.0,21500,5100.0
O03046,2025-12-25,C0302,Kavya Shah,Female,48,Pune,Maharashtra,West,P010,Yoga Mat,Sports,5,1200,0.1,5400.0,3250,2150.0
O03047,2025-11-29,C0441,Raj Khan,Female,45,Kolkata,West Bengal,East,P015,Jeans,Fashion,1,2500,0.15,2125.0,1400,725.0
O03048,2025-11-05,C0685,Priya Patel,Female,25,Kolkata,West Bengal,East,P020,Notebook Set,Stationery,1,500,0.1,450.0,220,230.0
O03049,2025-05-01,C0195,Karan Reddy,Female,36,Jaipur,Rajasthan,North,P013,Mixer Grinder,Home Appliances,5,4200,0.15,17850.0,13500,4350.0
O03050,2025-09-16,C0502,Pooja Gupta,Female,59,Mumbai,Maharashtra,West,P008,Backpack,Accessories,1,2200,0.15,1870.0,1200,670.0
O03051,2025-07-29,C0730,Nikhil Nair,Female,58,Ahmedabad,Gujarat,West,P004,Smart Watch,Electronics,2,6500,0.15,11050.0,8000,3050.0
O03052,2025-11-06,C0587,Rahul Khan,Male,49,Chennai,Tamil Nadu,South,P018,Wall Clock,Home Decor,4,1500,0.25,4500.0,3200,1300.0
O03053,2025-10-23,C0364,Priya Patel,Female,54,Bengaluru,Karnataka,South,P017,Table Lamp,Home Decor,2,1800,0.05,3420.0,1900,1520.0
O03054,2025-07-13,C0461,Nikhil Joshi,Male,30,Delhi,Delhi,North,P004,Smart Watch,Electronics,1,6500,0.15,5525.0,4000,1525.0
O03055,2025-03-09,C0978,Raj Sharma,Female,38,Bhubaneswar,Odisha,East,P004,Smart Watch,Electronics,1,6500,0.2,5200.0,4000,1200.0
O03056,2025-04-24,C0478,Rahul Desai,Female,46,Jaipur,Rajasthan,North,P014,T-Shirt,Fashion,1,1200,0.1,1080.0,650,430.0
O03057,2025-08-08,C0676,Varun Sharma,Male,22,Hyderabad,Telangana,South,P006,Desk,Furniture,1,12000,0.15,10200.0,8500,1700.0
O03058,2025-08-08,C0608,Meera Iyer,Female,38,Lucknow,Uttar Pradesh,North,P006,Desk,Furniture,3,12000,0.1,32400.0,25500,6900.0
O03059,2025-08-06,C0580,Sneha Shah,Female,19,Delhi,Delhi,North,P003,Headphones,Electronics,1,2500,0.1,2250.0,1400,850.0
O03060,2025-08-25,C0596,Rahul Singh,Female,39,Bhubaneswar,Odisha,East,P005,Office Chair,Furniture,1,8500,0.0,8500.0,6000,2500.0
O03061,2025-10-25,C0342,Rahul Mehta,Male,40,Pune,Maharashtra,West,P009,Running Shoes,Sports,2,4500,0.25,6750.0,5400,1350.0
O03062,2025-04-04,C0359,Aarav Singh,Male,36,Lucknow,Uttar Pradesh,North,P015,Jeans,Fashion,2,2500,0.15,4250.0,2800,1450.0
O03063,2025-09-10,C0354,Neha Shah,Male,47,Jaipur,Rajasthan,North,P007,Bookshelf,Furniture,3,7000,0.2,16800.0,14400,2400.0
O03064,2025-12-23,C0023,Meera Mehta,Male,53,Chennai,Tamil Nadu,South,P007,Bookshelf,Furniture,1,7000,0.15,5950.0,4800,1150.0
O03065,2025-08-03,C0171,Isha Verma,Male,55,Bengaluru,Karnataka,South,P005,Office Chair,Furniture,3,8500,0.05,24225.0,18000,6225.0
O03066,2025-09-15,C0107,Nikhil Patel,Male,51,Delhi,Delhi,North,P010,Yoga Mat,Sports,2,1200,0.0,2400.0,1300,1100.0
O03067,2025-12-13,C0810,Nikhil Khan,Female,41,Pune,Maharashtra,West,P003,Headphones,Electronics,1,2500,0.2,2000.0,1400,600.0
O03068,2025-08-28,C0197,Ananya Nair,Female,43,Chennai,Tamil Nadu,South,P010,Yoga Mat,Sports,1,1200,0.1,1080.0,650,430.0
O03069,2025-11-11,C0096,Varun Shah,Female,49,Ahmedabad,Gujarat,West,P014,T-Shirt,Fashion,1,1200,0.05,1140.0,650,490.0
O03070,2025-08-02,C0083,Karan Kapoor,Female,49,Jaipur,Rajasthan,North,P001,Laptop,Electronics,2,55000,0.1,99000.0,84000,15000.0
O03071,2025-04-08,C0578,Raj Shah,Male,60,Chennai,Tamil Nadu,South,P001,Laptop,Electronics,1,55000,0.1,49500.0,42000,7500.0
O03072,2025-01-16,C0005,Varun Joshi,Male,60,Pune,Maharashtra,West,P002,Smartphone,Electronics,4,28000,0.15,95200.0,86000,9200.0
O03073,2025-06-03,C0357,Ananya Iyer,Female,37,Delhi,Delhi,North,P011,Coffee Maker,Home Appliances,2,5500,0.1,9900.0,6800,3100.0
O03074,2025-01-16,C0082,Aditi Shah,Male,34,Jaipur,Rajasthan,North,P018,Wall Clock,Home Decor,4,1500,0.15,5100.0,3200,1900.0
O03075,2025-07-17,C0758,Amit Khan,Male,34,Bengaluru,Karnataka,South,P001,Laptop,Electronics,1,55000,0.2,44000.0,42000,2000.0
O03076,2025-04-18,C0923,Meera Kapoor,Male,37,Delhi,Delhi,North,P020,Notebook Set,Stationery,1,500,0.05,475.0,220,255.0
O03077,2025-01-23,C0924,Meera Kapoor,Female,36,Ahmedabad,Gujarat,West,P002,Smartphone,Electronics,1,28000,0.05,26600.0,21500,5100.0
O03078,2025-02-11,C0332,Aarav Verma,Male,29,Mumbai,Maharashtra,West,P017,Table Lamp,Home Decor,1,1800,0.1,1620.0,950,670.0
O03079,2025-02-06,C0520,Pooja Singh,Female,58,Mumbai,Maharashtra,West,P010,Yoga Mat,Sports,3,1200,0.25,2700.0,1950,750.0
O03080,2025-11-24,C0475,Simran Shah,Male,20,Chennai,Tamil Nadu,South,P014,T-Shirt,Fashion,1,1200,0.1,1080.0,650,430.0
O03081,2025-06-14,C0255,Aarav Sharma,Female,40,Delhi,Delhi,North,P010,Yoga Mat,Sports,1,1200,0.1,1080.0,650,430.0
O03082,2025-04-26,C0333,Karan Reddy,Female,54,Bhubaneswar,Odisha,East,P010,Yoga Mat,Sports,1,1200,0.15,1020.0,650,370.0
O03083,2025-05-30,C0044,Meera Singh,Female,44,Jaipur,Rajasthan,North,P017,Table Lamp,Home Decor,1,1800,0.1,1620.0,950,670.0
O03084,2025-01-06,C0689,Rahul Desai,Male,45,Bhubaneswar,Odisha,East,P015,Jeans,Fashion,3,2500,0.25,5625.0,4200,1425.0
O03085,2025-02-01,C0171,Isha Verma,Male,55,Bengaluru,Karnataka,South,P010,Yoga Mat,Sports,2,1200,0.2,1920.0,1300,620.0
O03086,2025-05-25,C0348,Arjun Joshi,Female,50,Hyderabad,Telangana,South,P002,Smartphone,Electronics,2,28000,0.1,50400.0,43000,7400.0
O03087,2025-10-21,C0365,Varun Singh,Female,56,Bengaluru,Karnataka,South,P002,Smartphone,Electronics,1,28000,0.15,23800.0,21500,2300.0
O03088,2025-10-20,C0438,Karan Iyer,Female,33,Hyderabad,Telangana,South,P016,Jacket,Fashion,4,4500,0.0,18000.0,10800,7200.0
O03089,2025-06-26,C0717,Aditi Singh,Female,57,Bengaluru,Karnataka,South,P010,Yoga Mat,Sports,2,1200,0.15,2040.0,1300,740.0
O03090,2025-06-26,C0570,Varun Verma,Female,35,Bengaluru,Karnataka,South,P010,Yoga Mat,Sports,1,1200,0.15,1020.0,650,370.0
O03091,2025-03-02,C0539,Raj Sharma,Female,27,Bengaluru,Karnataka,South,P014,T-Shirt,Fashion,1,1200,0.1,1080.0,650,430.0
O03092,2025-03-18,C0407,Raj Iyer,Female,60,Kochi,Kerala,South,P018,Wall Clock,Home Decor,3,1500,0.05,4275.0,2400,1875.0
O03093,2025-03-27,C0066,Raj Kapoor,Male,23,Lucknow,Uttar Pradesh,North,P013,Mixer Grinder,Home Appliances,2,4200,0.2,6720.0,5400,1320.0
O03094,2025-07-10,C0298,Simran Iyer,Male,28,Delhi,Delhi,North,P015,Jeans,Fashion,2,2500,0.1,4500.0,2800,1700.0
O03095,2025-01-07,C0921,Karan Sharma,Male,44,Jaipur,Rajasthan,North,P015,Jeans,Fashion,1,2500,0.15,2125.0,1400,725.0
O03096,2025-03-26,C0992,Varun Verma,Female,59,Bengaluru,Karnataka,South,P008,Backpack,Accessories,1,2200,0.0,2200.0,1200,1000.0
O03097,2025-09-19,C0612,Varun Gupta,Male,19,Lucknow,Uttar Pradesh,North,P005,Office Chair,Furniture,2,8500,0.1,15300.0,12000,3300.0
O03098,2025-09-16,C0161,Aarav Reddy,Female,24,Kochi,Kerala,South,P016,Jacket,Fashion,2,4500,0.15,7650.0,5400,2250.0
O03099,2025-02-16,C0070,Vikram Shah,Female,54,Chennai,Tamil Nadu,South,P008,Backpack,Accessories,2,2200,0.1,3960.0,2400,1560.0
O03100,2025-12-07,C0309,Priya Joshi,Male,34,Lucknow,Uttar Pradesh,North,P019,Cushion Set,Home Decor,2,1200,0.1,2160.0,1200,960.0
O03101,2025-04-04,C0768,Karan Nair,Male,58,Bengaluru,Karnataka,South,P002,Smartphone,Electronics,1,28000,0.05,26600.0,21500,5100.0
O03102,2025-08-12,C0602,Vikram Shah,Female,53,Delhi,Delhi,North,P002,Smartphone,Electronics,3,28000,0.1,75600.0,64500,11100.0
O03103,2025-10-06,C0806,Arjun Mehta,Female,50,Lucknow,Uttar Pradesh,North,P019,Cushion Set,Home Decor,4,1200,0.2,3840.0,2400,1440.0
O03104,2025-01-03,C0491,Nikhil Kapoor,Female,49,Bengaluru,Karnataka,South,P013,Mixer Grinder,Home Appliances,3,4200,0.1,11340.0,8100,3240.0
O03105,2025-05-09,C0090,Simran Nair,Female,51,Pune,Maharashtra,West,P008,Backpack,Accessories,1,2200,0.2,1760.0,1200,560.0
O03106,2025-11-19,C0079,Ananya Nair,Female,26,Ahmedabad,Gujarat,West,P015,Jeans,Fashion,1,2500,0.2,2000.0,1400,600.0
O03107,2025-09-06,C0033,Aditi Kapoor,Male,18,Bengaluru,Karnataka,South,P014,T-Shirt,Fashion,3,1200,0.2,2880.0,1950,930.0
O03108,2025-08-17,C0444,Ananya Sharma,Male,59,Kolkata,West Bengal,East,P011,Coffee Maker,Home Appliances,2,5500,0.2,8800.0,6800,2000.0
O03109,2025-11-23,C0172,Ananya Verma,Male,20,Lucknow,Uttar Pradesh,North,P002,Smartphone,Electronics,2,28000,0.0,56000.0,43000,13000.0
O03110,2025-05-11,C0616,Amit Gupta,Female,54,Bhubaneswar,Odisha,East,P017,Table Lamp,Home Decor,4,1800,0.2,5760.0,3800,1960.0
O03111,2025-08-16,C0564,Simran Khan,Male,54,Ahmedabad,Gujarat,West,P018,Wall Clock,Home Decor,2,1500,0.05,2850.0,1600,1250.0
O03112,2025-06-26,C0230,Arjun Reddy,Female,25,Hyderabad,Telangana,South,P003,Headphones,Electronics,2,2500,0.0,5000.0,2800,2200.0
O03113,2025-11-19,C0123,Ananya Verma,Male,34,Lucknow,Uttar Pradesh,North,P018,Wall Clock,Home Decor,1,1500,0.0,1500.0,800,700.0
O03114,2025-11-07,C0070,Vikram Shah,Female,54,Chennai,Tamil Nadu,South,P018,Wall Clock,Home Decor,1,1500,0.1,1350.0,800,550.0
O03115,2025-01-31,C0620,Vikram Sharma,Female,30,Chennai,Tamil Nadu,South,P011,Coffee Maker,Home Appliances,1,5500,0.1,4950.0,3400,1550.0
O03116,2025-03-07,C0339,Raj Singh,Male,44,Mumbai,Maharashtra,West,P014,T-Shirt,Fashion,3,1200,0.1,3240.0,1950,1290.0
O03117,2025-07-25,C0234,Rahul Sharma,Male,49,Lucknow,Uttar Pradesh,North,P008,Backpack,Accessories,1,2200,0.0,2200.0,1200,1000.0
O03118,2025-04-11,C0768,Karan Nair,Male,58,Bengaluru,Karnataka,South,P005,Office Chair,Furniture,1,8500,0.1,7650.0,6000,1650.0
O03119,2025-11-16,C0469,Raj Gupta,Male,40,Kolkata,West Bengal,East,P015,Jeans,Fashion,3,2500,0.1,6750.0,4200,2550.0
O03120,2025-01-31,C0399,Nikhil Joshi,Female,45,Ahmedabad,Gujarat,West,P018,Wall Clock,Home Decor,2,1500,0.15,2550.0,1600,950.0
O03121,2025-07-10,C0627,Nikhil Nair,Male,49,Ahmedabad,Gujarat,West,P013,Mixer Grinder,Home Appliances,2,4200,0.05,7980.0,5400,2580.0
O03122,2025-03-07,C0714,Nikhil Kapoor,Male,23,Jaipur,Rajasthan,North,P010,Yoga Mat,Sports,1,1200,0.05,1140.0,650,490.0
O03123,2025-10-30,C0563,Karan Khan,Female,28,Ahmedabad,Gujarat,West,P003,Headphones,Electronics,3,2500,0.05,7125.0,4200,2925.0
O03124,2025-08-23,C0330,Neha Nair,Male,36,Chennai,Tamil Nadu,South,P001,Laptop,Electronics,1,55000,0.05,52250.0,42000,10250.0
O03125,2025-10-05,C0279,Meera Sharma,Male,37,Kolkata,West Bengal,East,P009,Running Shoes,Sports,1,4500,0.1,4050.0,2700,1350.0
O03126,2025-07-21,C0660,Varun Mehta,Male,39,Bhubaneswar,Odisha,East,P001,Laptop,Electronics,1,55000,0.1,49500.0,42000,7500.0
O03127,2025-12-16,C0398,Sneha Singh,Female,20,Kolkata,West Bengal,East,P011,Coffee Maker,Home Appliances,1,5500,0.05,5225.0,3400,1825.0
O03128,2025-08-13,C0583,Aarav Khan,Male,30,Pune,Maharashtra,West,P008,Backpack,Accessories,1,2200,0.1,1980.0,1200,780.0
O03129,2025-03-24,C0815,Pooja Singh,Male,57,Pune,Maharashtra,West,P015,Jeans,Fashion,2,2500,0.1,4500.0,2800,1700.0
O03130,2025-02-15,C0854,Pooja Nair,Male,23,Pune,Maharashtra,West,P006,Desk,Furniture,1,12000,0.25,9000.0,8500,500.0
O03131,2025-03-30,C0199,Neha Kapoor,Female,24,Ahmedabad,Gujarat,West,P012,Air Fryer,Home Appliances,2,7500,0.05,14250.0,9600,4650.0
O03132,2025-07-05,C0131,Meera Joshi,Female,38,Kochi,Kerala,South,P011,Coffee Maker,Home Appliances,1,5500,0.15,4675.0,3400,1275.0
O03133,2025-07-08,C0186,Meera Gupta,Female,33,Kochi,Kerala,South,P001,Laptop,Electronics,1,55000,0.15,46750.0,42000,4750.0
O03134,2025-09-03,C0636,Neha Nair,Male,52,Hyderabad,Telangana,South,P002,Smartphone,Electronics,2,28000,0.0,56000.0,43000,13000.0
O03135,2025-02-15,C0272,Meera Nair,Male,34,Bengaluru,Karnataka,South,P006,Desk,Furniture,4,12000,0.25,36000.0,34000,2000.0
O03136,2025-09-14,C0121,Priya Nair,Female,45,Jaipur,Rajasthan,North,P018,Wall Clock,Home Decor,3,1500,0.15,3825.0,2400,1425.0
O03137,2025-12-18,C0068,Rahul Shah,Male,47,Kolkata,West Bengal,East,P003,Headphones,Electronics,4,2500,0.15,8500.0,5600,2900.0
O03138,2025-03-02,C0237,Sneha Shah,Female,55,Pune,Maharashtra,West,P014,T-Shirt,Fashion,2,1200,0.1,2160.0,1300,860.0
O03139,2025-04-15,C0094,Vikram Kapoor,Male,59,Delhi,Delhi,North,P020,Notebook Set,Stationery,2,500,0.1,900.0,440,460.0
O03140,2025-12-03,C0109,Rahul Sharma,Female,53,Hyderabad,Telangana,South,P016,Jacket,Fashion,2,4500,0.05,8550.0,5400,3150.0
O03141,2025-01-14,C0561,Priya Nair,Male,43,Bengaluru,Karnataka,South,P004,Smart Watch,Electronics,2,6500,0.0,13000.0,8000,5000.0
O03142,2025-10-28,C0014,Nikhil Iyer,Male,20,Pune,Maharashtra,West,P019,Cushion Set,Home Decor,1,1200,0.15,1020.0,600,420.0
O03143,2025-03-18,C0081,Varun Gupta,Male,30,Lucknow,Uttar Pradesh,North,P002,Smartphone,Electronics,2,28000,0.2,44800.0,43000,1800.0
O03144,2025-08-18,C0751,Simran Joshi,Male,51,Ahmedabad,Gujarat,West,P010,Yoga Mat,Sports,1,1200,0.05,1140.0,650,490.0
O03145,2025-06-16,C0752,Arjun Patel,Female,26,Bengaluru,Karnataka,South,P019,Cushion Set,Home Decor,1,1200,0.15,1020.0,600,420.0
O03146,2025-03-07,C0239,Rohan Mehta,Male,19,Mumbai,Maharashtra,West,P013,Mixer Grinder,Home Appliances,2,4200,0.15,7140.0,5400,1740.0
O03147,2025-02-01,C0060,Aditi Sharma,Female,21,Mumbai,Maharashtra,West,P009,Running Shoes,Sports,1,4500,0.05,4275.0,2700,1575.0
O03148,2025-04-06,C0584,Amit Reddy,Female,59,Jaipur,Rajasthan,North,P006,Desk,Furniture,1,12000,0.1,10800.0,8500,2300.0
O03149,2025-02-27,C0264,Varun Patel,Female,47,Kolkata,West Bengal,East,P008,Backpack,Accessories,1,2200,0.1,1980.0,1200,780.0
O03150,2025-04-14,C0031,Ananya Patel,Male,21,Kolkata,West Bengal,East,P010,Yoga Mat,Sports,4,1200,0.15,4080.0,2600,1480.0
O03151,2025-11-08,C0110,Aarav Verma,Male,34,Bengaluru,Karnataka,South,P006,Desk,Furniture,1,12000,0.15,10200.0,8500,1700.0
O03152,2025-05-14,C0095,Rahul Sharma,Male,51,Jaipur,Rajasthan,North,P020,Notebook Set,Stationery,1,500,0.0,500.0,220,280.0
O03153,2025-08-05,C0465,Ananya Shah,Female,49,Delhi,Delhi,North,P020,Notebook Set,Stationery,3,500,0.1,1350.0,660,690.0
O03154,2025-03-08,C0827,Rahul Shah,Male,33,Kolkata,West Bengal,East,P018,Wall Clock,Home Decor,1,1500,0.15,1275.0,800,475.0
O03155,2025-06-27,C0686,Kavya Mehta,Male,58,Lucknow,Uttar Pradesh,North,P009,Running Shoes,Sports,1,4500,0.15,3825.0,2700,1125.0
O03156,2025-09-04,C0425,Isha Khan,Male,55,Chennai,Tamil Nadu,South,P014,T-Shirt,Fashion,1,1200,0.05,1140.0,650,490.0
O03157,2025-10-21,C0315,Varun Khan,Female,22,Kochi,Kerala,South,P019,Cushion Set,Home Decor,1,1200,0.1,1080.0,600,480.0
O03158,2025-08-23,C0494,Neha Shah,Male,32,Chennai,Tamil Nadu,South,P018,Wall Clock,Home Decor,1,1500,0.2,1200.0,800,400.0
O03159,2025-05-11,C0333,Karan Reddy,Female,54,Bhubaneswar,Odisha,East,P009,Running Shoes,Sports,1,4500,0.05,4275.0,2700,1575.0
O03160,2025-04-22,C0175,Pooja Singh,Female,48,Bhubaneswar,Odisha,East,P002,Smartphone,Electronics,1,28000,0.1,25200.0,21500,3700.0
O03161,2025-02-23,C0556,Aarav Kapoor,Male,23,Jaipur,Rajasthan,North,P002,Smartphone,Electronics,3,28000,0.15,71400.0,64500,6900.0
O03162,2025-10-17,C0791,Pooja Khan,Female,18,Chennai,Tamil Nadu,South,P012,Air Fryer,Home Appliances,2,7500,0.0,15000.0,9600,5400.0
O03163,2025-08-27,C0274,Ananya Desai,Male,49,Kolkata,West Bengal,East,P013,Mixer Grinder,Home Appliances,2,4200,0.2,6720.0,5400,1320.0
O03164,2025-08-28,C0747,Rohan Desai,Male,48,Bengaluru,Karnataka,South,P018,Wall Clock,Home Decor,1,1500,0.05,1425.0,800,625.0
O03165,2025-10-22,C0322,Varun Nair,Male,26,Bhubaneswar,Odisha,East,P006,Desk,Furniture,1,12000,0.0,12000.0,8500,3500.0
O03166,2025-04-22,C0297,Sneha Desai,Male,51,Kochi,Kerala,South,P003,Headphones,Electronics,3,2500,0.05,7125.0,4200,2925.0
O03167,2025-03-29,C0019,Simran Desai,Male,40,Kochi,Kerala,South,P008,Backpack,Accessories,1,2200,0.0,2200.0,1200,1000.0
O03168,2025-08-16,C0573,Rahul Mehta,Female,21,Mumbai,Maharashtra,West,P008,Backpack,Accessories,3,2200,0.0,6600.0,3600,3000.0
O03169,2025-10-31,C0704,Nikhil Iyer,Male,41,Kochi,Kerala,South,P003,Headphones,Electronics,1,2500,0.15,2125.0,1400,725.0
O03170,2025-11-01,C0540,Nikhil Sharma,Female,30,Kolkata,West Bengal,East,P014,T-Shirt,Fashion,3,1200,0.05,3420.0,1950,1470.0
O03171,2025-10-17,C0105,Rahul Sharma,Female,52,Jaipur,Rajasthan,North,P010,Yoga Mat,Sports,1,1200,0.2,960.0,650,310.0
O03172,2025-07-27,C0071,Kavya Reddy,Male,54,Delhi,Delhi,North,P015,Jeans,Fashion,1,2500,0.1,2250.0,1400,850.0
O03173,2025-12-22,C0450,Aditi Nair,Female,24,Kolkata,West Bengal,East,P008,Backpack,Accessories,2,2200,0.1,3960.0,2400,1560.0
O03174,2025-10-01,C0298,Simran Iyer,Male,28,Delhi,Delhi,North,P007,Bookshelf,Furniture,3,7000,0.1,18900.0,14400,4500.0
O03175,2025-03-11,C0321,Ananya Gupta,Female,36,Kochi,Kerala,South,P010,Yoga Mat,Sports,1,1200,0.15,1020.0,650,370.0
O03176,2025-08-08,C0940,Aarav Nair,Female,58,Lucknow,Uttar Pradesh,North,P018,Wall Clock,Home Decor,4,1500,0.1,5400.0,3200,2200.0
O03177,2025-08-19,C0605,Simran Desai,Female,45,Lucknow,Uttar Pradesh,North,P001,Laptop,Electronics,1,55000,0.05,52250.0,42000,10250.0
O03178,2025-10-17,C0306,Meera Reddy,Male,49,Bhubaneswar,Odisha,East,P016,Jacket,Fashion,1,4500,0.2,3600.0,2700,900.0
O03179,2025-11-03,C0013,Sneha Desai,Male,49,Lucknow,Uttar Pradesh,North,P008,Backpack,Accessories,2,2200,0.1,3960.0,2400,1560.0
O03180,2025-12-27,C0023,Meera Mehta,Male,53,Chennai,Tamil Nadu,South,P018,Wall Clock,Home Decor,2,1500,0.0,3000.0,1600,1400.0
O03181,2025-12-15,C0562,Raj Mehta,Male,29,Bhubaneswar,Odisha,East,P016,Jacket,Fashion,4,4500,0.1,16200.0,10800,5400.0
O03182,2025-09-12,C0742,Raj Shah,Female,39,Bengaluru,Karnataka,South,P008,Backpack,Accessories,1,2200,0.15,1870.0,1200,670.0
O03183,2025-05-22,C0587,Rahul Khan,Male,49,Chennai,Tamil Nadu,South,P014,T-Shirt,Fashion,1,1200,0.05,1140.0,650,490.0
O03184,2025-03-10,C0301,Rohan Nair,Female,32,Jaipur,Rajasthan,North,P003,Headphones,Electronics,2,2500,0.15,4250.0,2800,1450.0
O03185,2025-03-30,C0021,Varun Joshi,Male,28,Ahmedabad,Gujarat,West,P019,Cushion Set,Home Decor,1,1200,0.15,1020.0,600,420.0
O03186,2025-12-25,C0939,Vikram Nair,Female,23,Jaipur,Rajasthan,North,P008,Backpack,Accessories,1,2200,0.15,1870.0,1200,670.0
O03187,2025-05-16,C0974,Vikram Iyer,Male,34,Kolkata,West Bengal,East,P009,Running Shoes,Sports,1,4500,0.1,4050.0,2700,1350.0
O03188,2025-05-23,C0427,Ananya Khan,Female,29,Ahmedabad,Gujarat,West,P014,T-Shirt,Fashion,1,1200,0.25,900.0,650,250.0
O03189,2025-12-05,C0048,Rohan Desai,Female,25,Kolkata,West Bengal,East,P017,Table Lamp,Home Decor,1,1800,0.05,1710.0,950,760.0
O03190,2025-07-06,C0420,Aditi Nair,Male,31,Bhubaneswar,Odisha,East,P004,Smart Watch,Electronics,1,6500,0.1,5850.0,4000,1850.0
O03191,2025-01-11,C0818,Arjun Iyer,Male,22,Chennai,Tamil Nadu,South,P014,T-Shirt,Fashion,2,1200,0.05,2280.0,1300,980.0
O03192,2025-05-28,C0557,Ananya Gupta,Male,58,Delhi,Delhi,North,P008,Backpack,Accessories,2,2200,0.15,3740.0,2400,1340.0
O03193,2025-10-19,C0600,Raj Singh,Male,54,Ahmedabad,Gujarat,West,P008,Backpack,Accessories,1,2200,0.0,2200.0,1200,1000.0
O03194,2025-12-04,C0058,Rohan Desai,Male,20,Bhubaneswar,Odisha,East,P014,T-Shirt,Fashion,1,1200,0.0,1200.0,650,550.0
O03195,2025-02-07,C0073,Rohan Sharma,Female,54,Ahmedabad,Gujarat,West,P008,Backpack,Accessories,1,2200,0.15,1870.0,1200,670.0
O03196,2025-12-11,C0088,Rohan Kapoor,Female,58,Mumbai,Maharashtra,West,P007,Bookshelf,Furniture,1,7000,0.1,6300.0,4800,1500.0
O03197,2025-07-27,C0836,Neha Patel,Male,39,Bengaluru,Karnataka,South,P017,Table Lamp,Home Decor,2,1800,0.1,3240.0,1900,1340.0
O03198,2025-07-29,C0406,Meera Kapoor,Female,38,Kolkata,West Bengal,East,P002,Smartphone,Electronics,5,28000,0.1,126000.0,107500,18500.0
O03199,2025-01-01,C0684,Rahul Iyer,Male,46,Hyderabad,Telangana,South,P014,T-Shirt,Fashion,2,1200,0.15,2040.0,1300,740.0
O03200,2025-12-26,C0079,Ananya Nair,Female,26,Ahmedabad,Gujarat,West,P005,Office Chair,Furniture,2,8500,0.05,16150.0,12000,4150.0
O03201,2025-03-06,C0872,Nikhil Shah,Male,24,Lucknow,Uttar Pradesh,North,P001,Laptop,Electronics,1,55000,0.05,52250.0,42000,10250.0
O03202,2025-01-01,C0721,Amit Khan,Male,38,Mumbai,Maharashtra,West,P003,Headphones,Electronics,1,2500,0.25,1875.0,1400,475.0
O03203,2025-08-31,C0159,Neha Joshi,Female,45,Pune,Maharashtra,West,P012,Air Fryer,Home Appliances,3,7500,0.1,20250.0,14400,5850.0
O03204,2025-11-12,C0792,Amit Kapoor,Male,34,Kochi,Kerala,South,P014,T-Shirt,Fashion,4,1200,0.1,4320.0,2600,1720.0
O03205,2025-01-25,C0188,Kavya Patel,Male,19,Mumbai,Maharashtra,West,P001,Laptop,Electronics,1,55000,0.15,46750.0,42000,4750.0
O03206,2025-12-13,C0144,Simran Khan,Female,49,Ahmedabad,Gujarat,West,P001,Laptop,Electronics,1,55000,0.1,49500.0,42000,7500.0
O03207,2025-02-19,C0188,Kavya Patel,Male,19,Mumbai,Maharashtra,West,P019,Cushion Set,Home Decor,2,1200,0.05,2280.0,1200,1080.0
O03208,2025-12-14,C0845,Kavya Mehta,Female,33,Delhi,Delhi,North,P002,Smartphone,Electronics,1,28000,0.05,26600.0,21500,5100.0
O03209,2025-08-29,C0853,Ananya Patel,Male,34,Bhubaneswar,Odisha,East,P019,Cushion Set,Home Decor,2,1200,0.1,2160.0,1200,960.0
O03210,2025-02-01,C0239,Rohan Mehta,Male,19,Mumbai,Maharashtra,West,P004,Smart Watch,Electronics,3,6500,0.2,15600.0,12000,3600.0
O03211,2025-02-02,C0584,Amit Reddy,Female,59,Jaipur,Rajasthan,North,P015,Jeans,Fashion,1,2500,0.0,2500.0,1400,1100.0
O03212,2025-07-19,C0552,Ananya Nair,Male,30,Ahmedabad,Gujarat,West,P006,Desk,Furniture,4,12000,0.05,45600.0,34000,11600.0
O03213,2025-08-22,C0702,Amit Khan,Female,46,Lucknow,Uttar Pradesh,North,P018,Wall Clock,Home Decor,5,1500,0.2,6000.0,4000,2000.0
O03214,2025-01-26,C0213,Ananya Gupta,Female,22,Kolkata,West Bengal,East,P014,T-Shirt,Fashion,4,1200,0.05,4560.0,2600,1960.0
O03215,2025-02-11,C0391,Aarav Sharma,Female,51,Chennai,Tamil Nadu,South,P008,Backpack,Accessories,1,2200,0.1,1980.0,1200,780.0
O03216,2025-03-02,C0544,Varun Joshi,Male,47,Bengaluru,Karnataka,South,P002,Smartphone,Electronics,1,28000,0.05,26600.0,21500,5100.0
O03217,2025-02-10,C0018,Varun Reddy,Female,58,Pune,Maharashtra,West,P015,Jeans,Fashion,2,2500,0.1,4500.0,2800,1700.0
O03218,2025-05-10,C0277,Arjun Sharma,Female,53,Kolkata,West Bengal,East,P013,Mixer Grinder,Home Appliances,1,4200,0.1,3780.0,2700,1080.0
O03219,2025-12-21,C0574,Amit Kapoor,Female,46,Kolkata,West Bengal,East,P001,Laptop,Electronics,1,55000,0.0,55000.0,42000,13000.0
O03220,2025-12-20,C0180,Aarav Mehta,Female,39,Ahmedabad,Gujarat,West,P001,Laptop,Electronics,1,55000,0.1,49500.0,42000,7500.0
O03221,2025-07-17,C0922,Neha Singh,Male,58,Hyderabad,Telangana,South,P017,Table Lamp,Home Decor,2,1800,0.15,3060.0,1900,1160.0
O03222,2025-10-14,C0021,Varun Joshi,Male,28,Ahmedabad,Gujarat,West,P005,Office Chair,Furniture,1,8500,0.15,7225.0,6000,1225.0
O03223,2025-05-31,C0923,Meera Kapoor,Male,37,Delhi,Delhi,North,P013,Mixer Grinder,Home Appliances,1,4200,0.1,3780.0,2700,1080.0
O03224,2025-07-23,C0153,Meera Patel,Male,44,Lucknow,Uttar Pradesh,North,P009,Running Shoes,Sports,1,4500,0.1,4050.0,2700,1350.0
O03225,2025-07-01,C0033,Aditi Kapoor,Male,18,Bengaluru,Karnataka,South,P018,Wall Clock,Home Decor,2,1500,0.1,2700.0,1600,1100.0
O03226,2025-07-26,C0210,Neha Singh,Male,30,Ahmedabad,Gujarat,West,P019,Cushion Set,Home Decor,2,1200,0.1,2160.0,1200,960.0
O03227,2025-05-27,C0677,Pooja Desai,Female,38,Bhubaneswar,Odisha,East,P020,Notebook Set,Stationery,1,500,0.15,425.0,220,205.0
O03228,2025-07-23,C0637,Rohan Verma,Male,56,Lucknow,Uttar Pradesh,North,P003,Headphones,Electronics,4,2500,0.15,8500.0,5600,2900.0
O03229,2025-02-17,C0147,Nikhil Khan,Female,55,Jaipur,Rajasthan,North,P018,Wall Clock,Home Decor,1,1500,0.1,1350.0,800,550.0
O03230,2025-09-15,C0138,Aarav Kapoor,Male,58,Lucknow,Uttar Pradesh,North,P005,Office Chair,Furniture,2,8500,0.05,16150.0,12000,4150.0
O03231,2025-05-19,C0518,Nikhil Singh,Female,41,Ahmedabad,Gujarat,West,P012,Air Fryer,Home Appliances,2,7500,0.05,14250.0,9600,4650.0
O03232,2025-06-21,C0345,Meera Desai,Male,60,Mumbai,Maharashtra,West,P010,Yoga Mat,Sports,3,1200,0.05,3420.0,1950,1470.0
O03233,2025-04-11,C0685,Priya Patel,Female,25,Kolkata,West Bengal,East,P001,Laptop,Electronics,1,55000,0.2,44000.0,42000,2000.0
O03234,2025-07-06,C0017,Raj Kapoor,Female,32,Chennai,Tamil Nadu,South,P020,Notebook Set,Stationery,3,500,0.15,1275.0,660,615.0
O03235,2025-11-11,C0486,Ananya Khan,Female,21,Lucknow,Uttar Pradesh,North,P002,Smartphone,Electronics,3,28000,0.1,75600.0,64500,11100.0
O03236,2025-10-21,C0612,Varun Gupta,Male,19,Lucknow,Uttar Pradesh,North,P014,T-Shirt,Fashion,2,1200,0.05,2280.0,1300,980.0
O03237,2025-12-29,C0987,Ananya Shah,Female,36,Chennai,Tamil Nadu,South,P016,Jacket,Fashion,1,4500,0.0,4500.0,2700,1800.0
O03238,2025-01-21,C0556,Aarav Kapoor,Male,23,Jaipur,Rajasthan,North,P016,Jacket,Fashion,1,4500,0.2,3600.0,2700,900.0
O03239,2025-10-25,C0164,Priya Gupta,Male,25,Delhi,Delhi,North,P003,Headphones,Electronics,2,2500,0.2,4000.0,2800,1200.0
O03240,2025-01-10,C0074,Simran Nair,Male,52,Bengaluru,Karnataka,South,P009,Running Shoes,Sports,1,4500,0.0,4500.0,2700,1800.0
O03241,2025-07-06,C0516,Priya Joshi,Male,18,Mumbai,Maharashtra,West,P017,Table Lamp,Home Decor,2,1800,0.15,3060.0,1900,1160.0
O03242,2025-05-13,C0403,Rohan Gupta,Female,57,Delhi,Delhi,North,P006,Desk,Furniture,1,12000,0.1,10800.0,8500,2300.0
O03243,2025-02-02,C0828,Meera Gupta,Male,60,Ahmedabad,Gujarat,West,P010,Yoga Mat,Sports,2,1200,0.05,2280.0,1300,980.0
O03244,2025-03-10,C0608,Meera Iyer,Female,38,Lucknow,Uttar Pradesh,North,P005,Office Chair,Furniture,1,8500,0.15,7225.0,6000,1225.0
O03245,2025-03-21,C0391,Aarav Sharma,Female,51,Chennai,Tamil Nadu,South,P010,Yoga Mat,Sports,1,1200,0.1,1080.0,650,430.0
O03246,2025-07-10,C0299,Ananya Singh,Male,58,Ahmedabad,Gujarat,West,P019,Cushion Set,Home Decor,1,1200,0.15,1020.0,600,420.0
O03247,2025-04-11,C0300,Isha Desai,Female,29,Pune,Maharashtra,West,P009,Running Shoes,Sports,1,4500,0.0,4500.0,2700,1800.0
O03248,2025-10-12,C0160,Arjun Sharma,Female,21,Kochi,Kerala,South,P011,Coffee Maker,Home Appliances,2,5500,0.05,10450.0,6800,3650.0
O03249,2025-08-09,C0012,Aarav Reddy,Female,51,Mumbai,Maharashtra,West,P008,Backpack,Accessories,3,2200,0.05,6270.0,3600,2670.0
O03250,2025-02-22,C0451,Pooja Iyer,Female,49,Mumbai,Maharashtra,West,P009,Running Shoes,Sports,2,4500,0.05,8550.0,5400,3150.0
O03251,2025-06-09,C0149,Neha Mehta,Female,50,Jaipur,Rajasthan,North,P001,Laptop,Electronics,2,55000,0.1,99000.0,84000,15000.0
O03252,2025-02-11,C0146,Simran Iyer,Male,53,Chennai,Tamil Nadu,South,P005,Office Chair,Furniture,2,8500,0.05,16150.0,12000,4150.0
O03253,2025-02-16,C0087,Amit Shah,Female,54,Jaipur,Rajasthan,North,P009,Running Shoes,Sports,1,4500,0.1,4050.0,2700,1350.0
O03254,2025-06-08,C0133,Rohan Reddy,Female,56,Ahmedabad,Gujarat,West,P013,Mixer Grinder,Home Appliances,1,4200,0.1,3780.0,2700,1080.0
O03255,2025-07-03,C0022,Vikram Joshi,Female,49,Bengaluru,Karnataka,South,P009,Running Shoes,Sports,1,4500,0.15,3825.0,2700,1125.0
O03256,2025-09-03,C0551,Rohan Iyer,Male,28,Kochi,Kerala,South,P007,Bookshelf,Furniture,2,7000,0.1,12600.0,9600,3000.0
O03257,2025-01-11,C0297,Sneha Desai,Male,51,Kochi,Kerala,South,P008,Backpack,Accessories,1,2200,0.15,1870.0,1200,670.0
O03258,2025-06-03,C0439,Vikram Shah,Male,34,Delhi,Delhi,North,P004,Smart Watch,Electronics,1,6500,0.05,6175.0,4000,2175.0
O03259,2025-08-08,C0512,Simran Sharma,Male,48,Pune,Maharashtra,West,P019,Cushion Set,Home Decor,2,1200,0.05,2280.0,1200,1080.0
O03260,2025-06-04,C0948,Neha Iyer,Male,42,Jaipur,Rajasthan,North,P010,Yoga Mat,Sports,4,1200,0.0,4800.0,2600,2200.0
O03261,2025-12-05,C0047,Aarav Desai,Male,22,Kolkata,West Bengal,East,P001,Laptop,Electronics,2,55000,0.0,110000.0,84000,26000.0
O03262,2025-12-31,C0311,Neha Shah,Male,41,Ahmedabad,Gujarat,West,P001,Laptop,Electronics,3,55000,0.05,156750.0,126000,30750.0
O03263,2025-10-10,C0174,Sneha Reddy,Male,30,Lucknow,Uttar Pradesh,North,P020,Notebook Set,Stationery,2,500,0.0,1000.0,440,560.0
O03264,2025-07-06,C0362,Karan Kapoor,Male,59,Jaipur,Rajasthan,North,P004,Smart Watch,Electronics,1,6500,0.1,5850.0,4000,1850.0
O03265,2025-03-03,C0861,Karan Verma,Female,58,Bhubaneswar,Odisha,East,P016,Jacket,Fashion,2,4500,0.25,6750.0,5400,1350.0
O03266,2025-05-28,C0605,Simran Desai,Female,45,Lucknow,Uttar Pradesh,North,P002,Smartphone,Electronics,3,28000,0.0,84000.0,64500,19500.0
O03267,2025-05-24,C0538,Priya Sharma,Female,31,Kolkata,West Bengal,East,P019,Cushion Set,Home Decor,1,1200,0.15,1020.0,600,420.0
O03268,2025-04-13,C0331,Vikram Joshi,Female,23,Kolkata,West Bengal,East,P018,Wall Clock,Home Decor,1,1500,0.0,1500.0,800,700.0
O03269,2025-10-27,C0548,Neha Shah,Male,60,Pune,Maharashtra,West,P011,Coffee Maker,Home Appliances,1,5500,0.15,4675.0,3400,1275.0
O03270,2025-04-03,C0022,Vikram Joshi,Female,49,Bengaluru,Karnataka,South,P001,Laptop,Electronics,1,55000,0.15,46750.0,42000,4750.0
O03271,2025-10-13,C0462,Sneha Desai,Male,24,Lucknow,Uttar Pradesh,North,P005,Office Chair,Furniture,3,8500,0.2,20400.0,18000,2400.0
O03272,2025-04-29,C0432,Kavya Nair,Male,53,Pune,Maharashtra,West,P008,Backpack,Accessories,1,2200,0.0,2200.0,1200,1000.0
O03273,2025-01-29,C0253,Sneha Patel,Female,20,Hyderabad,Telangana,South,P009,Running Shoes,Sports,1,4500,0.05,4275.0,2700,1575.0
O03274,2025-01-30,C0141,Vikram Desai,Female,34,Bengaluru,Karnataka,South,P006,Desk,Furniture,3,12000,0.0,36000.0,25500,10500.0
O03275,2025-12-26,C0704,Nikhil Iyer,Male,41,Kochi,Kerala,South,P001,Laptop,Electronics,2,55000,0.1,99000.0,84000,15000.0
O03276,2025-10-15,C0037,Sneha Patel,Female,46,Ahmedabad,Gujarat,West,P012,Air Fryer,Home Appliances,2,7500,0.2,12000.0,9600,2400.0
O03277,2025-05-18,C0048,Rohan Desai,Female,25,Kolkata,West Bengal,East,P010,Yoga Mat,Sports,3,1200,0.15,3060.0,1950,1110.0
O03278,2025-02-20,C0330,Neha Nair,Male,36,Chennai,Tamil Nadu,South,P005,Office Chair,Furniture,1,8500,0.15,7225.0,6000,1225.0
O03279,2025-10-19,C0180,Aarav Mehta,Female,39,Ahmedabad,Gujarat,West,P001,Laptop,Electronics,2,55000,0.1,99000.0,84000,15000.0
O03280,2025-08-22,C0629,Varun Patel,Male,46,Kochi,Kerala,South,P020,Notebook Set,Stationery,1,500,0.2,400.0,220,180.0
O03281,2025-02-24,C0510,Aditi Nair,Male,57,Delhi,Delhi,North,P010,Yoga Mat,Sports,1,1200,0.1,1080.0,650,430.0
O03282,2025-10-19,C0661,Meera Patel,Female,51,Bengaluru,Karnataka,South,P015,Jeans,Fashion,1,2500,0.05,2375.0,1400,975.0
O03283,2025-08-28,C0235,Pooja Kapoor,Female,51,Hyderabad,Telangana,South,P009,Running Shoes,Sports,1,4500,0.15,3825.0,2700,1125.0
O03284,2025-11-08,C0623,Rohan Sharma,Male,26,Bhubaneswar,Odisha,East,P001,Laptop,Electronics,4,55000,0.05,209000.0,168000,41000.0
O03285,2025-02-05,C0776,Kavya Kapoor,Female,18,Bhubaneswar,Odisha,East,P006,Desk,Furniture,4,12000,0.0,48000.0,34000,14000.0
O03286,2025-03-30,C0252,Simran Khan,Male,56,Bhubaneswar,Odisha,East,P007,Bookshelf,Furniture,3,7000,0.05,19950.0,14400,5550.0
O03287,2025-07-31,C0247,Aarav Khan,Male,19,Pune,Maharashtra,West,P017,Table Lamp,Home Decor,1,1800,0.1,1620.0,950,670.0
O03288,2025-11-14,C0830,Isha Nair,Male,42,Pune,Maharashtra,West,P013,Mixer Grinder,Home Appliances,4,4200,0.1,15120.0,10800,4320.0
O03289,2025-12-31,C0034,Priya Gupta,Female,18,Ahmedabad,Gujarat,West,P005,Office Chair,Furniture,2,8500,0.05,16150.0,12000,4150.0
O03290,2025-09-02,C0256,Varun Iyer,Female,31,Bhubaneswar,Odisha,East,P020,Notebook Set,Stationery,1,500,0.15,425.0,220,205.0
O03291,2025-03-28,C0082,Aditi Shah,Male,34,Jaipur,Rajasthan,North,P007,Bookshelf,Furniture,2,7000,0.15,11900.0,9600,2300.0
O03292,2025-08-28,C0020,Arjun Singh,Male,57,Lucknow,Uttar Pradesh,North,P020,Notebook Set,Stationery,1,500,0.2,400.0,220,180.0
O03293,2025-11-16,C0078,Raj Iyer,Female,35,Hyderabad,Telangana,South,P020,Notebook Set,Stationery,1,500,0.1,450.0,220,230.0
O03294,2025-07-07,C0322,Varun Nair,Male,26,Bhubaneswar,Odisha,East,P003,Headphones,Electronics,3,2500,0.15,6375.0,4200,2175.0
O03295,2025-02-26,C0564,Simran Khan,Male,54,Ahmedabad,Gujarat,West,P006,Desk,Furniture,2,12000,0.15,20400.0,17000,3400.0
O03296,2025-04-23,C0208,Amit Reddy,Male,32,Bengaluru,Karnataka,South,P010,Yoga Mat,Sports,1,1200,0.05,1140.0,650,490.0
O03297,2025-08-11,C0758,Amit Khan,Male,34,Bengaluru,Karnataka,South,P014,T-Shirt,Fashion,2,1200,0.05,2280.0,1300,980.0
O03298,2025-03-11,C0328,Karan Patel,Male,32,Kolkata,West Bengal,East,P010,Yoga Mat,Sports,3,1200,0.1,3240.0,1950,1290.0
O03299,2025-08-15,C0940,Aarav Nair,Female,58,Lucknow,Uttar Pradesh,North,P020,Notebook Set,Stationery,2,500,0.0,1000.0,440,560.0
O03300,2025-09-13,C0916,Sneha Mehta,Male,56,Lucknow,Uttar Pradesh,North,P015,Jeans,Fashion,1,2500,0.05,2375.0,1400,975.0
O03301,2025-06-29,C0662,Aarav Singh,Male,58,Hyderabad,Telangana,South,P004,Smart Watch,Electronics,1,6500,0.1,5850.0,4000,1850.0
O03302,2025-07-03,C0880,Priya Verma,Male,46,Hyderabad,Telangana,South,P002,Smartphone,Electronics,1,28000,0.0,28000.0,21500,6500.0
O03303,2025-07-10,C0586,Isha Mehta,Female,47,Chennai,Tamil Nadu,South,P014,T-Shirt,Fashion,4,1200,0.05,4560.0,2600,1960.0
O03304,2025-08-20,C0823,Rahul Iyer,Female,30,Chennai,Tamil Nadu,South,P003,Headphones,Electronics,1,2500,0.1,2250.0,1400,850.0
O03305,2025-10-03,C0167,Aditi Singh,Female,50,Kochi,Kerala,South,P016,Jacket,Fashion,1,4500,0.15,3825.0,2700,1125.0
O03306,2025-08-21,C0252,Simran Khan,Male,56,Bhubaneswar,Odisha,East,P006,Desk,Furniture,1,12000,0.15,10200.0,8500,1700.0
O03307,2025-02-23,C0638,Kavya Shah,Female,44,Hyderabad,Telangana,South,P007,Bookshelf,Furniture,3,7000,0.1,18900.0,14400,4500.0
O03308,2025-09-14,C0317,Aarav Gupta,Male,45,Kochi,Kerala,South,P001,Laptop,Electronics,2,55000,0.1,99000.0,84000,15000.0
O03309,2025-03-31,C0742,Raj Shah,Female,39,Bengaluru,Karnataka,South,P014,T-Shirt,Fashion,2,1200,0.1,2160.0,1300,860.0
O03310,2025-08-14,C0797,Varun Nair,Male,49,Ahmedabad,Gujarat,West,P002,Smartphone,Electronics,1,28000,0.05,26600.0,21500,5100.0
O03311,2025-09-04,C0216,Neha Mehta,Male,53,Pune,Maharashtra,West,P016,Jacket,Fashion,1,4500,0.05,4275.0,2700,1575.0
O03312,2025-05-31,C0724,Arjun Patel,Male,39,Delhi,Delhi,North,P010,Yoga Mat,Sports,4,1200,0.15,4080.0,2600,1480.0
O03313,2025-04-23,C0107,Nikhil Patel,Male,51,Delhi,Delhi,North,P016,Jacket,Fashion,4,4500,0.1,16200.0,10800,5400.0
O03314,2025-09-26,C0243,Rahul Mehta,Female,59,Jaipur,Rajasthan,North,P012,Air Fryer,Home Appliances,4,7500,0.15,25500.0,19200,6300.0
O03315,2025-06-06,C0399,Nikhil Joshi,Female,45,Ahmedabad,Gujarat,West,P002,Smartphone,Electronics,4,28000,0.15,95200.0,86000,9200.0
O03316,2025-12-13,C0160,Arjun Sharma,Female,21,Kochi,Kerala,South,P015,Jeans,Fashion,3,2500,0.05,7125.0,4200,2925.0
O03317,2025-12-17,C0456,Karan Patel,Female,29,Jaipur,Rajasthan,North,P002,Smartphone,Electronics,2,28000,0.1,50400.0,43000,7400.0
O03318,2025-10-26,C0455,Raj Reddy,Male,24,Kolkata,West Bengal,East,P010,Yoga Mat,Sports,3,1200,0.1,3240.0,1950,1290.0
O03319,2025-06-08,C0145,Aarav Khan,Female,23,Bengaluru,Karnataka,South,P003,Headphones,Electronics,2,2500,0.1,4500.0,2800,1700.0
O03320,2025-11-26,C0689,Rahul Desai,Male,45,Bhubaneswar,Odisha,East,P015,Jeans,Fashion,1,2500,0.1,2250.0,1400,850.0
O03321,2025-08-13,C0507,Priya Patel,Female,28,Bhubaneswar,Odisha,East,P019,Cushion Set,Home Decor,1,1200,0.25,900.0,600,300.0
O03322,2025-01-14,C0230,Arjun Reddy,Female,25,Hyderabad,Telangana,South,P011,Coffee Maker,Home Appliances,4,5500,0.15,18700.0,13600,5100.0
O03323,2025-12-21,C0164,Priya Gupta,Male,25,Delhi,Delhi,North,P010,Yoga Mat,Sports,1,1200,0.2,960.0,650,310.0
O03324,2025-04-19,C0799,Amit Patel,Female,21,Kochi,Kerala,South,P015,Jeans,Fashion,3,2500,0.0,7500.0,4200,3300.0
O03325,2025-04-06,C0740,Sneha Iyer,Male,56,Kochi,Kerala,South,P001,Laptop,Electronics,1,55000,0.05,52250.0,42000,10250.0
O03326,2025-07-14,C0162,Varun Gupta,Male,52,Bhubaneswar,Odisha,East,P019,Cushion Set,Home Decor,1,1200,0.0,1200.0,600,600.0
O03327,2025-02-27,C0024,Pooja Patel,Male,50,Kolkata,West Bengal,East,P004,Smart Watch,Electronics,1,6500,0.05,6175.0,4000,2175.0
O03328,2025-12-18,C0700,Varun Singh,Female,53,Chennai,Tamil Nadu,South,P020,Notebook Set,Stationery,1,500,0.1,450.0,220,230.0
O03329,2025-10-21,C0491,Nikhil Kapoor,Female,49,Bengaluru,Karnataka,South,P015,Jeans,Fashion,1,2500,0.15,2125.0,1400,725.0
O03330,2025-06-03,C0069,Pooja Joshi,Female,59,Lucknow,Uttar Pradesh,North,P016,Jacket,Fashion,1,4500,0.1,4050.0,2700,1350.0
O03331,2025-03-05,C0463,Nikhil Nair,Male,53,Ahmedabad,Gujarat,West,P014,T-Shirt,Fashion,3,1200,0.2,2880.0,1950,930.0
O03332,2025-06-07,C0340,Isha Gupta,Female,42,Mumbai,Maharashtra,West,P010,Yoga Mat,Sports,1,1200,0.2,960.0,650,310.0
O03333,2025-09-22,C0663,Simran Iyer,Male,46,Pune,Maharashtra,West,P012,Air Fryer,Home Appliances,1,7500,0.05,7125.0,4800,2325.0
O03334,2025-05-01,C0147,Nikhil Khan,Female,55,Jaipur,Rajasthan,North,P001,Laptop,Electronics,1,55000,0.2,44000.0,42000,2000.0
O03335,2025-10-15,C0341,Amit Reddy,Male,27,Bhubaneswar,Odisha,East,P013,Mixer Grinder,Home Appliances,2,4200,0.1,7560.0,5400,2160.0
O03336,2025-01-11,C0109,Rahul Sharma,Female,53,Hyderabad,Telangana,South,P013,Mixer Grinder,Home Appliances,2,4200,0.1,7560.0,5400,2160.0
O03337,2025-08-02,C0922,Neha Singh,Male,58,Hyderabad,Telangana,South,P019,Cushion Set,Home Decor,2,1200,0.15,2040.0,1200,840.0
O03338,2025-06-11,C0668,Priya Kapoor,Male,52,Kolkata,West Bengal,East,P010,Yoga Mat,Sports,1,1200,0.0,1200.0,650,550.0
O03339,2025-04-15,C0619,Nikhil Mehta,Female,20,Kochi,Kerala,South,P002,Smartphone,Electronics,1,28000,0.2,22400.0,21500,900.0
O03340,2025-05-27,C0568,Sneha Nair,Male,40,Mumbai,Maharashtra,West,P006,Desk,Furniture,2,12000,0.15,20400.0,17000,3400.0
O03341,2025-07-01,C0316,Isha Nair,Male,46,Delhi,Delhi,North,P014,T-Shirt,Fashion,3,1200,0.2,2880.0,1950,930.0
O03342,2025-12-04,C0865,Vikram Patel,Female,19,Chennai,Tamil Nadu,South,P004,Smart Watch,Electronics,1,6500,0.25,4875.0,4000,875.0
O03343,2025-02-06,C0050,Neha Khan,Male,29,Lucknow,Uttar Pradesh,North,P005,Office Chair,Furniture,1,8500,0.1,7650.0,6000,1650.0
O03344,2025-03-23,C0698,Pooja Patel,Male,44,Chennai,Tamil Nadu,South,P017,Table Lamp,Home Decor,1,1800,0.0,1800.0,950,850.0
O03345,2025-01-12,C0152,Meera Kapoor,Male,32,Mumbai,Maharashtra,West,P012,Air Fryer,Home Appliances,1,7500,0.05,7125.0,4800,2325.0
O03346,2025-01-04,C0235,Pooja Kapoor,Female,51,Hyderabad,Telangana,South,P010,Yoga Mat,Sports,2,1200,0.05,2280.0,1300,980.0
O03347,2025-02-12,C0400,Raj Singh,Female,23,Lucknow,Uttar Pradesh,North,P006,Desk,Furniture,2,12000,0.0,24000.0,17000,7000.0
O03348,2025-02-20,C0673,Nikhil Shah,Female,24,Jaipur,Rajasthan,North,P015,Jeans,Fashion,1,2500,0.15,2125.0,1400,725.0
O03349,2025-09-18,C0743,Isha Joshi,Male,38,Jaipur,Rajasthan,North,P006,Desk,Furniture,1,12000,0.05,11400.0,8500,2900.0
O03350,2025-05-14,C0460,Kavya Joshi,Male,53,Mumbai,Maharashtra,West,P015,Jeans,Fashion,4,2500,0.25,7500.0,5600,1900.0
O03351,2025-03-28,C0299,Ananya Singh,Male,58,Ahmedabad,Gujarat,West,P002,Smartphone,Electronics,3,28000,0.15,71400.0,64500,6900.0
O03352,2025-12-28,C0903,Isha Iyer,Female,20,Jaipur,Rajasthan,North,P018,Wall Clock,Home Decor,3,1500,0.05,4275.0,2400,1875.0
O03353,2025-02-25,C0175,Pooja Singh,Female,48,Bhubaneswar,Odisha,East,P010,Yoga Mat,Sports,1,1200,0.1,1080.0,650,430.0
O03354,2025-08-05,C0698,Pooja Patel,Male,44,Chennai,Tamil Nadu,South,P009,Running Shoes,Sports,2,4500,0.1,8100.0,5400,2700.0
O03355,2025-03-09,C0488,Simran Reddy,Male,57,Lucknow,Uttar Pradesh,North,P013,Mixer Grinder,Home Appliances,1,4200,0.1,3780.0,2700,1080.0
O03356,2025-12-18,C0277,Arjun Sharma,Female,53,Kolkata,West Bengal,East,P013,Mixer Grinder,Home Appliances,1,4200,0.1,3780.0,2700,1080.0
O03357,2025-02-13,C0001,Rohan Mehta,Male,41,Mumbai,Maharashtra,West,P003,Headphones,Electronics,1,2500,0.0,2500.0,1400,1100.0
O03358,2025-05-23,C0336,Priya Shah,Male,43,Kolkata,West Bengal,East,P015,Jeans,Fashion,2,2500,0.15,4250.0,2800,1450.0
O03359,2025-12-12,C0198,Simran Sharma,Female,57,Kochi,Kerala,South,P005,Office Chair,Furniture,1,8500,0.1,7650.0,6000,1650.0
O03360,2025-02-11,C0072,Karan Verma,Male,59,Bhubaneswar,Odisha,East,P019,Cushion Set,Home Decor,3,1200,0.15,3060.0,1800,1260.0
O03361,2025-05-19,C0051,Amit Verma,Male,55,Kochi,Kerala,South,P017,Table Lamp,Home Decor,1,1800,0.15,1530.0,950,580.0
O03362,2025-03-14,C0253,Sneha Patel,Female,20,Hyderabad,Telangana,South,P007,Bookshelf,Furniture,1,7000,0.05,6650.0,4800,1850.0
O03363,2025-09-24,C0490,Raj Gupta,Female,22,Ahmedabad,Gujarat,West,P017,Table Lamp,Home Decor,1,1800,0.0,1800.0,950,850.0
O03364,2025-07-13,C0742,Raj Shah,Female,39,Bengaluru,Karnataka,South,P008,Backpack,Accessories,1,2200,0.15,1870.0,1200,670.0
O03365,2025-06-04,C0128,Rohan Patel,Female,51,Hyderabad,Telangana,South,P002,Smartphone,Electronics,1,28000,0.25,21000.0,21500,-500.0
O03366,2025-09-03,C0317,Aarav Gupta,Male,45,Kochi,Kerala,South,P020,Notebook Set,Stationery,1,500,0.1,450.0,220,230.0
O03367,2025-11-10,C0290,Vikram Verma,Male,25,Delhi,Delhi,North,P013,Mixer Grinder,Home Appliances,1,4200,0.05,3990.0,2700,1290.0
O03368,2025-08-06,C0394,Aditi Gupta,Male,25,Lucknow,Uttar Pradesh,North,P009,Running Shoes,Sports,1,4500,0.05,4275.0,2700,1575.0
O03369,2025-09-10,C0706,Arjun Gupta,Male,21,Kolkata,West Bengal,East,P008,Backpack,Accessories,2,2200,0.05,4180.0,2400,1780.0
O03370,2025-10-04,C0431,Rahul Patel,Male,42,Kochi,Kerala,South,P007,Bookshelf,Furniture,1,7000,0.05,6650.0,4800,1850.0
O03371,2025-10-04,C0754,Nikhil Kapoor,Female,28,Mumbai,Maharashtra,West,P020,Notebook Set,Stationery,2,500,0.1,900.0,440,460.0
O03372,2025-03-13,C0399,Nikhil Joshi,Female,45,Ahmedabad,Gujarat,West,P003,Headphones,Electronics,2,2500,0.15,4250.0,2800,1450.0
O03373,2025-05-09,C0479,Aarav Singh,Male,51,Bhubaneswar,Odisha,East,P006,Desk,Furniture,1,12000,0.05,11400.0,8500,2900.0
O03374,2025-12-24,C0328,Karan Patel,Male,32,Kolkata,West Bengal,East,P010,Yoga Mat,Sports,3,1200,0.0,3600.0,1950,1650.0
O03375,2025-07-05,C0723,Rohan Verma,Male,20,Delhi,Delhi,North,P010,Yoga Mat,Sports,2,1200,0.1,2160.0,1300,860.0
O03376,2025-01-13,C0866,Raj Kapoor,Male,47,Ahmedabad,Gujarat,West,P010,Yoga Mat,Sports,1,1200,0.2,960.0,650,310.0
O03377,2025-11-25,C0515,Amit Khan,Male,60,Kochi,Kerala,South,P003,Headphones,Electronics,4,2500,0.1,9000.0,5600,3400.0
O03378,2025-08-08,C0720,Aarav Desai,Male,55,Kochi,Kerala,South,P003,Headphones,Electronics,3,2500,0.25,5625.0,4200,1425.0
O03379,2025-01-06,C0040,Isha Khan,Female,45,Hyderabad,Telangana,South,P005,Office Chair,Furniture,5,8500,0.1,38250.0,30000,8250.0
O03380,2025-08-27,C0839,Aarav Gupta,Female,24,Delhi,Delhi,North,P019,Cushion Set,Home Decor,2,1200,0.05,2280.0,1200,1080.0
O03381,2025-04-22,C0132,Kavya Verma,Female,28,Bengaluru,Karnataka,South,P002,Smartphone,Electronics,1,28000,0.05,26600.0,21500,5100.0
O03382,2025-08-16,C0183,Kavya Gupta,Female,27,Pune,Maharashtra,West,P015,Jeans,Fashion,1,2500,0.15,2125.0,1400,725.0
O03383,2025-01-17,C0036,Meera Shah,Female,36,Bhubaneswar,Odisha,East,P015,Jeans,Fashion,2,2500,0.1,4500.0,2800,1700.0
O03384,2025-03-14,C0935,Kavya Khan,Male,27,Jaipur,Rajasthan,North,P017,Table Lamp,Home Decor,5,1800,0.1,8100.0,4750,3350.0
O03385,2025-01-12,C0761,Nikhil Mehta,Female,38,Pune,Maharashtra,West,P019,Cushion Set,Home Decor,2,1200,0.15,2040.0,1200,840.0
O03386,2025-03-27,C0850,Kavya Shah,Male,22,Hyderabad,Telangana,South,P005,Office Chair,Furniture,3,8500,0.15,21675.0,18000,3675.0
O03387,2025-06-29,C0755,Arjun Reddy,Male,49,Kolkata,West Bengal,East,P004,Smart Watch,Electronics,1,6500,0.0,6500.0,4000,2500.0
O03388,2025-05-02,C0364,Priya Patel,Female,54,Bengaluru,Karnataka,South,P010,Yoga Mat,Sports,1,1200,0.15,1020.0,650,370.0
O03389,2025-07-23,C0867,Rahul Nair,Male,56,Bhubaneswar,Odisha,East,P005,Office Chair,Furniture,3,8500,0.1,22950.0,18000,4950.0
O03390,2025-03-11,C0943,Priya Joshi,Male,46,Bhubaneswar,Odisha,East,P015,Jeans,Fashion,2,2500,0.1,4500.0,2800,1700.0
O03391,2025-04-18,C0385,Kavya Verma,Female,55,Mumbai,Maharashtra,West,P013,Mixer Grinder,Home Appliances,5,4200,0.1,18900.0,13500,5400.0
O03392,2025-07-20,C0123,Ananya Verma,Male,34,Lucknow,Uttar Pradesh,North,P018,Wall Clock,Home Decor,2,1500,0.1,2700.0,1600,1100.0
O03393,2025-02-21,C0535,Neha Joshi,Female,55,Delhi,Delhi,North,P002,Smartphone,Electronics,1,28000,0.05,26600.0,21500,5100.0
O03394,2025-02-06,C0954,Neha Khan,Female,53,Pune,Maharashtra,West,P019,Cushion Set,Home Decor,2,1200,0.1,2160.0,1200,960.0
O03395,2025-04-27,C0789,Rahul Iyer,Female,34,Ahmedabad,Gujarat,West,P006,Desk,Furniture,3,12000,0.05,34200.0,25500,8700.0
O03396,2025-09-16,C0775,Sneha Desai,Female,23,Ahmedabad,Gujarat,West,P010,Yoga Mat,Sports,2,1200,0.1,2160.0,1300,860.0
O03397,2025-09-21,C0882,Aditi Kapoor,Female,35,Pune,Maharashtra,West,P009,Running Shoes,Sports,1,4500,0.0,4500.0,2700,1800.0
O03398,2025-10-30,C0821,Kavya Desai,Female,23,Pune,Maharashtra,West,P015,Jeans,Fashion,1,2500,0.05,2375.0,1400,975.0
O03399,2025-03-05,C0665,Arjun Joshi,Female,22,Bengaluru,Karnataka,South,P009,Running Shoes,Sports,2,4500,0.05,8550.0,5400,3150.0
O03400,2025-02-11,C0598,Aarav Gupta,Female,39,Bengaluru,Karnataka,South,P020,Notebook Set,Stationery,1,500,0.1,450.0,220,230.0
O03401,2025-02-12,C0189,Nikhil Khan,Male,58,Mumbai,Maharashtra,West,P019,Cushion Set,Home Decor,2,1200,0.2,1920.0,1200,720.0
O03402,2025-05-05,C0497,Priya Shah,Female,39,Lucknow,Uttar Pradesh,North,P018,Wall Clock,Home Decor,1,1500,0.05,1425.0,800,625.0
O03403,2025-09-27,C0402,Amit Verma,Male,45,Kolkata,West Bengal,East,P002,Smartphone,Electronics,1,28000,0.1,25200.0,21500,3700.0
O03404,2025-12-13,C0775,Sneha Desai,Female,23,Ahmedabad,Gujarat,West,P018,Wall Clock,Home Decor,3,1500,0.05,4275.0,2400,1875.0
O03405,2025-08-21,C0375,Aarav Patel,Male,30,Chennai,Tamil Nadu,South,P016,Jacket,Fashion,1,4500,0.15,3825.0,2700,1125.0
O03406,2025-05-12,C0088,Rohan Kapoor,Female,58,Mumbai,Maharashtra,West,P002,Smartphone,Electronics,3,28000,0.0,84000.0,64500,19500.0
O03407,2025-01-02,C0004,Rohan Shah,Male,38,Mumbai,Maharashtra,West,P002,Smartphone,Electronics,1,28000,0.05,26600.0,21500,5100.0
O03408,2025-04-25,C0555,Rahul Iyer,Male,45,Chennai,Tamil Nadu,South,P002,Smartphone,Electronics,4,28000,0.05,106400.0,86000,20400.0
O03409,2025-01-01,C0428,Arjun Verma,Female,41,Delhi,Delhi,North,P001,Laptop,Electronics,1,55000,0.25,41250.0,42000,-750.0
O03410,2025-11-27,C0240,Aarav Kapoor,Female,57,Hyderabad,Telangana,South,P011,Coffee Maker,Home Appliances,1,5500,0.1,4950.0,3400,1550.0
O03411,2025-03-06,C0118,Aditi Gupta,Female,56,Bengaluru,Karnataka,South,P020,Notebook Set,Stationery,3,500,0.05,1425.0,660,765.0
O03412,2025-05-05,C0353,Ananya Shah,Female,42,Bhubaneswar,Odisha,East,P009,Running Shoes,Sports,2,4500,0.05,8550.0,5400,3150.0
O03413,2025-09-13,C0069,Pooja Joshi,Female,59,Lucknow,Uttar Pradesh,North,P011,Coffee Maker,Home Appliances,1,5500,0.05,5225.0,3400,1825.0
O03414,2025-11-18,C0244,Aditi Mehta,Male,33,Hyderabad,Telangana,South,P020,Notebook Set,Stationery,5,500,0.05,2375.0,1100,1275.0
O03415,2025-05-23,C0279,Meera Sharma,Male,37,Kolkata,West Bengal,East,P005,Office Chair,Furniture,2,8500,0.15,14450.0,12000,2450.0
O03416,2025-11-24,C0352,Neha Shah,Male,21,Ahmedabad,Gujarat,West,P018,Wall Clock,Home Decor,4,1500,0.1,5400.0,3200,2200.0
O03417,2025-09-03,C0353,Ananya Shah,Female,42,Bhubaneswar,Odisha,East,P011,Coffee Maker,Home Appliances,2,5500,0.1,9900.0,6800,3100.0
O03418,2025-04-26,C0183,Kavya Gupta,Female,27,Pune,Maharashtra,West,P011,Coffee Maker,Home Appliances,1,5500,0.05,5225.0,3400,1825.0
O03419,2025-10-30,C0759,Sneha Joshi,Female,21,Ahmedabad,Gujarat,West,P007,Bookshelf,Furniture,1,7000,0.1,6300.0,4800,1500.0
O03420,2025-03-31,C0260,Kavya Iyer,Male,56,Mumbai,Maharashtra,West,P011,Coffee Maker,Home Appliances,1,5500,0.05,5225.0,3400,1825.0
O03421,2025-10-23,C0162,Varun Gupta,Male,52,Bhubaneswar,Odisha,East,P002,Smartphone,Electronics,2,28000,0.05,53200.0,43000,10200.0
O03422,2025-02-11,C0123,Ananya Verma,Male,34,Lucknow,Uttar Pradesh,North,P015,Jeans,Fashion,1,2500,0.15,2125.0,1400,725.0
O03423,2025-02-04,C0234,Rahul Sharma,Male,49,Lucknow,Uttar Pradesh,North,P005,Office Chair,Furniture,1,8500,0.05,8075.0,6000,2075.0
O03424,2025-02-10,C0046,Raj Nair,Male,55,Kochi,Kerala,South,P019,Cushion Set,Home Decor,1,1200,0.1,1080.0,600,480.0
O03425,2025-12-07,C0023,Meera Mehta,Male,53,Chennai,Tamil Nadu,South,P008,Backpack,Accessories,1,2200,0.2,1760.0,1200,560.0
O03426,2025-05-04,C0481,Isha Mehta,Female,45,Bengaluru,Karnataka,South,P003,Headphones,Electronics,3,2500,0.05,7125.0,4200,2925.0
O03427,2025-02-26,C0495,Varun Nair,Female,49,Bhubaneswar,Odisha,East,P014,T-Shirt,Fashion,2,1200,0.2,1920.0,1300,620.0
O03428,2025-10-21,C0409,Simran Desai,Male,30,Kolkata,West Bengal,East,P003,Headphones,Electronics,2,2500,0.0,5000.0,2800,2200.0
O03429,2025-08-23,C0649,Raj Khan,Male,18,Chennai,Tamil Nadu,South,P015,Jeans,Fashion,4,2500,0.1,9000.0,5600,3400.0
O03430,2025-04-06,C0027,Raj Reddy,Male,51,Kochi,Kerala,South,P020,Notebook Set,Stationery,2,500,0.1,900.0,440,460.0
O03431,2025-11-15,C0886,Vikram Joshi,Female,43,Kochi,Kerala,South,P016,Jacket,Fashion,5,4500,0.1,20250.0,13500,6750.0
O03432,2025-12-09,C0065,Arjun Singh,Female,59,Delhi,Delhi,North,P001,Laptop,Electronics,1,55000,0.0,55000.0,42000,13000.0
O03433,2025-05-12,C0551,Rohan Iyer,Male,28,Kochi,Kerala,South,P012,Air Fryer,Home Appliances,1,7500,0.15,6375.0,4800,1575.0
O03434,2025-06-25,C0092,Rohan Gupta,Female,40,Pune,Maharashtra,West,P014,T-Shirt,Fashion,1,1200,0.25,900.0,650,250.0
O03435,2025-02-21,C0800,Vikram Sharma,Male,35,Jaipur,Rajasthan,North,P017,Table Lamp,Home Decor,1,1800,0.05,1710.0,950,760.0
O03436,2025-02-07,C0392,Neha Patel,Male,26,Bengaluru,Karnataka,South,P002,Smartphone,Electronics,3,28000,0.2,67200.0,64500,2700.0
O03437,2025-12-09,C0056,Rohan Shah,Male,47,Kolkata,West Bengal,East,P010,Yoga Mat,Sports,2,1200,0.1,2160.0,1300,860.0
O03438,2025-01-05,C0492,Priya Verma,Male,37,Delhi,Delhi,North,P011,Coffee Maker,Home Appliances,1,5500,0.2,4400.0,3400,1000.0
O03439,2025-08-01,C0007,Ananya Khan,Male,53,Ahmedabad,Gujarat,West,P003,Headphones,Electronics,2,2500,0.05,4750.0,2800,1950.0
O03440,2025-04-30,C0665,Arjun Joshi,Female,22,Bengaluru,Karnataka,South,P007,Bookshelf,Furniture,2,7000,0.15,11900.0,9600,2300.0
O03441,2025-11-22,C0526,Vikram Singh,Female,50,Bhubaneswar,Odisha,East,P009,Running Shoes,Sports,1,4500,0.0,4500.0,2700,1800.0
O03442,2025-07-28,C0150,Arjun Kapoor,Female,41,Lucknow,Uttar Pradesh,North,P017,Table Lamp,Home Decor,2,1800,0.2,2880.0,1900,980.0
O03443,2025-08-05,C0275,Ananya Shah,Male,27,Bhubaneswar,Odisha,East,P020,Notebook Set,Stationery,3,500,0.15,1275.0,660,615.0
O03444,2025-01-24,C0006,Amit Iyer,Male,35,Kochi,Kerala,South,P013,Mixer Grinder,Home Appliances,3,4200,0.1,11340.0,8100,3240.0
O03445,2025-12-08,C0572,Amit Iyer,Female,23,Kochi,Kerala,South,P008,Backpack,Accessories,2,2200,0.05,4180.0,2400,1780.0
O03446,2025-07-24,C0234,Rahul Sharma,Male,49,Lucknow,Uttar Pradesh,North,P005,Office Chair,Furniture,1,8500,0.15,7225.0,6000,1225.0
O03447,2025-08-14,C0448,Pooja Shah,Female,54,Bengaluru,Karnataka,South,P020,Notebook Set,Stationery,1,500,0.1,450.0,220,230.0
O03448,2025-08-06,C0920,Neha Iyer,Female,37,Kochi,Kerala,South,P020,Notebook Set,Stationery,1,500,0.1,450.0,220,230.0
O03449,2025-07-30,C0215,Raj Verma,Male,18,Kolkata,West Bengal,East,P019,Cushion Set,Home Decor,2,1200,0.1,2160.0,1200,960.0
O03450,2025-01-26,C0981,Simran Singh,Male,32,Bhubaneswar,Odisha,East,P016,Jacket,Fashion,1,4500,0.15,3825.0,2700,1125.0
O03451,2025-09-09,C0508,Kavya Singh,Female,30,Chennai,Tamil Nadu,South,P007,Bookshelf,Furniture,1,7000,0.05,6650.0,4800,1850.0
O03452,2025-01-03,C0172,Ananya Verma,Male,20,Lucknow,Uttar Pradesh,North,P017,Table Lamp,Home Decor,4,1800,0.0,7200.0,3800,3400.0
O03453,2025-01-02,C0327,Arjun Nair,Male,35,Chennai,Tamil Nadu,South,P009,Running Shoes,Sports,3,4500,0.2,10800.0,8100,2700.0
O03454,2025-04-02,C0623,Rohan Sharma,Male,26,Bhubaneswar,Odisha,East,P007,Bookshelf,Furniture,2,7000,0.1,12600.0,9600,3000.0
O03455,2025-01-02,C0335,Aarav Gupta,Female,40,Bhubaneswar,Odisha,East,P015,Jeans,Fashion,1,2500,0.1,2250.0,1400,850.0
O03456,2025-05-30,C0047,Aarav Desai,Male,22,Kolkata,West Bengal,East,P002,Smartphone,Electronics,1,28000,0.05,26600.0,21500,5100.0
O03457,2025-03-12,C0117,Rahul Mehta,Female,54,Kochi,Kerala,South,P001,Laptop,Electronics,1,55000,0.2,44000.0,42000,2000.0
O03458,2025-01-04,C0683,Karan Patel,Male,32,Chennai,Tamil Nadu,South,P009,Running Shoes,Sports,2,4500,0.05,8550.0,5400,3150.0
O03459,2025-02-07,C0524,Aarav Khan,Female,58,Kolkata,West Bengal,East,P009,Running Shoes,Sports,1,4500,0.1,4050.0,2700,1350.0
O03460,2025-12-25,C0447,Simran Khan,Female,51,Pune,Maharashtra,West,P019,Cushion Set,Home Decor,3,1200,0.2,2880.0,1800,1080.0
O03461,2025-03-11,C0117,Rahul Mehta,Female,54,Kochi,Kerala,South,P003,Headphones,Electronics,5,2500,0.0,12500.0,7000,5500.0
O03462,2025-07-20,C0742,Raj Shah,Female,39,Bengaluru,Karnataka,South,P003,Headphones,Electronics,1,2500,0.15,2125.0,1400,725.0
O03463,2025-11-04,C0927,Aarav Reddy,Male,19,Jaipur,Rajasthan,North,P003,Headphones,Electronics,1,2500,0.1,2250.0,1400,850.0
O03464,2025-09-09,C0028,Rohan Reddy,Male,45,Ahmedabad,Gujarat,West,P001,Laptop,Electronics,2,55000,0.15,93500.0,84000,9500.0
O03465,2025-10-14,C0053,Arjun Verma,Female,48,Delhi,Delhi,North,P002,Smartphone,Electronics,4,28000,0.1,100800.0,86000,14800.0
O03466,2025-10-19,C0807,Nikhil Nair,Male,31,Mumbai,Maharashtra,West,P014,T-Shirt,Fashion,3,1200,0.15,3060.0,1950,1110.0
O03467,2025-06-03,C0714,Nikhil Kapoor,Male,23,Jaipur,Rajasthan,North,P009,Running Shoes,Sports,1,4500,0.05,4275.0,2700,1575.0
O03468,2025-05-13,C0493,Aditi Iyer,Male,28,Ahmedabad,Gujarat,West,P015,Jeans,Fashion,1,2500,0.0,2500.0,1400,1100.0
O03469,2025-03-15,C0900,Arjun Sharma,Female,44,Pune,Maharashtra,West,P020,Notebook Set,Stationery,2,500,0.2,800.0,440,360.0
O03470,2025-10-01,C0522,Aditi Reddy,Male,22,Lucknow,Uttar Pradesh,North,P014,T-Shirt,Fashion,2,1200,0.0,2400.0,1300,1100.0
O03471,2025-09-28,C0152,Meera Kapoor,Male,32,Mumbai,Maharashtra,West,P001,Laptop,Electronics,1,55000,0.15,46750.0,42000,4750.0
O03472,2025-07-04,C0610,Nikhil Iyer,Male,59,Chennai,Tamil Nadu,South,P002,Smartphone,Electronics,2,28000,0.05,53200.0,43000,10200.0
O03473,2025-12-19,C0521,Amit Desai,Male,43,Delhi,Delhi,North,P018,Wall Clock,Home Decor,3,1500,0.1,4050.0,2400,1650.0
O03474,2025-01-05,C0973,Rahul Khan,Male,55,Hyderabad,Telangana,South,P010,Yoga Mat,Sports,1,1200,0.15,1020.0,650,370.0
O03475,2025-10-20,C0151,Arjun Desai,Male,40,Bhubaneswar,Odisha,East,P017,Table Lamp,Home Decor,3,1800,0.05,5130.0,2850,2280.0
O03476,2025-12-26,C0474,Rahul Gupta,Male,57,Mumbai,Maharashtra,West,P018,Wall Clock,Home Decor,1,1500,0.2,1200.0,800,400.0
O03477,2025-03-27,C0670,Sneha Verma,Male,43,Chennai,Tamil Nadu,South,P019,Cushion Set,Home Decor,3,1200,0.1,3240.0,1800,1440.0
O03478,2025-08-02,C0247,Aarav Khan,Male,19,Pune,Maharashtra,West,P020,Notebook Set,Stationery,2,500,0.1,900.0,440,460.0
O03479,2025-01-15,C0279,Meera Sharma,Male,37,Kolkata,West Bengal,East,P011,Coffee Maker,Home Appliances,1,5500,0.15,4675.0,3400,1275.0
O03480,2025-09-30,C0812,Priya Nair,Male,36,Chennai,Tamil Nadu,South,P007,Bookshelf,Furniture,2,7000,0.1,12600.0,9600,3000.0
O03481,2025-02-20,C0300,Isha Desai,Female,29,Pune,Maharashtra,West,P020,Notebook Set,Stationery,3,500,0.1,1350.0,660,690.0
O03482,2025-09-10,C0500,Simran Sharma,Female,43,Mumbai,Maharashtra,West,P011,Coffee Maker,Home Appliances,4,5500,0.15,18700.0,13600,5100.0
O03483,2025-02-14,C0814,Vikram Mehta,Female,50,Ahmedabad,Gujarat,West,P002,Smartphone,Electronics,1,28000,0.05,26600.0,21500,5100.0
O03484,2025-07-10,C0148,Ananya Gupta,Male,28,Mumbai,Maharashtra,West,P013,Mixer Grinder,Home Appliances,2,4200,0.05,7980.0,5400,2580.0
O03485,2025-05-02,C0965,Sneha Nair,Male,18,Kochi,Kerala,South,P012,Air Fryer,Home Appliances,2,7500,0.15,12750.0,9600,3150.0
O03486,2025-07-06,C0581,Karan Khan,Male,51,Jaipur,Rajasthan,North,P019,Cushion Set,Home Decor,2,1200,0.15,2040.0,1200,840.0
O03487,2025-08-02,C0379,Priya Reddy,Female,53,Lucknow,Uttar Pradesh,North,P013,Mixer Grinder,Home Appliances,3,4200,0.1,11340.0,8100,3240.0
O03488,2025-05-29,C0322,Varun Nair,Male,26,Bhubaneswar,Odisha,East,P008,Backpack,Accessories,1,2200,0.1,1980.0,1200,780.0
O03489,2025-06-19,C0916,Sneha Mehta,Male,56,Lucknow,Uttar Pradesh,North,P020,Notebook Set,Stationery,1,500,0.15,425.0,220,205.0
O03490,2025-07-28,C0145,Aarav Khan,Female,23,Bengaluru,Karnataka,South,P016,Jacket,Fashion,2,4500,0.1,8100.0,5400,2700.0
O03491,2025-03-23,C0225,Aarav Patel,Female,47,Chennai,Tamil Nadu,South,P013,Mixer Grinder,Home Appliances,1,4200,0.1,3780.0,2700,1080.0
O03492,2025-07-15,C0222,Rahul Shah,Male,51,Lucknow,Uttar Pradesh,North,P006,Desk,Furniture,3,12000,0.25,27000.0,25500,1500.0
O03493,2025-09-03,C0207,Raj Gupta,Male,18,Ahmedabad,Gujarat,West,P008,Backpack,Accessories,2,2200,0.05,4180.0,2400,1780.0
O03494,2025-12-11,C0355,Meera Reddy,Male,26,Kochi,Kerala,South,P014,T-Shirt,Fashion,1,1200,0.1,1080.0,650,430.0
O03495,2025-12-23,C0979,Rohan Reddy,Female,42,Pune,Maharashtra,West,P002,Smartphone,Electronics,3,28000,0.2,67200.0,64500,2700.0
O03496,2025-02-09,C0813,Raj Desai,Male,23,Hyderabad,Telangana,South,P005,Office Chair,Furniture,1,8500,0.15,7225.0,6000,1225.0
O03497,2025-06-17,C0238,Isha Singh,Female,33,Pune,Maharashtra,West,P014,T-Shirt,Fashion,2,1200,0.2,1920.0,1300,620.0
O03498,2025-02-12,C0315,Varun Khan,Female,22,Kochi,Kerala,South,P010,Yoga Mat,Sports,1,1200,0.05,1140.0,650,490.0
O03499,2025-11-25,C0546,Priya Verma,Female,46,Hyderabad,Telangana,South,P008,Backpack,Accessories,1,2200,0.05,2090.0,1200,890.0
O03500,2025-07-30,C0012,Aarav Reddy,Female,51,Mumbai,Maharashtra,West,P003,Headphones,Electronics,1,2500,0.2,2000.0,1400,600.0
O03501,2025-06-28,C0720,Aarav Desai,Male,55,Kochi,Kerala,South,P009,Running Shoes,Sports,2,4500,0.1,8100.0,5400,2700.0
O03502,2025-01-23,C0800,Vikram Sharma,Male,35,Jaipur,Rajasthan,North,P016,Jacket,Fashion,1,4500,0.15,3825.0,2700,1125.0
O03503,2025-04-05,C0769,Meera Verma,Female,41,Delhi,Delhi,North,P005,Office Chair,Furniture,1,8500,0.05,8075.0,6000,2075.0
O03504,2025-06-09,C0276,Rahul Desai,Female,27,Delhi,Delhi,North,P001,Laptop,Electronics,1,55000,0.15,46750.0,42000,4750.0
O03505,2025-09-01,C0349,Amit Reddy,Male,41,Pune,Maharashtra,West,P014,T-Shirt,Fashion,1,1200,0.1,1080.0,650,430.0
O03506,2025-01-17,C0009,Aditi Khan,Female,26,Mumbai,Maharashtra,West,P020,Notebook Set,Stationery,4,500,0.05,1900.0,880,1020.0
O03507,2025-04-22,C0296,Rahul Verma,Female,35,Bengaluru,Karnataka,South,P012,Air Fryer,Home Appliances,1,7500,0.1,6750.0,4800,1950.0
O03508,2025-04-13,C0348,Arjun Joshi,Female,50,Hyderabad,Telangana,South,P003,Headphones,Electronics,3,2500,0.15,6375.0,4200,2175.0
O03509,2025-11-10,C0840,Varun Khan,Female,31,Delhi,Delhi,North,P007,Bookshelf,Furniture,2,7000,0.0,14000.0,9600,4400.0
O03510,2025-03-27,C0821,Kavya Desai,Female,23,Pune,Maharashtra,West,P018,Wall Clock,Home Decor,2,1500,0.1,2700.0,1600,1100.0
O03511,2025-02-04,C0937,Aarav Patel,Female,50,Hyderabad,Telangana,South,P004,Smart Watch,Electronics,1,6500,0.1,5850.0,4000,1850.0
O03512,2025-01-30,C0808,Kavya Verma,Male,51,Lucknow,Uttar Pradesh,North,P012,Air Fryer,Home Appliances,4,7500,0.05,28500.0,19200,9300.0
O03513,2025-07-11,C0006,Amit Iyer,Male,35,Kochi,Kerala,South,P008,Backpack,Accessories,1,2200,0.15,1870.0,1200,670.0
O03514,2025-06-28,C0517,Arjun Kapoor,Female,55,Unknown,Rajasthan,North,P004,Smart Watch,Electronics,2,6500,0.05,12350.0,8000,4350.0
O03515,2025-04-14,C0047,Aarav Desai,Male,22,Kolkata,West Bengal,East,P017,Table Lamp,Home Decor,5,1800,0.05,8550.0,4750,3800.0
O03516,2025-06-14,C0195,Karan Reddy,Female,36,Jaipur,Rajasthan,North,P015,Jeans,Fashion,3,2500,0.1,6750.0,4200,2550.0
O03517,2025-05-02,C0455,Raj Reddy,Male,24,Kolkata,West Bengal,East,P014,T-Shirt,Fashion,2,1200,0.15,2040.0,1300,740.0
O03518,2025-05-14,C0579,Pooja Iyer,Male,33,Kochi,Kerala,South,P004,Smart Watch,Electronics,5,6500,0.2,26000.0,20000,6000.0
O03519,2025-10-17,C0530,Varun Iyer,Male,32,Delhi,Delhi,North,P002,Smartphone,Electronics,2,28000,0.05,53200.0,43000,10200.0
O03520,2025-11-08,C0034,Priya Gupta,Female,18,Ahmedabad,Gujarat,West,P012,Air Fryer,Home Appliances,1,7500,0.1,6750.0,4800,1950.0
O03521,2025-08-12,C0071,Kavya Reddy,Male,54,Delhi,Delhi,North,P011,Coffee Maker,Home Appliances,1,5500,0.0,5500.0,3400,2100.0
O03522,2025-01-25,C0089,Aarav Sharma,Female,30,Bengaluru,Karnataka,South,P003,Headphones,Electronics,1,2500,0.15,2125.0,1400,725.0
O03523,2025-01-13,C0063,Sneha Khan,Female,60,Kochi,Kerala,South,P002,Smartphone,Electronics,1,28000,0.1,25200.0,21500,3700.0
O03524,2025-11-15,C0124,Arjun Verma,Male,54,Pune,Maharashtra,West,P002,Smartphone,Electronics,2,28000,0.15,47600.0,43000,4600.0
O03525,2025-08-18,C0566,Neha Singh,Female,35,Pune,Maharashtra,West,P020,Notebook Set,Stationery,2,500,0.05,950.0,440,510.0
O03526,2025-04-12,C0733,Isha Khan,Female,40,Chennai,Tamil Nadu,South,P016,Jacket,Fashion,1,4500,0.2,3600.0,2700,900.0
O03527,2025-07-22,C0304,Rahul Verma,Female,43,Kolkata,West Bengal,East,P019,Cushion Set,Home Decor,3,1200,0.1,3240.0,1800,1440.0
O03528,2025-09-24,C0571,Ananya Mehta,Male,43,Bhubaneswar,Odisha,East,P004,Smart Watch,Electronics,1,6500,0.2,5200.0,4000,1200.0
O03529,2025-12-31,C0140,Rahul Iyer,Male,23,Jaipur,Rajasthan,North,P020,Notebook Set,Stationery,5,500,0.0,2500.0,1100,1400.0
O03530,2025-08-10,C0950,Priya Desai,Female,32,Pune,Maharashtra,West,P003,Headphones,Electronics,4,2500,0.1,9000.0,5600,3400.0
O03531,2025-04-14,C0255,Aarav Sharma,Female,40,Delhi,Delhi,North,P010,Yoga Mat,Sports,4,1200,0.15,4080.0,2600,1480.0
O03532,2025-04-21,C0753,Kavya Joshi,Male,34,Mumbai,Maharashtra,West,P017,Table Lamp,Home Decor,3,1800,0.1,4860.0,2850,2010.0
O03533,2025-03-10,C0901,Sneha Patel,Male,29,Bhubaneswar,Odisha,East,P008,Backpack,Accessories,1,2200,0.0,2200.0,1200,1000.0
O03534,2025-12-24,C0779,Nikhil Verma,Male,34,Mumbai,Maharashtra,West,P009,Running Shoes,Sports,2,4500,0.25,6750.0,5400,1350.0
O03535,2025-09-15,C0046,Raj Nair,Male,55,Kochi,Kerala,South,P003,Headphones,Electronics,1,2500,0.05,2375.0,1400,975.0
O03536,2025-06-17,C0526,Vikram Singh,Female,50,Bhubaneswar,Odisha,East,P003,Headphones,Electronics,1,2500,0.05,2375.0,1400,975.0
O03537,2025-10-20,C0083,Karan Kapoor,Female,49,Jaipur,Rajasthan,North,P013,Mixer Grinder,Home Appliances,2,4200,0.1,7560.0,5400,2160.0
O03538,2025-02-18,C0004,Rohan Shah,Male,38,Mumbai,Maharashtra,West,P014,T-Shirt,Fashion,1,1200,0.1,1080.0,650,430.0
O03539,2025-09-07,C0035,Kavya Mehta,Male,37,Bhubaneswar,Odisha,East,P016,Jacket,Fashion,4,4500,0.15,15300.0,10800,4500.0
O03540,2025-11-27,C0854,Pooja Nair,Male,23,Pune,Maharashtra,West,P011,Coffee Maker,Home Appliances,3,5500,0.1,14850.0,10200,4650.0
O03541,2025-03-16,C0842,Isha Desai,Female,33,Kochi,Kerala,South,P013,Mixer Grinder,Home Appliances,1,4200,0.1,3780.0,2700,1080.0
O03542,2025-07-20,C0159,Neha Joshi,Female,45,Pune,Maharashtra,West,P001,Laptop,Electronics,2,55000,0.1,99000.0,84000,15000.0
O03543,2025-02-03,C0425,Isha Khan,Male,55,Chennai,Tamil Nadu,South,P003,Headphones,Electronics,1,2500,0.1,2250.0,1400,850.0
O03544,2025-11-10,C0917,Ananya Desai,Male,44,Hyderabad,Telangana,South,P020,Notebook Set,Stationery,3,500,0.2,1200.0,660,540.0
O03545,2025-04-21,C0379,Priya Reddy,Female,53,Lucknow,Uttar Pradesh,North,P002,Smartphone,Electronics,2,28000,0.2,44800.0,43000,1800.0
O03546,2025-12-18,C0291,Sneha Desai,Female,35,Chennai,Tamil Nadu,South,P014,T-Shirt,Fashion,1,1200,0.1,1080.0,650,430.0
O03547,2025-11-12,C0367,Aditi Shah,Male,58,Chennai,Tamil Nadu,South,P003,Headphones,Electronics,1,2500,0.0,2500.0,1400,1100.0
O03548,2025-08-25,C0682,Ananya Shah,Female,37,Bengaluru,Karnataka,South,P014,T-Shirt,Fashion,1,1200,0.2,960.0,650,310.0
O03549,2025-02-01,C0362,Karan Kapoor,Male,59,Jaipur,Rajasthan,North,P014,T-Shirt,Fashion,4,1200,0.05,4560.0,2600,1960.0
O03550,2025-07-28,C0674,Pooja Joshi,Female,43,Lucknow,Uttar Pradesh,North,P004,Smart Watch,Electronics,1,6500,0.05,6175.0,4000,2175.0
O03551,2025-05-12,C0323,Sneha Gupta,Female,44,Kochi,Kerala,South,P005,Office Chair,Furniture,1,8500,0.05,8075.0,6000,2075.0
O03552,2025-04-16,C0179,Arjun Reddy,Male,46,Hyderabad,Telangana,South,P013,Mixer Grinder,Home Appliances,3,4200,0.05,11970.0,8100,3870.0
O03553,2025-02-02,C0237,Sneha Shah,Female,55,Pune,Maharashtra,West,P008,Backpack,Accessories,3,2200,0.15,5610.0,3600,2010.0
O03554,2025-02-12,C0053,Arjun Verma,Female,48,Delhi,Delhi,North,P004,Smart Watch,Electronics,3,6500,0.1,17550.0,12000,5550.0
O03555,2025-04-17,C0380,Nikhil Singh,Female,48,Jaipur,Rajasthan,North,P015,Jeans,Fashion,2,2500,0.25,3750.0,2800,950.0
O03556,2025-09-22,C0103,Rohan Patel,Male,45,Bengaluru,Karnataka,South,P003,Headphones,Electronics,2,2500,0.05,4750.0,2800,1950.0
O03557,2025-08-14,C0709,Rahul Khan,Female,40,Kolkata,West Bengal,East,P018,Wall Clock,Home Decor,2,1500,0.1,2700.0,1600,1100.0
O03558,2025-06-28,C0313,Aditi Singh,Female,58,Pune,Maharashtra,West,P010,Yoga Mat,Sports,1,1200,0.25,900.0,650,250.0
O03559,2025-08-10,C0652,Pooja Iyer,Male,40,Kolkata,West Bengal,East,P002,Smartphone,Electronics,2,28000,0.15,47600.0,43000,4600.0
O03560,2025-05-05,C0916,Sneha Mehta,Male,56,Lucknow,Uttar Pradesh,North,P014,T-Shirt,Fashion,1,1200,0.15,1020.0,650,370.0
O03561,2025-10-03,C0758,Amit Khan,Male,34,Bengaluru,Karnataka,South,P010,Yoga Mat,Sports,1,1200,0.05,1140.0,650,490.0
O03562,2025-06-16,C0911,Sneha Singh,Female,27,Bengaluru,Karnataka,South,P006,Desk,Furniture,4,12000,0.15,40800.0,34000,6800.0
O03563,2025-05-31,C0445,Neha Sharma,Male,47,Hyderabad,Telangana,South,P009,Running Shoes,Sports,1,4500,0.1,4050.0,2700,1350.0
O03564,2025-02-10,C0115,Amit Khan,Male,41,Ahmedabad,Gujarat,West,P006,Desk,Furniture,4,12000,0.1,43200.0,34000,9200.0
O03565,2025-10-27,C0885,Arjun Nair,Male,25,Lucknow,Uttar Pradesh,North,P005,Office Chair,Furniture,1,8500,0.1,7650.0,6000,1650.0
O03566,2025-02-04,C0784,Isha Sharma,Male,30,Hyderabad,Telangana,South,P003,Headphones,Electronics,1,2500,0.1,2250.0,1400,850.0
O03567,2025-11-10,C0778,Rahul Sharma,Male,56,Kolkata,West Bengal,East,P008,Backpack,Accessories,2,2200,0.15,3740.0,2400,1340.0
O03568,2025-10-31,C0571,Ananya Mehta,Male,43,Bhubaneswar,Odisha,East,P005,Office Chair,Furniture,2,8500,0.15,14450.0,12000,2450.0
O03569,2025-08-19,C0500,Simran Sharma,Female,43,Mumbai,Maharashtra,West,P014,T-Shirt,Fashion,2,1200,0.0,2400.0,1300,1100.0
O03570,2025-08-03,C0010,Sneha Kapoor,Female,55,Bengaluru,Karnataka,South,P014,T-Shirt,Fashion,3,1200,0.1,3240.0,1950,1290.0
O03571,2025-11-10,C0632,Aditi Gupta,Male,37,Kochi,Kerala,South,P010,Yoga Mat,Sports,1,1200,0.15,1020.0,650,370.0
O03572,2025-04-11,C0063,Sneha Khan,Female,60,Kochi,Kerala,South,P016,Jacket,Fashion,4,4500,0.05,17100.0,10800,6300.0
O03573,2025-02-26,C0185,Pooja Khan,Female,38,Chennai,Tamil Nadu,South,P017,Table Lamp,Home Decor,1,1800,0.05,1710.0,950,760.0
O03574,2025-08-03,C0429,Meera Nair,Female,46,Bengaluru,Karnataka,South,P012,Air Fryer,Home Appliances,3,7500,0.05,21375.0,14400,6975.0
O03575,2025-06-05,C0340,Isha Gupta,Female,42,Mumbai,Maharashtra,West,P013,Mixer Grinder,Home Appliances,1,4200,0.1,3780.0,2700,1080.0
O03576,2025-03-05,C0011,Priya Patel,Male,47,Kochi,Kerala,South,P005,Office Chair,Furniture,3,8500,0.25,19125.0,18000,1125.0
O03577,2025-03-03,C0724,Arjun Patel,Male,39,Delhi,Delhi,North,P019,Cushion Set,Home Decor,2,1200,0.05,2280.0,1200,1080.0
O03578,2025-12-05,C0799,Amit Patel,Female,21,Kochi,Kerala,South,P001,Laptop,Electronics,1,55000,0.1,49500.0,42000,7500.0
O03579,2025-03-03,C0559,Rahul Iyer,Male,21,Bengaluru,Karnataka,South,P007,Bookshelf,Furniture,3,7000,0.15,17850.0,14400,3450.0
O03580,2025-04-04,C0420,Aditi Nair,Male,31,Bhubaneswar,Odisha,East,P015,Jeans,Fashion,1,2500,0.0,2500.0,1400,1100.0
O03581,2025-12-07,C0927,Aarav Reddy,Male,19,Jaipur,Rajasthan,North,P002,Smartphone,Electronics,1,28000,0.2,22400.0,21500,900.0
O03582,2025-01-26,C0083,Karan Kapoor,Female,49,Jaipur,Rajasthan,North,P003,Headphones,Electronics,3,2500,0.1,6750.0,4200,2550.0
O03583,2025-05-01,C0620,Vikram Sharma,Female,30,Chennai,Tamil Nadu,South,P012,Air Fryer,Home Appliances,1,7500,0.2,6000.0,4800,1200.0
O03584,2025-02-19,C0089,Aarav Sharma,Female,30,Bengaluru,Karnataka,South,P011,Coffee Maker,Home Appliances,1,5500,0.0,5500.0,3400,2100.0
O03585,2025-09-09,C0281,Rahul Reddy,Male,31,Kolkata,West Bengal,East,P015,Jeans,Fashion,2,2500,0.05,4750.0,2800,1950.0
O03586,2025-02-05,C0462,Sneha Desai,Male,24,Lucknow,Uttar Pradesh,North,P017,Table Lamp,Home Decor,3,1800,0.05,5130.0,2850,2280.0
O03587,2025-10-16,C0620,Vikram Sharma,Female,30,Chennai,Tamil Nadu,South,P003,Headphones,Electronics,1,2500,0.1,2250.0,1400,850.0
O03588,2025-04-10,C0003,Neha Nair,Male,45,Kolkata,West Bengal,East,P001,Laptop,Electronics,2,55000,0.2,88000.0,84000,4000.0
O03589,2025-11-20,C0186,Meera Gupta,Female,33,Kochi,Kerala,South,P014,T-Shirt,Fashion,2,1200,0.0,2400.0,1300,1100.0
O03590,2025-11-25,C0417,Simran Khan,Male,39,Pune,Maharashtra,West,P006,Desk,Furniture,3,12000,0.15,30600.0,25500,5100.0
O03591,2025-05-16,C0412,Kavya Verma,Male,30,Pune,Maharashtra,West,P013,Mixer Grinder,Home Appliances,4,4200,0.05,15960.0,10800,5160.0
O03592,2025-07-13,C0513,Rahul Desai,Female,45,Bhubaneswar,Odisha,East,P003,Headphones,Electronics,3,2500,0.15,6375.0,4200,2175.0
O03593,2025-08-09,C0219,Kavya Kapoor,Male,57,Kochi,Kerala,South,P010,Yoga Mat,Sports,2,1200,0.15,2040.0,1300,740.0
O03594,2025-10-06,C0419,Priya Singh,Female,53,Kolkata,West Bengal,East,P010,Yoga Mat,Sports,1,1200,0.1,1080.0,650,430.0
O03595,2025-11-22,C0133,Rohan Reddy,Female,56,Ahmedabad,Gujarat,West,P012,Air Fryer,Home Appliances,1,7500,0.05,7125.0,4800,2325.0
O03596,2025-02-24,C0131,Meera Joshi,Female,38,Kochi,Kerala,South,P010,Yoga Mat,Sports,2,1200,0.1,2160.0,1300,860.0
O03597,2025-04-20,C0453,Arjun Joshi,Male,42,Bhubaneswar,Odisha,East,P010,Yoga Mat,Sports,5,1200,0.05,5700.0,3250,2450.0
O03598,2025-05-29,C0563,Karan Khan,Female,28,Ahmedabad,Gujarat,West,P007,Bookshelf,Furniture,2,7000,0.05,13300.0,9600,3700.0
O03599,2025-09-22,C0083,Karan Kapoor,Female,49,Jaipur,Rajasthan,North,P002,Smartphone,Electronics,1,28000,0.1,25200.0,21500,3700.0
O03600,2025-06-11,C0085,Sneha Reddy,Female,21,Kochi,Kerala,South,P002,Smartphone,Electronics,1,28000,0.25,21000.0,21500,-500.0
O03601,2025-07-06,C0442,Amit Nair,Female,29,Mumbai,Maharashtra,West,P009,Running Shoes,Sports,2,4500,0.2,7200.0,5400,1800.0
O03602,2025-05-09,C0193,Kavya Joshi,Male,47,Mumbai,Maharashtra,West,P008,Backpack,Accessories,2,2200,0.1,3960.0,2400,1560.0
O03603,2025-04-18,C0290,Vikram Verma,Male,25,Delhi,Delhi,North,P010,Yoga Mat,Sports,2,1200,0.1,2160.0,1300,860.0
O03604,2025-03-09,C0297,Sneha Desai,Male,51,Kochi,Kerala,South,P006,Desk,Furniture,2,12000,0.25,18000.0,17000,1000.0
O03605,2025-03-07,C0125,Simran Joshi,Female,53,Pune,Maharashtra,West,P014,T-Shirt,Fashion,1,1200,0.1,1080.0,650,430.0
O03606,2025-05-24,C0001,Rohan Mehta,Male,41,Mumbai,Maharashtra,West,P018,Wall Clock,Home Decor,4,1500,0.1,5400.0,3200,2200.0
O03607,2025-02-22,C0763,Aarav Nair,Female,55,Hyderabad,Telangana,South,P006,Desk,Furniture,2,12000,0.2,19200.0,17000,2200.0
O03608,2025-05-08,C0595,Aarav Kapoor,Female,41,Chennai,Tamil Nadu,South,P003,Headphones,Electronics,1,2500,0.05,2375.0,1400,975.0
O03609,2025-11-17,C0568,Sneha Nair,Male,40,Mumbai,Maharashtra,West,P002,Smartphone,Electronics,1,28000,0.0,28000.0,21500,6500.0
O03610,2025-07-26,C0425,Isha Khan,Male,55,Chennai,Tamil Nadu,South,P013,Mixer Grinder,Home Appliances,4,4200,0.1,15120.0,10800,4320.0
O03611,2025-11-16,C0579,Pooja Iyer,Male,33,Kochi,Kerala,South,P009,Running Shoes,Sports,3,4500,0.0,13500.0,8100,5400.0
O03612,2025-08-04,C0885,Arjun Nair,Male,25,Lucknow,Uttar Pradesh,North,P003,Headphones,Electronics,1,2500,0.1,2250.0,1400,850.0
O03613,2025-03-09,C0542,Aditi Kapoor,Male,47,Kolkata,West Bengal,East,P013,Mixer Grinder,Home Appliances,1,4200,0.1,3780.0,2700,1080.0
O03614,2025-03-03,C0189,Nikhil Khan,Male,58,Mumbai,Maharashtra,West,P003,Headphones,Electronics,1,2500,0.1,2250.0,1400,850.0
O03615,2025-07-29,C0447,Simran Khan,Female,51,Pune,Maharashtra,West,P011,Coffee Maker,Home Appliances,1,5500,0.25,4125.0,3400,725.0
O03616,2025-12-03,C0332,Aarav Verma,Male,29,Mumbai,Maharashtra,West,P010,Yoga Mat,Sports,2,1200,0.05,2280.0,1300,980.0
O03617,2025-11-23,C0434,Rahul Desai,Male,55,Jaipur,Rajasthan,North,P015,Jeans,Fashion,2,2500,0.1,4500.0,2800,1700.0
O03618,2025-02-21,C0398,Sneha Singh,Female,20,Kolkata,West Bengal,East,P002,Smartphone,Electronics,2,28000,0.05,53200.0,43000,10200.0
O03619,2025-04-26,C0771,Simran Nair,Male,57,Hyderabad,Telangana,South,P019,Cushion Set,Home Decor,2,1200,0.1,2160.0,1200,960.0
O03620,2025-03-06,C0528,Arjun Singh,Female,44,Kolkata,West Bengal,East,P014,T-Shirt,Fashion,1,1200,0.15,1020.0,650,370.0
O03621,2025-05-10,C0132,Kavya Verma,Female,28,Bengaluru,Karnataka,South,P004,Smart Watch,Electronics,1,6500,0.1,5850.0,4000,1850.0
O03622,2025-06-26,C0043,Isha Nair,Male,48,Kolkata,West Bengal,East,P003,Headphones,Electronics,1,2500,0.05,2375.0,1400,975.0
O03623,2025-10-05,C0317,Aarav Gupta,Male,45,Kochi,Kerala,South,P009,Running Shoes,Sports,1,4500,0.1,4050.0,2700,1350.0
O03624,2025-06-12,C0011,Priya Patel,Male,47,Kochi,Kerala,South,P017,Table Lamp,Home Decor,1,1800,0.1,1620.0,950,670.0
O03625,2025-11-28,C0230,Arjun Reddy,Female,25,Hyderabad,Telangana,South,P017,Table Lamp,Home Decor,2,1800,0.05,3420.0,1900,1520.0
O03626,2025-06-01,C0270,Vikram Joshi,Female,39,Chennai,Tamil Nadu,South,P010,Yoga Mat,Sports,3,1200,0.1,3240.0,1950,1290.0
O03627,2025-12-16,C0276,Rahul Desai,Female,27,Delhi,Delhi,North,P018,Wall Clock,Home Decor,2,1500,0.1,2700.0,1600,1100.0
O03628,2025-08-24,C0961,Arjun Desai,Female,24,Chennai,Tamil Nadu,South,P001,Laptop,Electronics,3,55000,0.25,123750.0,126000,-2250.0
O03629,2025-06-07,C0219,Kavya Kapoor,Male,57,Kochi,Kerala,South,P001,Laptop,Electronics,2,55000,0.2,88000.0,84000,4000.0
O03630,2025-11-23,C0189,Nikhil Khan,Male,58,Mumbai,Maharashtra,West,P019,Cushion Set,Home Decor,2,1200,0.15,2040.0,1200,840.0
O03631,2025-04-16,C0089,Aarav Sharma,Female,30,Bengaluru,Karnataka,South,P016,Jacket,Fashion,1,4500,0.2,3600.0,2700,900.0
O03632,2025-11-02,C0392,Neha Patel,Male,26,Bengaluru,Karnataka,South,P009,Running Shoes,Sports,5,4500,0.15,19125.0,13500,5625.0
O03633,2025-09-12,C0107,Nikhil Patel,Male,51,Delhi,Delhi,North,P015,Jeans,Fashion,1,2500,0.2,2000.0,1400,600.0
O03634,2025-12-24,C0492,Priya Verma,Male,37,Delhi,Delhi,North,P020,Notebook Set,Stationery,1,500,0.0,500.0,220,280.0
O03635,2025-04-23,C0108,Aditi Reddy,Female,28,Chennai,Tamil Nadu,South,P016,Jacket,Fashion,1,4500,0.1,4050.0,2700,1350.0
O03636,2025-01-30,C0453,Arjun Joshi,Male,42,Bhubaneswar,Odisha,East,P017,Table Lamp,Home Decor,4,1800,0.15,6120.0,3800,2320.0
O03637,2025-01-12,C0727,Priya Patel,Female,29,Delhi,Delhi,North,P015,Jeans,Fashion,5,2500,0.1,11250.0,7000,4250.0
O03638,2025-06-26,C0029,Neha Verma,Female,54,Hyderabad,Telangana,South,P003,Headphones,Electronics,3,2500,0.05,7125.0,4200,2925.0
O03639,2025-12-04,C0313,Aditi Singh,Female,58,Pune,Maharashtra,West,P017,Table Lamp,Home Decor,2,1800,0.1,3240.0,1900,1340.0
O03640,2025-02-15,C0348,Arjun Joshi,Female,50,Hyderabad,Telangana,South,P004,Smart Watch,Electronics,2,6500,0.05,12350.0,8000,4350.0
O03641,2025-06-20,C0683,Karan Patel,Male,32,Chennai,Tamil Nadu,South,P019,Cushion Set,Home Decor,4,1200,0.05,4560.0,2400,2160.0
O03642,2025-05-10,C0354,Neha Shah,Male,47,Jaipur,Rajasthan,North,P009,Running Shoes,Sports,2,4500,0.1,8100.0,5400,2700.0
O03643,2025-09-02,C0444,Ananya Sharma,Male,59,Kolkata,West Bengal,East,P014,T-Shirt,Fashion,4,1200,0.1,4320.0,2600,1720.0
O03644,2025-12-19,C0683,Karan Patel,Male,32,Chennai,Tamil Nadu,South,P010,Yoga Mat,Sports,1,1200,0.2,960.0,650,310.0
O03645,2025-07-22,C0437,Nikhil Kapoor,Female,45,Pune,Maharashtra,West,P002,Smartphone,Electronics,1,28000,0.15,23800.0,21500,2300.0
O03646,2025-08-14,C0262,Karan Reddy,Male,34,Lucknow,Uttar Pradesh,North,P006,Desk,Furniture,3,12000,0.15,30600.0,25500,5100.0
O03647,2025-03-21,C0059,Neha Reddy,Male,28,Mumbai,Maharashtra,West,P020,Notebook Set,Stationery,1,500,0.2,400.0,220,180.0
O03648,2025-11-06,C0611,Sneha Iyer,Male,57,Bengaluru,Karnataka,South,P020,Notebook Set,Stationery,4,500,0.1,1800.0,880,920.0
O03649,2025-02-04,C0788,Rahul Nair,Female,20,Bhubaneswar,Odisha,East,P007,Bookshelf,Furniture,2,7000,0.1,12600.0,9600,3000.0
O03650,2025-02-21,C0944,Pooja Shah,Female,21,Bengaluru,Karnataka,South,P020,Notebook Set,Stationery,4,500,0.0,2000.0,880,1120.0
O03651,2025-06-10,C0870,Ananya Iyer,Female,30,Mumbai,Maharashtra,West,P017,Table Lamp,Home Decor,1,1800,0.2,1440.0,950,490.0
O03652,2025-03-25,C0691,Sneha Joshi,Male,21,Pune,Maharashtra,West,P013,Mixer Grinder,Home Appliances,2,4200,0.0,8400.0,5400,3000.0
O03653,2025-11-24,C0519,Sneha Patel,Female,48,Lucknow,Uttar Pradesh,North,P001,Laptop,Electronics,1,55000,0.15,46750.0,42000,4750.0
O03654,2025-01-26,C0671,Simran Shah,Male,36,Ahmedabad,Gujarat,West,P019,Cushion Set,Home Decor,2,1200,0.1,2160.0,1200,960.0
O03655,2025-08-13,C0323,Sneha Gupta,Female,44,Kochi,Kerala,South,P011,Coffee Maker,Home Appliances,2,5500,0.2,8800.0,6800,2000.0
O03656,2025-11-13,C0471,Neha Sharma,Male,25,Kolkata,West Bengal,East,P018,Wall Clock,Home Decor,4,1500,0.1,5400.0,3200,2200.0
O03657,2025-06-03,C0254,Arjun Reddy,Male,25,Chennai,Tamil Nadu,South,P017,Table Lamp,Home Decor,2,1800,0.15,3060.0,1900,1160.0
O03658,2025-10-20,C0237,Sneha Shah,Female,55,Pune,Maharashtra,West,P017,Table Lamp,Home Decor,1,1800,0.05,1710.0,950,760.0
O03659,2025-04-05,C0642,Meera Joshi,Male,35,Chennai,Tamil Nadu,South,P014,T-Shirt,Fashion,3,1200,0.05,3420.0,1950,1470.0
O03660,2025-08-13,C0342,Rahul Mehta,Male,40,Pune,Maharashtra,West,P006,Desk,Furniture,1,12000,0.1,10800.0,8500,2300.0
O03661,2025-09-24,C0149,Neha Mehta,Female,50,Jaipur,Rajasthan,North,P007,Bookshelf,Furniture,1,7000,0.25,5250.0,4800,450.0
O03662,2025-02-10,C0142,Arjun Verma,Female,36,Delhi,Delhi,North,P006,Desk,Furniture,1,12000,0.1,10800.0,8500,2300.0
O03663,2025-05-13,C0771,Simran Nair,Male,57,Hyderabad,Telangana,South,P001,Laptop,Electronics,3,55000,0.2,132000.0,126000,6000.0
O03664,2025-03-07,C0555,Rahul Iyer,Male,45,Chennai,Tamil Nadu,South,P012,Air Fryer,Home Appliances,1,7500,0.15,6375.0,4800,1575.0
O03665,2025-07-29,C0424,Isha Iyer,Male,20,Lucknow,Uttar Pradesh,North,P014,T-Shirt,Fashion,1,1200,0.15,1020.0,650,370.0
O03666,2025-06-02,C0297,Sneha Desai,Male,51,Kochi,Kerala,South,P018,Wall Clock,Home Decor,4,1500,0.1,5400.0,3200,2200.0
O03667,2025-06-21,C0322,Varun Nair,Male,26,Bhubaneswar,Odisha,East,P003,Headphones,Electronics,3,2500,0.1,6750.0,4200,2550.0
O03668,2025-11-21,C0039,Ananya Kapoor,Male,35,Jaipur,Rajasthan,North,P011,Coffee Maker,Home Appliances,1,5500,0.05,5225.0,3400,1825.0
O03669,2025-02-28,C0343,Arjun Verma,Female,38,Kochi,Kerala,South,P001,Laptop,Electronics,2,55000,0.25,82500.0,84000,-1500.0
O03670,2025-07-03,C0689,Rahul Desai,Male,45,Bhubaneswar,Odisha,East,P002,Smartphone,Electronics,3,28000,0.25,63000.0,64500,-1500.0
O03671,2025-06-29,C0286,Simran Desai,Male,47,Bhubaneswar,Odisha,East,P001,Laptop,Electronics,1,55000,0.15,46750.0,42000,4750.0
O03672,2025-11-18,C0283,Karan Joshi,Male,41,Ahmedabad,Gujarat,West,P015,Jeans,Fashion,3,2500,0.05,7125.0,4200,2925.0
O03673,2025-11-20,C0011,Priya Patel,Male,47,Kochi,Kerala,South,P002,Smartphone,Electronics,2,28000,0.05,53200.0,43000,10200.0
O03674,2025-01-12,C0345,Meera Desai,Male,60,Mumbai,Maharashtra,West,P014,T-Shirt,Fashion,2,1200,0.25,1800.0,1300,500.0
O03675,2025-03-09,C0017,Raj Kapoor,Female,32,Chennai,Tamil Nadu,South,P005,Office Chair,Furniture,1,8500,0.0,8500.0,6000,2500.0
O03676,2025-11-25,C0447,Simran Khan,Female,51,Pune,Maharashtra,West,P018,Wall Clock,Home Decor,2,1500,0.2,2400.0,1600,800.0
O03677,2025-07-21,C0388,Pooja Sharma,Male,50,Chennai,Tamil Nadu,South,P017,Table Lamp,Home Decor,1,1800,0.1,1620.0,950,670.0
O03678,2025-01-06,C0745,Rohan Kapoor,Female,25,Bhubaneswar,Odisha,East,P020,Notebook Set,Stationery,2,500,0.1,900.0,440,460.0
O03679,2025-01-15,C0458,Varun Desai,Female,33,Jaipur,Rajasthan,North,P019,Cushion Set,Home Decor,1,1200,0.15,1020.0,600,420.0
O03680,2025-02-11,C0234,Rahul Sharma,Male,49,Lucknow,Uttar Pradesh,North,P020,Notebook Set,Stationery,1,500,0.0,500.0,220,280.0
O03681,2025-01-31,C0397,Aarav Gupta,Male,35,Chennai,Tamil Nadu,South,P018,Wall Clock,Home Decor,1,1500,0.1,1350.0,800,550.0
O03682,2025-06-30,C0578,Raj Shah,Male,60,Chennai,Tamil Nadu,South,P014,T-Shirt,Fashion,3,1200,0.25,2700.0,1950,750.0
O03683,2025-09-19,C0064,Arjun Sharma,Male,44,Hyderabad,Telangana,South,P003,Headphones,Electronics,1,2500,0.15,2125.0,1400,725.0
O03684,2025-10-16,C0496,Sneha Singh,Male,45,Lucknow,Uttar Pradesh,North,P005,Office Chair,Furniture,1,8500,0.15,7225.0,6000,1225.0
O03685,2025-01-21,C0855,Sneha Joshi,Male,50,Kochi,Kerala,South,P004,Smart Watch,Electronics,1,6500,0.15,5525.0,4000,1525.0
O03686,2025-07-01,C0215,Raj Verma,Male,18,Kolkata,West Bengal,East,P012,Air Fryer,Home Appliances,2,7500,0.0,15000.0,9600,5400.0
O03687,2025-07-03,C0502,Pooja Gupta,Female,59,Mumbai,Maharashtra,West,P010,Yoga Mat,Sports,1,1200,0.05,1140.0,650,490.0
O03688,2025-09-01,C0721,Amit Khan,Male,38,Mumbai,Maharashtra,West,P018,Wall Clock,Home Decor,3,1500,0.1,4050.0,2400,1650.0
O03689,2025-12-16,C0393,Neha Joshi,Male,41,Chennai,Tamil Nadu,South,P020,Notebook Set,Stationery,1,500,0.1,450.0,220,230.0
O03690,2025-05-29,C0598,Aarav Gupta,Female,39,Bengaluru,Karnataka,South,P008,Backpack,Accessories,1,2200,0.1,1980.0,1200,780.0
O03691,2025-09-13,C0225,Aarav Patel,Female,47,Chennai,Tamil Nadu,South,P010,Yoga Mat,Sports,2,1200,0.15,2040.0,1300,740.0
O03692,2025-04-10,C0221,Varun Reddy,Female,26,Hyderabad,Telangana,South,P020,Notebook Set,Stationery,4,500,0.0,2000.0,880,1120.0
O03693,2025-02-24,C0544,Varun Joshi,Male,47,Bengaluru,Karnataka,South,P005,Office Chair,Furniture,1,8500,0.15,7225.0,6000,1225.0
O03694,2025-07-05,C0584,Amit Reddy,Female,59,Jaipur,Rajasthan,North,P016,Jacket,Fashion,1,4500,0.0,4500.0,2700,1800.0
O03695,2025-11-16,C0887,Raj Joshi,Male,46,Hyderabad,Telangana,South,P004,Smart Watch,Electronics,1,6500,0.0,6500.0,4000,2500.0
O03696,2025-03-27,C0159,Neha Joshi,Female,45,Pune,Maharashtra,West,P014,T-Shirt,Fashion,2,1200,0.1,2160.0,1300,860.0
O03697,2025-06-23,C0354,Neha Shah,Male,47,Jaipur,Rajasthan,North,P005,Office Chair,Furniture,1,8500,0.0,6800.0,6000,800.0
O03698,2025-01-22,C0178,Nikhil Kapoor,Female,39,Kolkata,West Bengal,East,P019,Cushion Set,Home Decor,3,1200,0.05,3420.0,1800,1620.0
O03699,2025-09-01,C0055,Rahul Shah,Male,22,Bhubaneswar,Odisha,East,P011,Coffee Maker,Home Appliances,1,5500,0.1,4950.0,3400,1550.0
O03700,2025-03-01,C0299,Ananya Singh,Male,58,Ahmedabad,Gujarat,West,P003,Headphones,Electronics,1,2500,0.15,2125.0,1400,725.0
O03701,2025-04-14,C0275,Ananya Shah,Male,27,Bhubaneswar,Odisha,East,P004,Smart Watch,Electronics,1,6500,0.05,6175.0,4000,2175.0
O03702,2025-05-19,C0193,Kavya Joshi,Male,47,Mumbai,Maharashtra,West,P010,Yoga Mat,Sports,2,1200,0.1,2160.0,1300,860.0
O03703,2025-10-30,C0214,Karan Mehta,Male,26,Hyderabad,Telangana,South,P020,Notebook Set,Stationery,2,500,0.2,800.0,440,360.0
O03704,2025-06-08,C0264,Varun Patel,Female,47,Kolkata,West Bengal,East,P016,Jacket,Fashion,1,4500,0.1,4050.0,2700,1350.0
O03705,2025-08-20,C0979,Rohan Reddy,Female,42,Pune,Maharashtra,West,P010,Yoga Mat,Sports,4,1200,0.05,4560.0,2600,1960.0
O03706,2025-03-18,C0673,Nikhil Shah,Female,24,Jaipur,Rajasthan,North,P007,Bookshelf,Furniture,1,7000,0.1,6300.0,4800,1500.0
O03707,2025-01-18,C0049,Aarav Reddy,Male,51,Bhubaneswar,Odisha,East,P011,Coffee Maker,Home Appliances,2,5500,0.1,9900.0,6800,3100.0
O03708,2025-01-22,C0790,Priya Joshi,Male,29,Kolkata,West Bengal,East,P015,Jeans,Fashion,2,2500,0.0,5000.0,2800,2200.0
O03709,2025-07-03,C0509,Kavya Reddy,Female,25,Lucknow,Uttar Pradesh,North,P016,Jacket,Fashion,1,4500,0.0,4500.0,2700,1800.0
O03710,2025-05-25,C0816,Aditi Iyer,Female,36,Pune,Maharashtra,West,P007,Bookshelf,Furniture,3,7000,0.05,19950.0,14400,5550.0
O03711,2025-02-07,C0249,Ananya Khan,Male,30,Chennai,Tamil Nadu,South,P015,Jeans,Fashion,3,2500,0.05,7125.0,4200,2925.0
O03712,2025-10-08,C0351,Priya Reddy,Male,34,Pune,Maharashtra,West,P014,T-Shirt,Fashion,1,1200,0.05,1140.0,650,490.0
O03713,2025-10-15,C0824,Aditi Khan,Male,52,Pune,Maharashtra,West,P020,Notebook Set,Stationery,2,500,0.1,900.0,440,460.0
O03714,2025-05-23,C0195,Karan Reddy,Female,36,Jaipur,Rajasthan,North,P020,Notebook Set,Stationery,1,500,0.1,450.0,220,230.0
O03715,2025-01-13,C0853,Ananya Patel,Male,34,Bhubaneswar,Odisha,East,P016,Jacket,Fashion,2,4500,0.2,7200.0,5400,1800.0
O03716,2025-07-05,C0730,Nikhil Nair,Female,58,Ahmedabad,Gujarat,West,P015,Jeans,Fashion,1,2500,0.1,2250.0,1400,850.0
O03717,2025-09-24,C0963,Amit Patel,Male,53,Kolkata,West Bengal,East,P005,Office Chair,Furniture,3,8500,0.2,20400.0,18000,2400.0
O03718,2025-09-26,C0235,Pooja Kapoor,Female,51,Hyderabad,Telangana,South,P017,Table Lamp,Home Decor,1,1800,0.1,1620.0,950,670.0
O03719,2025-04-07,C0167,Aditi Singh,Female,50,Kochi,Kerala,South,P009,Running Shoes,Sports,1,4500,0.0,4500.0,2700,1800.0
O03720,2025-12-23,C0240,Aarav Kapoor,Female,57,Hyderabad,Telangana,South,P005,Office Chair,Furniture,1,8500,0.1,7650.0,6000,1650.0
O03721,2025-10-21,C0917,Ananya Desai,Male,44,Hyderabad,Telangana,South,P008,Backpack,Accessories,1,2200,0.15,1870.0,1200,670.0
O03722,2025-01-01,C0242,Kavya Gupta,Female,51,Kolkata,West Bengal,East,P017,Table Lamp,Home Decor,2,1800,0.05,3420.0,1900,1520.0
O03723,2025-10-22,C0442,Amit Nair,Female,29,Mumbai,Maharashtra,West,P003,Headphones,Electronics,1,2500,0.0,2500.0,1400,1100.0
O03724,2025-01-27,C0299,Ananya Singh,Male,58,Ahmedabad,Gujarat,West,P009,Running Shoes,Sports,2,4500,0.05,8550.0,5400,3150.0
O03725,2025-02-05,C0293,Pooja Mehta,Male,48,Kochi,Kerala,South,P010,Yoga Mat,Sports,1,1200,0.1,1080.0,650,430.0
O03726,2025-06-09,C0135,Isha Desai,Male,22,Bengaluru,Karnataka,South,P001,Laptop,Electronics,2,55000,0.05,104500.0,84000,20500.0
O03727,2025-01-31,C0416,Nikhil Reddy,Male,19,Jaipur,Rajasthan,North,P004,Smart Watch,Electronics,2,6500,0.05,12350.0,8000,4350.0
O03728,2025-05-07,C0758,Amit Khan,Male,34,Bengaluru,Karnataka,South,P017,Table Lamp,Home Decor,5,1800,0.05,8550.0,4750,3800.0
O03729,2025-09-19,C0034,Priya Gupta,Female,18,Ahmedabad,Gujarat,West,P017,Table Lamp,Home Decor,5,1800,0.15,7650.0,4750,2900.0
O03730,2025-12-11,C0814,Vikram Mehta,Female,50,Ahmedabad,Gujarat,West,P006,Desk,Furniture,3,12000,0.1,32400.0,25500,6900.0
O03731,2025-07-29,C0542,Aditi Kapoor,Male,47,Kolkata,West Bengal,East,P018,Wall Clock,Home Decor,2,1500,0.1,2700.0,1600,1100.0
O03732,2025-05-30,C0492,Priya Verma,Male,37,Delhi,Delhi,North,P016,Jacket,Fashion,1,4500,0.1,4050.0,2700,1350.0
O03733,2025-01-31,C0501,Sneha Sharma,Male,24,Delhi,Delhi,North,P009,Running Shoes,Sports,2,4500,0.1,8100.0,5400,2700.0
O03734,2025-04-10,C0213,Ananya Gupta,Female,22,Kolkata,West Bengal,East,P015,Jeans,Fashion,4,2500,0.05,9500.0,5600,3900.0
O03735,2025-11-25,C0309,Priya Joshi,Male,34,Lucknow,Uttar Pradesh,North,P020,Notebook Set,Stationery,1,500,0.1,450.0,220,230.0
O03736,2025-10-29,C0693,Priya Iyer,Male,52,Pune,Maharashtra,West,P009,Running Shoes,Sports,2,4500,0.0,9000.0,5400,3600.0
O03737,2025-12-19,C0221,Varun Reddy,Female,26,Hyderabad,Telangana,South,P004,Smart Watch,Electronics,1,6500,0.1,5850.0,4000,1850.0
O03738,2025-08-07,C0356,Rahul Desai,Female,38,Kolkata,West Bengal,East,P020,Notebook Set,Stationery,2,500,0.1,900.0,440,460.0
O03739,2025-09-10,C0014,Nikhil Iyer,Male,20,Pune,Maharashtra,West,P012,Air Fryer,Home Appliances,1,7500,0.05,7125.0,4800,2325.0
O03740,2025-06-20,C0616,Amit Gupta,Female,54,Bhubaneswar,Odisha,East,P002,Smartphone,Electronics,2,28000,0.05,53200.0,43000,10200.0
O03741,2025-09-14,C0311,Neha Shah,Male,41,Ahmedabad,Gujarat,West,P012,Air Fryer,Home Appliances,2,7500,0.05,14250.0,9600,4650.0
O03742,2025-02-26,C0405,Meera Patel,Male,53,Kolkata,West Bengal,East,P010,Yoga Mat,Sports,4,1200,0.0,4800.0,2600,2200.0
O03743,2025-01-09,C0079,Ananya Nair,Female,26,Ahmedabad,Gujarat,West,P018,Wall Clock,Home Decor,2,1500,0.1,2700.0,1600,1100.0
O03744,2025-01-05,C0984,Simran Reddy,Male,26,Bengaluru,Karnataka,South,P011,Coffee Maker,Home Appliances,3,5500,0.25,12375.0,10200,2175.0
O03745,2025-12-01,C0218,Meera Reddy,Female,19,Kolkata,West Bengal,East,P005,Office Chair,Furniture,1,8500,0.1,7650.0,6000,1650.0
O03746,2025-04-24,C0510,Aditi Nair,Male,57,Delhi,Delhi,North,P014,T-Shirt,Fashion,1,1200,0.1,1080.0,650,430.0
O03747,2025-09-22,C0458,Varun Desai,Female,33,Jaipur,Rajasthan,North,P011,Coffee Maker,Home Appliances,1,5500,0.15,4675.0,3400,1275.0
O03748,2025-06-22,C0676,Varun Sharma,Male,22,Hyderabad,Telangana,South,P004,Smart Watch,Electronics,1,6500,0.15,5525.0,4000,1525.0
O03749,2025-08-08,C0211,Sneha Reddy,Female,57,Ahmedabad,Gujarat,West,P012,Air Fryer,Home Appliances,1,7500,0.2,6000.0,4800,1200.0
O03750,2025-07-24,C0641,Aarav Joshi,Female,34,Bhubaneswar,Odisha,East,P017,Table Lamp,Home Decor,2,1800,0.2,2880.0,1900,980.0
O03751,2025-01-24,C0282,Nikhil Joshi,Male,45,Mumbai,Maharashtra,West,P001,Laptop,Electronics,2,55000,0.15,93500.0,84000,9500.0
O03752,2025-06-19,C0306,Meera Reddy,Male,49,Bhubaneswar,Odisha,East,P013,Mixer Grinder,Home Appliances,2,4200,0.25,6300.0,5400,900.0
O03753,2025-04-13,C0549,Simran Nair,Male,50,Delhi,Delhi,North,P008,Backpack,Accessories,1,2200,0.05,2090.0,1200,890.0
O03754,2025-03-01,C0675,Nikhil Patel,Male,57,Pune,Maharashtra,West,P006,Desk,Furniture,1,12000,0.1,10800.0,8500,2300.0
O03755,2025-03-27,C0543,Neha Khan,Male,20,Jaipur,Rajasthan,North,P008,Backpack,Accessories,2,2200,0.2,3520.0,2400,1120.0
O03756,2025-09-12,C0829,Rahul Reddy,Male,27,Lucknow,Uttar Pradesh,North,P007,Bookshelf,Furniture,1,7000,0.1,6300.0,4800,1500.0
O03757,2025-06-14,C0204,Varun Desai,Female,53,Pune,Maharashtra,West,P017,Table Lamp,Home Decor,1,1800,0.25,1350.0,950,400.0
O03758,2025-06-16,C0830,Isha Nair,Male,42,Pune,Maharashtra,West,P005,Office Chair,Furniture,1,8500,0.0,8500.0,6000,2500.0
O03759,2025-03-25,C0090,Simran Nair,Female,51,Pune,Maharashtra,West,P015,Jeans,Fashion,1,2500,0.1,2250.0,1400,850.0
O03760,2025-07-21,C0536,Neha Kapoor,Male,39,Delhi,Delhi,North,P002,Smartphone,Electronics,1,28000,0.0,21000.0,21500,-500.0
O03761,2025-03-31,C0426,Ananya Khan,Male,34,Mumbai,Maharashtra,West,P020,Notebook Set,Stationery,1,500,0.1,450.0,220,230.0
O03762,2025-03-30,C0378,Isha Joshi,Female,30,Lucknow,Uttar Pradesh,North,P013,Mixer Grinder,Home Appliances,1,4200,0.15,3570.0,2700,870.0
O03763,2025-04-30,C0224,Aarav Shah,Female,21,Hyderabad,Telangana,South,P014,T-Shirt,Fashion,2,1200,0.0,2400.0,1300,1100.0
O03764,2025-06-05,C0386,Nikhil Singh,Male,28,Lucknow,Uttar Pradesh,North,P006,Desk,Furniture,1,12000,0.15,10200.0,8500,1700.0
O03765,2025-07-07,C0112,Sneha Shah,Male,35,Jaipur,Rajasthan,North,P009,Running Shoes,Sports,1,4500,0.2,3600.0,2700,900.0
O03766,2025-07-07,C0271,Ananya Shah,Female,48,Kolkata,West Bengal,East,P004,Smart Watch,Electronics,3,6500,0.1,17550.0,12000,5550.0
O03767,2025-09-19,C0068,Rahul Shah,Male,47,Kolkata,West Bengal,East,P020,Notebook Set,Stationery,3,500,0.0,1500.0,660,840.0
O03768,2025-02-21,C0449,Pooja Khan,Male,23,Chennai,Tamil Nadu,South,P010,Yoga Mat,Sports,1,1200,0.0,1200.0,650,550.0
O03769,2025-05-20,C0066,Raj Kapoor,Male,23,Lucknow,Uttar Pradesh,North,P013,Mixer Grinder,Home Appliances,4,4200,0.2,13440.0,10800,2640.0
O03770,2025-01-19,C0111,Aditi Singh,Female,52,Bengaluru,Karnataka,South,P015,Jeans,Fashion,1,2500,0.15,2125.0,1400,725.0
O03771,2025-03-16,C0059,Neha Reddy,Male,28,Mumbai,Maharashtra,West,P008,Backpack,Accessories,1,2200,0.0,2200.0,1200,1000.0
O03772,2025-08-18,C0281,Rahul Reddy,Male,31,Kolkata,West Bengal,East,P015,Jeans,Fashion,5,2500,0.0,12500.0,7000,5500.0
O03773,2025-05-10,C0748,Varun Khan,Female,59,Mumbai,Maharashtra,West,P014,T-Shirt,Fashion,3,1200,0.15,3060.0,1950,1110.0
O03774,2025-02-24,C0840,Varun Khan,Female,31,Delhi,Delhi,North,P014,T-Shirt,Fashion,1,1200,0.15,1020.0,650,370.0
O03775,2025-09-28,C0049,Aarav Reddy,Male,51,Bhubaneswar,Odisha,East,P010,Yoga Mat,Sports,2,1200,0.05,2280.0,1300,980.0
O03776,2025-04-10,C0510,Aditi Nair,Male,57,Delhi,Delhi,North,P008,Backpack,Accessories,2,2200,0.05,4180.0,2400,1780.0
O03777,2025-03-10,C0562,Raj Mehta,Male,29,Bhubaneswar,Odisha,East,P004,Smart Watch,Electronics,1,6500,0.15,5525.0,4000,1525.0
O03778,2025-10-26,C0413,Nikhil Singh,Female,54,Delhi,Delhi,North,P017,Table Lamp,Home Decor,1,1800,0.1,1620.0,950,670.0
O03779,2025-01-17,C0543,Neha Khan,Male,20,Jaipur,Rajasthan,North,P012,Air Fryer,Home Appliances,1,7500,0.25,5625.0,4800,825.0
O03780,2025-12-20,C0165,Karan Verma,Female,34,Mumbai,Maharashtra,West,P009,Running Shoes,Sports,3,4500,0.1,12150.0,8100,4050.0
O03781,2025-04-26,C0373,Amit Singh,Male,24,Ahmedabad,Gujarat,West,P020,Notebook Set,Stationery,1,500,0.15,425.0,220,205.0
O03782,2025-06-01,C0289,Ananya Reddy,Female,40,Hyderabad,Telangana,South,P001,Laptop,Electronics,3,55000,0.1,148500.0,126000,22500.0
O03783,2025-11-26,C0062,Rahul Verma,Male,44,Kolkata,West Bengal,East,P018,Wall Clock,Home Decor,1,1500,0.2,1200.0,800,400.0
O03784,2025-04-26,C0501,Sneha Sharma,Male,24,Delhi,Delhi,North,P020,Notebook Set,Stationery,1,500,0.1,450.0,220,230.0
O03785,2025-01-30,C0378,Isha Joshi,Female,30,Lucknow,Uttar Pradesh,North,P019,Cushion Set,Home Decor,2,1200,0.05,2280.0,1200,1080.0
O03786,2025-11-19,C0197,Ananya Nair,Female,43,Chennai,Tamil Nadu,South,P017,Table Lamp,Home Decor,2,1800,0.05,3420.0,1900,1520.0
O03787,2025-02-20,C0359,Aarav Singh,Male,36,Lucknow,Uttar Pradesh,North,P008,Backpack,Accessories,1,2200,0.2,1760.0,1200,560.0
O03788,2025-03-01,C0664,Kavya Patel,Male,21,Mumbai,Maharashtra,West,P004,Smart Watch,Electronics,1,6500,0.1,5850.0,4000,1850.0
O03789,2025-08-17,C0696,Rohan Shah,Female,20,Lucknow,Uttar Pradesh,North,P015,Jeans,Fashion,2,2500,0.1,4500.0,2800,1700.0
O03790,2025-09-16,C0525,Neha Iyer,Male,28,Chennai,Tamil Nadu,South,P006,Desk,Furniture,1,12000,0.1,10800.0,8500,2300.0
O03791,2025-12-26,C0354,Neha Shah,Male,47,Jaipur,Rajasthan,North,P003,Headphones,Electronics,1,2500,0.05,2375.0,1400,975.0
O03792,2025-01-05,C0452,Varun Joshi,Male,49,Bengaluru,Karnataka,South,P016,Jacket,Fashion,2,4500,0.0,9000.0,5400,3600.0
O03793,2025-01-28,C0284,Arjun Desai,Male,32,Hyderabad,Telangana,South,P006,Desk,Furniture,2,12000,0.05,22800.0,17000,5800.0
O03794,2025-09-11,C0087,Amit Shah,Female,54,Jaipur,Rajasthan,North,P019,Cushion Set,Home Decor,1,1200,0.1,1080.0,600,480.0
O03795,2025-12-30,C0284,Arjun Desai,Male,32,Hyderabad,Telangana,South,P017,Table Lamp,Home Decor,2,1800,0.15,3060.0,1900,1160.0
O03796,2025-08-19,C0410,Priya Sharma,Male,27,Pune,Maharashtra,West,P017,Table Lamp,Home Decor,3,1800,0.15,4590.0,2850,1740.0
O03797,2025-12-23,C0475,Simran Shah,Male,20,Chennai,Tamil Nadu,South,P016,Jacket,Fashion,1,4500,0.2,3600.0,2700,900.0
O03798,2025-07-19,C0885,Arjun Nair,Male,25,Lucknow,Uttar Pradesh,North,P018,Wall Clock,Home Decor,2,1500,0.1,2700.0,1600,1100.0
O03799,2025-11-28,C0667,Rahul Singh,Male,38,Delhi,Delhi,North,P016,Jacket,Fashion,1,4500,0.15,3825.0,2700,1125.0
O03800,2025-09-28,C0105,Rahul Sharma,Female,52,Jaipur,Rajasthan,North,P012,Air Fryer,Home Appliances,1,7500,0.0,7500.0,4800,2700.0
O03801,2025-12-05,C0121,Priya Nair,Female,45,Jaipur,Rajasthan,North,P006,Desk,Furniture,1,12000,0.0,12000.0,8500,3500.0
O03802,2025-10-31,C0069,Pooja Joshi,Female,59,Unknown,Uttar Pradesh,North,P019,Cushion Set,Home Decor,1,1200,0.05,1140.0,600,540.0
O03803,2025-02-15,C0621,Simran Gupta,Male,27,Chennai,Tamil Nadu,South,P017,Table Lamp,Home Decor,3,1800,0.1,4860.0,2850,2010.0
O03804,2025-01-28,C0585,Sneha Mehta,Female,25,Hyderabad,Telangana,South,P010,Yoga Mat,Sports,1,1200,0.05,1140.0,650,490.0
O03805,2025-01-07,C0974,Vikram Iyer,Male,34,Kolkata,West Bengal,East,P001,Laptop,Electronics,2,55000,0.05,104500.0,84000,20500.0
O03806,2025-08-20,C0402,Amit Verma,Male,45,Kolkata,West Bengal,East,P013,Mixer Grinder,Home Appliances,1,4200,0.15,3570.0,2700,870.0
O03807,2025-07-18,C0728,Sneha Verma,Male,55,Ahmedabad,Gujarat,West,P001,Laptop,Electronics,1,55000,0.1,49500.0,42000,7500.0
O03808,2025-04-04,C0453,Arjun Joshi,Male,42,Bhubaneswar,Odisha,East,P019,Cushion Set,Home Decor,2,1200,0.1,2160.0,1200,960.0
O03809,2025-03-23,C0792,Amit Kapoor,Male,34,Kochi,Kerala,South,P020,Notebook Set,Stationery,3,500,0.1,1350.0,660,690.0
O03810,2025-03-29,C0602,Vikram Shah,Female,53,Delhi,Delhi,North,P003,Headphones,Electronics,3,2500,0.05,7125.0,4200,2925.0
O03811,2025-07-05,C0518,Nikhil Singh,Female,41,Ahmedabad,Gujarat,West,P014,T-Shirt,Fashion,3,1200,0.0,3600.0,1950,1650.0
O03812,2025-08-31,C0442,Amit Nair,Female,29,Mumbai,Maharashtra,West,P002,Smartphone,Electronics,1,28000,0.05,26600.0,21500,5100.0
O03813,2025-03-09,C0604,Vikram Verma,Female,45,Kochi,Kerala,South,P015,Jeans,Fashion,3,2500,0.0,7500.0,4200,3300.0
O03814,2025-11-07,C0313,Aditi Singh,Female,58,Pune,Maharashtra,West,P007,Bookshelf,Furniture,1,7000,0.1,6300.0,4800,1500.0
O03815,2025-07-06,C0066,Raj Kapoor,Male,23,Lucknow,Uttar Pradesh,North,P014,T-Shirt,Fashion,2,1200,0.15,2040.0,1300,740.0
O03816,2025-08-27,C0027,Raj Reddy,Male,51,Kochi,Kerala,South,P008,Backpack,Accessories,4,2200,0.05,8360.0,4800,3560.0
O03817,2025-08-06,C0364,Priya Patel,Female,54,Bengaluru,Karnataka,South,P003,Headphones,Electronics,1,2500,0.1,2250.0,1400,850.0
O03818,2025-04-18,C0475,Simran Shah,Male,20,Chennai,Tamil Nadu,South,P008,Backpack,Accessories,1,2200,0.15,1870.0,1200,670.0
O03819,2025-11-03,C0054,Aarav Iyer,Female,21,Mumbai,Maharashtra,West,P002,Smartphone,Electronics,2,28000,0.05,53200.0,43000,10200.0
O03820,2025-02-07,C0206,Kavya Gupta,Female,54,Kochi,Kerala,South,P012,Air Fryer,Home Appliances,2,7500,0.0,15000.0,9600,5400.0
O03821,2025-12-15,C0233,Pooja Reddy,Male,30,Pune,Maharashtra,West,P001,Laptop,Electronics,1,55000,0.1,49500.0,42000,7500.0
O03822,2025-10-03,C0440,Raj Desai,Male,57,Pune,Maharashtra,West,P010,Yoga Mat,Sports,4,1200,0.15,4080.0,2600,1480.0
O03823,2025-01-10,C0199,Neha Kapoor,Female,24,Ahmedabad,Gujarat,West,P019,Cushion Set,Home Decor,2,1200,0.1,2160.0,1200,960.0
O03824,2025-01-26,C0066,Raj Kapoor,Male,23,Lucknow,Uttar Pradesh,North,P017,Table Lamp,Home Decor,1,1800,0.15,1530.0,950,580.0
O03825,2025-02-17,C0115,Amit Khan,Male,41,Ahmedabad,Gujarat,West,P019,Cushion Set,Home Decor,1,1200,0.0,1200.0,600,600.0
O03826,2025-12-13,C0121,Priya Nair,Female,45,Jaipur,Rajasthan,North,P019,Cushion Set,Home Decor,3,1200,0.1,3240.0,1800,1440.0
O03827,2025-01-14,C0749,Meera Iyer,Female,27,Lucknow,Uttar Pradesh,North,P002,Smartphone,Electronics,1,28000,0.05,26600.0,21500,5100.0
O03828,2025-04-10,C0204,Varun Desai,Female,53,Pune,Maharashtra,West,P003,Headphones,Electronics,1,2500,0.15,2125.0,1400,725.0
O03829,2025-07-06,C0594,Amit Joshi,Female,37,Chennai,Tamil Nadu,South,P011,Coffee Maker,Home Appliances,2,5500,0.2,8800.0,6800,2000.0
O03830,2025-01-12,C0445,Neha Sharma,Male,47,Hyderabad,Telangana,South,P019,Cushion Set,Home Decor,2,1200,0.05,2280.0,1200,1080.0
O03831,2025-10-06,C0956,Simran Kapoor,Female,47,Mumbai,Maharashtra,West,P020,Notebook Set,Stationery,2,500,0.0,1000.0,440,560.0
O03832,2025-12-07,C0195,Karan Reddy,Female,36,Jaipur,Rajasthan,North,P001,Laptop,Electronics,1,55000,0.05,52250.0,42000,10250.0
O03833,2025-11-24,C0110,Aarav Verma,Male,34,Bengaluru,Karnataka,South,P008,Backpack,Accessories,2,2200,0.0,4400.0,2400,2000.0
O03834,2025-06-16,C0036,Meera Shah,Female,36,Bhubaneswar,Odisha,East,P004,Smart Watch,Electronics,4,6500,0.05,24700.0,16000,8700.0
O03835,2025-05-02,C0171,Isha Verma,Male,55,Bengaluru,Karnataka,South,P015,Jeans,Fashion,1,2500,0.1,2250.0,1400,850.0
O03836,2025-04-05,C0561,Priya Nair,Male,43,Bengaluru,Karnataka,South,P013,Mixer Grinder,Home Appliances,2,4200,0.25,6300.0,5400,900.0
O03837,2025-01-25,C0058,Rohan Desai,Male,20,Bhubaneswar,Odisha,East,P003,Headphones,Electronics,4,2500,0.1,9000.0,5600,3400.0
O03838,2025-01-17,C0174,Sneha Reddy,Male,30,Lucknow,Uttar Pradesh,North,P010,Yoga Mat,Sports,2,1200,0.05,2280.0,1300,980.0
O03839,2025-01-29,C0766,Arjun Shah,Female,53,Bhubaneswar,Odisha,East,P014,T-Shirt,Fashion,2,1200,0.05,2280.0,1300,980.0
O03840,2025-11-19,C0459,Rahul Reddy,Male,60,Bhubaneswar,Odisha,East,P016,Jacket,Fashion,1,4500,0.05,4275.0,2700,1575.0
O03841,2025-12-07,C0048,Rohan Desai,Female,25,Kolkata,West Bengal,East,P001,Laptop,Electronics,2,55000,0.05,104500.0,84000,20500.0
O03842,2025-11-09,C0033,Aditi Kapoor,Male,18,Bengaluru,Karnataka,South,P019,Cushion Set,Home Decor,2,1200,0.15,2040.0,1200,840.0
O03843,2025-03-13,C0042,Neha Singh,Female,60,Chennai,Tamil Nadu,South,P011,Coffee Maker,Home Appliances,2,5500,0.0,11000.0,6800,4200.0
O03844,2025-09-27,C0895,Simran Gupta,Male,22,Jaipur,Rajasthan,North,P017,Table Lamp,Home Decor,5,1800,0.25,6750.0,4750,2000.0
O03845,2025-09-07,C0759,Sneha Joshi,Female,21,Ahmedabad,Gujarat,West,P017,Table Lamp,Home Decor,1,1800,0.1,1620.0,950,670.0
O03846,2025-10-22,C0752,Arjun Patel,Female,26,Bengaluru,Karnataka,South,P003,Headphones,Electronics,1,2500,0.1,2250.0,1400,850.0
O03847,2025-05-24,C0867,Rahul Nair,Male,56,Bhubaneswar,Odisha,East,P002,Smartphone,Electronics,1,28000,0.1,25200.0,21500,3700.0
O03848,2025-10-01,C0387,Pooja Desai,Male,39,Hyderabad,Telangana,South,P015,Jeans,Fashion,2,2500,0.15,4250.0,2800,1450.0
O03849,2025-08-11,C0176,Priya Verma,Male,33,Chennai,Tamil Nadu,South,P003,Headphones,Electronics,1,2500,0.1,2250.0,1400,850.0
O03850,2025-03-16,C0297,Sneha Desai,Male,51,Kochi,Kerala,South,P018,Wall Clock,Home Decor,2,1500,0.05,2850.0,1600,1250.0
O03851,2025-04-12,C0599,Varun Khan,Female,26,Bhubaneswar,Odisha,East,P015,Jeans,Fashion,1,2500,0.05,2375.0,1400,975.0
O03852,2025-01-20,C0795,Ananya Iyer,Female,32,Bengaluru,Karnataka,South,P017,Table Lamp,Home Decor,1,1800,0.2,1440.0,950,490.0
O03853,2025-04-27,C0326,Varun Joshi,Male,53,Chennai,Tamil Nadu,South,P006,Desk,Furniture,1,12000,0.05,11400.0,8500,2900.0
O03854,2025-06-23,C0414,Ananya Shah,Female,55,Kolkata,West Bengal,East,P006,Desk,Furniture,3,12000,0.1,32400.0,25500,6900.0
O03855,2025-06-22,C0879,Amit Sharma,Male,37,Bengaluru,Karnataka,South,P014,T-Shirt,Fashion,2,1200,0.1,2160.0,1300,860.0
O03856,2025-01-04,C0074,Simran Nair,Male,52,Bengaluru,Karnataka,South,P001,Laptop,Electronics,4,55000,0.0,220000.0,168000,52000.0
O03857,2025-12-06,C0776,Kavya Kapoor,Female,18,Bhubaneswar,Odisha,East,P015,Jeans,Fashion,2,2500,0.05,4750.0,2800,1950.0
O03858,2025-05-28,C0111,Aditi Singh,Female,52,Bengaluru,Karnataka,South,P017,Table Lamp,Home Decor,1,1800,0.05,1710.0,950,760.0
O03859,2025-04-24,C0368,Meera Iyer,Female,52,Delhi,Delhi,North,P009,Running Shoes,Sports,1,4500,0.15,3825.0,2700,1125.0
O03860,2025-11-17,C0154,Arjun Nair,Male,28,Lucknow,Uttar Pradesh,North,P015,Jeans,Fashion,5,2500,0.1,11250.0,7000,4250.0
O03861,2025-06-16,C0479,Aarav Singh,Male,51,Bhubaneswar,Odisha,East,P003,Headphones,Electronics,2,2500,0.15,4250.0,2800,1450.0
O03862,2025-10-27,C0436,Pooja Patel,Female,37,Kochi,Kerala,South,P007,Bookshelf,Furniture,1,7000,0.15,5950.0,4800,1150.0
O03863,2025-04-28,C0280,Rohan Khan,Male,49,Kolkata,West Bengal,East,P020,Notebook Set,Stationery,2,500,0.05,950.0,440,510.0
O03864,2025-04-10,C0777,Rohan Mehta,Female,40,Pune,Maharashtra,West,P020,Notebook Set,Stationery,1,500,0.1,450.0,220,230.0
O03865,2025-10-01,C0536,Neha Kapoor,Male,39,Delhi,Delhi,North,P010,Yoga Mat,Sports,1,1200,0.15,1020.0,650,370.0
O03866,2025-06-24,C0602,Vikram Shah,Female,53,Delhi,Delhi,North,P020,Notebook Set,Stationery,1,500,0.1,450.0,220,230.0
O03867,2025-06-08,C0105,Rahul Sharma,Female,52,Jaipur,Rajasthan,North,P010,Yoga Mat,Sports,3,1200,0.1,3240.0,1950,1290.0
O03868,2025-08-15,C0805,Nikhil Desai,Female,31,Lucknow,Uttar Pradesh,North,P006,Desk,Furniture,1,12000,0.15,10200.0,8500,1700.0
O03869,2025-02-07,C0116,Nikhil Gupta,Female,36,Kochi,Kerala,South,P005,Office Chair,Furniture,1,8500,0.0,8500.0,6000,2500.0
O03870,2025-07-17,C0157,Aarav Kapoor,Female,44,Kolkata,West Bengal,East,P020,Notebook Set,Stationery,1,500,0.15,425.0,220,205.0
O03871,2025-05-16,C0088,Rohan Kapoor,Female,58,Mumbai,Maharashtra,West,P003,Headphones,Electronics,1,2500,0.05,2375.0,1400,975.0
O03872,2025-04-14,C0330,Neha Nair,Male,36,Chennai,Tamil Nadu,South,P012,Air Fryer,Home Appliances,2,7500,0.1,13500.0,9600,3900.0
O03873,2025-07-12,C0811,Arjun Verma,Male,46,Lucknow,Uttar Pradesh,North,P011,Coffee Maker,Home Appliances,1,5500,0.05,5225.0,3400,1825.0
O03874,2025-09-07,C0179,Arjun Reddy,Male,46,Hyderabad,Telangana,South,P015,Jeans,Fashion,1,2500,0.15,2125.0,1400,725.0
O03875,2025-01-13,C0275,Ananya Shah,Male,27,Bhubaneswar,Odisha,East,P010,Yoga Mat,Sports,4,1200,0.1,4320.0,2600,1720.0
O03876,2025-02-24,C0753,Kavya Joshi,Male,34,Mumbai,Maharashtra,West,P005,Office Chair,Furniture,1,8500,0.15,7225.0,6000,1225.0
O03877,2025-12-10,C0493,Aditi Iyer,Male,28,Ahmedabad,Gujarat,West,P003,Headphones,Electronics,1,2500,0.15,2125.0,1400,725.0
O03878,2025-03-26,C0636,Neha Nair,Male,52,Hyderabad,Telangana,South,P013,Mixer Grinder,Home Appliances,1,4200,0.2,3360.0,2700,660.0
O03879,2025-04-19,C0151,Arjun Desai,Male,40,Bhubaneswar,Odisha,East,P015,Jeans,Fashion,2,2500,0.15,4250.0,2800,1450.0
O03880,2025-02-12,C0596,Rahul Singh,Female,39,Bhubaneswar,Odisha,East,P011,Coffee Maker,Home Appliances,3,5500,0.05,15675.0,10200,5475.0
O03881,2025-03-12,C0161,Aarav Reddy,Female,24,Kochi,Kerala,South,P015,Jeans,Fashion,1,2500,0.2,2000.0,1400,600.0
O03882,2025-09-25,C0976,Kavya Verma,Male,44,Ahmedabad,Gujarat,West,P003,Headphones,Electronics,3,2500,0.1,6750.0,4200,2550.0
O03883,2025-02-28,C0437,Nikhil Kapoor,Female,45,Pune,Maharashtra,West,P019,Cushion Set,Home Decor,2,1200,0.1,2160.0,1200,960.0
O03884,2025-02-13,C0574,Amit Kapoor,Female,46,Kolkata,West Bengal,East,P012,Air Fryer,Home Appliances,2,7500,0.2,12000.0,9600,2400.0
O03885,2025-09-29,C0082,Aditi Shah,Male,34,Jaipur,Rajasthan,North,P003,Headphones,Electronics,1,2500,0.05,2375.0,1400,975.0
O03886,2025-01-14,C0178,Nikhil Kapoor,Female,39,Kolkata,West Bengal,East,P009,Running Shoes,Sports,1,4500,0.05,4275.0,2700,1575.0
O03887,2025-04-22,C0097,Sneha Khan,Male,38,Delhi,Delhi,North,P017,Table Lamp,Home Decor,2,1800,0.1,3240.0,1900,1340.0
O03888,2025-11-10,C0288,Varun Sharma,Male,30,Chennai,Tamil Nadu,South,P019,Cushion Set,Home Decor,3,1200,0.15,3060.0,1800,1260.0
O03889,2025-08-16,C0204,Varun Desai,Female,53,Pune,Maharashtra,West,P005,Office Chair,Furniture,2,8500,0.1,15300.0,12000,3300.0
O03890,2025-06-18,C0615,Aarav Sharma,Female,39,Kolkata,West Bengal,East,P014,T-Shirt,Fashion,1,1200,0.1,1080.0,650,430.0
O03891,2025-10-18,C0075,Ananya Kapoor,Male,40,Pune,Maharashtra,West,P002,Smartphone,Electronics,1,28000,0.1,25200.0,21500,3700.0
O03892,2025-09-03,C0637,Rohan Verma,Male,56,Lucknow,Uttar Pradesh,North,P001,Laptop,Electronics,2,55000,0.1,99000.0,84000,15000.0
O03893,2025-09-23,C0031,Ananya Patel,Male,21,Kolkata,West Bengal,East,P011,Coffee Maker,Home Appliances,2,5500,0.15,9350.0,6800,2550.0
O03894,2025-12-03,C0142,Arjun Verma,Female,36,Delhi,Delhi,North,P014,T-Shirt,Fashion,1,1200,0.05,1140.0,650,490.0
O03895,2025-08-31,C0684,Rahul Iyer,Male,46,Hyderabad,Telangana,South,P016,Jacket,Fashion,1,4500,0.15,3825.0,2700,1125.0
O03896,2025-06-07,C0626,Varun Kapoor,Female,18,Ahmedabad,Gujarat,West,P007,Bookshelf,Furniture,1,7000,0.15,5950.0,4800,1150.0
O03897,2025-10-27,C0361,Isha Nair,Male,54,Bengaluru,Karnataka,South,P001,Laptop,Electronics,2,55000,0.1,99000.0,84000,15000.0
O03898,2025-11-23,C0034,Priya Gupta,Female,18,Ahmedabad,Gujarat,West,P010,Yoga Mat,Sports,2,1200,0.05,2280.0,1300,980.0
O03899,2025-01-18,C0485,Neha Singh,Male,43,Hyderabad,Telangana,South,P001,Laptop,Electronics,3,55000,0.0,165000.0,126000,39000.0
O03900,2025-03-24,C0302,Kavya Shah,Female,48,Pune,Maharashtra,West,P002,Smartphone,Electronics,2,28000,0.15,47600.0,43000,4600.0
O03901,2025-12-01,C0229,Rohan Singh,Male,52,Lucknow,Uttar Pradesh,North,P007,Bookshelf,Furniture,1,7000,0.05,6650.0,4800,1850.0
O03902,2025-08-19,C0516,Priya Joshi,Male,18,Mumbai,Maharashtra,West,P009,Running Shoes,Sports,2,4500,0.1,8100.0,5400,2700.0
O03903,2025-12-08,C0327,Arjun Nair,Male,35,Chennai,Tamil Nadu,South,P005,Office Chair,Furniture,5,8500,0.05,40375.0,30000,10375.0
O03904,2025-09-10,C0063,Sneha Khan,Female,60,Kochi,Kerala,South,P012,Air Fryer,Home Appliances,3,7500,0.1,20250.0,14400,5850.0
O03905,2025-06-16,C0854,Pooja Nair,Male,23,Pune,Maharashtra,West,P002,Smartphone,Electronics,3,28000,0.15,71400.0,64500,6900.0
O03906,2025-02-11,C0668,Priya Kapoor,Male,52,Kolkata,West Bengal,East,P003,Headphones,Electronics,1,2500,0.15,2125.0,1400,725.0
O03907,2025-09-06,C0039,Ananya Kapoor,Male,35,Jaipur,Rajasthan,North,P014,T-Shirt,Fashion,2,1200,0.1,2160.0,1300,860.0
O03908,2025-09-05,C0405,Meera Patel,Male,53,Kolkata,West Bengal,East,P003,Headphones,Electronics,3,2500,0.15,6375.0,4200,2175.0
O03909,2025-10-13,C0057,Vikram Reddy,Female,41,Jaipur,Rajasthan,North,P013,Mixer Grinder,Home Appliances,2,4200,0.15,7140.0,5400,1740.0
O03910,2025-01-20,C0742,Raj Shah,Female,39,Bengaluru,Karnataka,South,P002,Smartphone,Electronics,1,28000,0.05,26600.0,21500,5100.0
O03911,2025-12-18,C0488,Simran Reddy,Male,57,Lucknow,Uttar Pradesh,North,P008,Backpack,Accessories,4,2200,0.0,8800.0,4800,4000.0
O03912,2025-02-11,C0120,Vikram Reddy,Female,25,Ahmedabad,Gujarat,West,P003,Headphones,Electronics,1,2500,0.2,2000.0,1400,600.0
O03913,2025-12-11,C0014,Nikhil Iyer,Male,20,Pune,Maharashtra,West,P002,Smartphone,Electronics,1,28000,0.15,23800.0,21500,2300.0
O03914,2025-03-28,C0022,Vikram Joshi,Female,49,Bengaluru,Karnataka,South,P011,Coffee Maker,Home Appliances,1,5500,0.15,4675.0,3400,1275.0
O03915,2025-09-18,C0389,Varun Nair,Male,53,Kolkata,West Bengal,East,P019,Cushion Set,Home Decor,2,1200,0.0,2400.0,1200,1200.0
O03916,2025-11-02,C0616,Amit Gupta,Female,54,Bhubaneswar,Odisha,East,P002,Smartphone,Electronics,1,28000,0.15,23800.0,21500,2300.0
O03917,2025-10-24,C0083,Karan Kapoor,Female,49,Jaipur,Rajasthan,North,P009,Running Shoes,Sports,1,4500,0.1,4050.0,2700,1350.0
O03918,2025-12-16,C0156,Aarav Mehta,Female,31,Ahmedabad,Gujarat,West,P014,T-Shirt,Fashion,2,1200,0.2,1920.0,1300,620.0
O03919,2025-08-28,C0237,Sneha Shah,Female,55,Pune,Maharashtra,West,P010,Yoga Mat,Sports,3,1200,0.25,2700.0,1950,750.0
O03920,2025-06-16,C0154,Arjun Nair,Male,28,Lucknow,Uttar Pradesh,North,P016,Jacket,Fashion,2,4500,0.25,6750.0,5400,1350.0
O03921,2025-11-09,C0289,Ananya Reddy,Female,40,Hyderabad,Telangana,South,P003,Headphones,Electronics,1,2500,0.2,2000.0,1400,600.0
O03922,2025-08-07,C0437,Nikhil Kapoor,Female,45,Pune,Maharashtra,West,P020,Notebook Set,Stationery,2,500,0.0,1000.0,440,560.0
O03923,2025-05-13,C0562,Raj Mehta,Male,29,Bhubaneswar,Odisha,East,P008,Backpack,Accessories,1,2200,0.2,1760.0,1200,560.0
O03924,2025-07-26,C0933,Pooja Gupta,Male,32,Delhi,Delhi,North,P007,Bookshelf,Furniture,1,7000,0.0,7000.0,4800,2200.0
O03925,2025-02-20,C0877,Arjun Mehta,Female,36,Bhubaneswar,Odisha,East,P018,Wall Clock,Home Decor,1,1500,0.2,1200.0,800,400.0
O03926,2025-04-16,C0447,Simran Khan,Female,51,Pune,Maharashtra,West,P011,Coffee Maker,Home Appliances,3,5500,0.05,15675.0,10200,5475.0
O03927,2025-07-03,C0616,Amit Gupta,Female,54,Bhubaneswar,Odisha,East,P010,Yoga Mat,Sports,1,1200,0.1,1080.0,650,430.0
O03928,2025-07-20,C0910,Arjun Nair,Male,41,Bhubaneswar,Odisha,East,P015,Jeans,Fashion,1,2500,0.0,2500.0,1400,1100.0
O03929,2025-01-11,C0057,Vikram Reddy,Female,41,Jaipur,Rajasthan,North,P012,Air Fryer,Home Appliances,1,7500,0.15,6375.0,4800,1575.0
O03930,2025-09-11,C0004,Rohan Shah,Male,38,Mumbai,Maharashtra,West,P003,Headphones,Electronics,1,2500,0.0,2500.0,1400,1100.0
O03931,2025-05-30,C0020,Arjun Singh,Male,57,Lucknow,Uttar Pradesh,North,P014,T-Shirt,Fashion,4,1200,0.1,4320.0,2600,1720.0
O03932,2025-12-20,C0441,Raj Khan,Female,45,Kolkata,West Bengal,East,P003,Headphones,Electronics,4,2500,0.15,8500.0,5600,2900.0
O03933,2025-12-21,C0649,Raj Khan,Male,18,Chennai,Tamil Nadu,South,P016,Jacket,Fashion,1,4500,0.15,3825.0,2700,1125.0
O03934,2025-04-06,C0269,Aditi Verma,Male,42,Lucknow,Uttar Pradesh,North,P020,Notebook Set,Stationery,1,500,0.0,500.0,220,280.0
O03935,2025-04-16,C0424,Isha Iyer,Male,20,Lucknow,Uttar Pradesh,North,P008,Backpack,Accessories,1,2200,0.1,1980.0,1200,780.0
O03936,2025-05-23,C0397,Aarav Gupta,Male,35,Chennai,Tamil Nadu,South,P009,Running Shoes,Sports,3,4500,0.0,13500.0,8100,5400.0
O03937,2025-06-15,C0065,Arjun Singh,Female,59,Delhi,Delhi,North,P001,Laptop,Electronics,1,55000,0.15,46750.0,42000,4750.0
O03938,2025-01-01,C0233,Pooja Reddy,Male,30,Pune,Maharashtra,West,P001,Laptop,Electronics,1,55000,0.25,41250.0,42000,-750.0
O03939,2025-02-15,C0014,Nikhil Iyer,Male,20,Pune,Maharashtra,West,P019,Cushion Set,Home Decor,2,1200,0.15,2040.0,1200,840.0
O03940,2025-08-30,C0076,Rahul Joshi,Female,23,Lucknow,Uttar Pradesh,North,P003,Headphones,Electronics,1,2500,0.05,2375.0,1400,975.0
O03941,2025-12-10,C0709,Rahul Khan,Female,40,Kolkata,West Bengal,East,P009,Running Shoes,Sports,1,4500,0.1,4050.0,2700,1350.0
O03942,2025-10-05,C0731,Nikhil Shah,Male,22,Chennai,Tamil Nadu,South,P017,Table Lamp,Home Decor,1,1800,0.25,1350.0,950,400.0
O03943,2025-01-03,C0697,Karan Sharma,Male,41,Lucknow,Uttar Pradesh,North,P019,Cushion Set,Home Decor,1,1200,0.05,1140.0,600,540.0
O03944,2025-05-22,C0608,Meera Iyer,Female,38,Lucknow,Uttar Pradesh,North,P010,Yoga Mat,Sports,2,1200,0.1,2160.0,1300,860.0
O03945,2025-03-02,C0686,Kavya Mehta,Male,58,Lucknow,Uttar Pradesh,North,P011,Coffee Maker,Home Appliances,4,5500,0.1,19800.0,13600,6200.0
O03946,2025-10-21,C0547,Rohan Verma,Female,25,Pune,Maharashtra,West,P014,T-Shirt,Fashion,1,1200,0.15,1020.0,650,370.0
O03947,2025-08-13,C0546,Priya Verma,Female,46,Hyderabad,Telangana,South,P020,Notebook Set,Stationery,1,500,0.2,400.0,220,180.0
O03948,2025-10-29,C0544,Varun Joshi,Male,47,Bengaluru,Karnataka,South,P012,Air Fryer,Home Appliances,4,7500,0.1,27000.0,19200,7800.0
O03949,2025-06-19,C0395,Arjun Iyer,Male,24,Mumbai,Maharashtra,West,P011,Coffee Maker,Home Appliances,3,5500,0.15,14025.0,10200,3825.0
O03950,2025-05-14,C0266,Nikhil Shah,Male,38,Pune,Maharashtra,West,P001,Laptop,Electronics,1,55000,0.1,49500.0,42000,7500.0
O03951,2025-02-10,C0612,Varun Gupta,Male,19,Lucknow,Uttar Pradesh,North,P002,Smartphone,Electronics,2,28000,0.05,53200.0,43000,10200.0
O03952,2025-08-19,C0215,Raj Verma,Male,18,Kolkata,West Bengal,East,P012,Air Fryer,Home Appliances,1,7500,0.05,7125.0,4800,2325.0
O03953,2025-08-14,C0421,Amit Iyer,Female,27,Jaipur,Rajasthan,North,P020,Notebook Set,Stationery,2,500,0.1,900.0,440,460.0
O03954,2025-05-19,C0324,Rohan Iyer,Female,51,Kolkata,West Bengal,East,P018,Wall Clock,Home Decor,4,1500,0.05,5700.0,3200,2500.0
O03955,2025-04-20,C0198,Simran Sharma,Female,57,Kochi,Kerala,South,P020,Notebook Set,Stationery,2,500,0.15,850.0,440,410.0
O03956,2025-10-24,C0952,Rohan Desai,Female,38,Chennai,Tamil Nadu,South,P010,Yoga Mat,Sports,1,1200,0.0,1200.0,650,550.0
O03957,2025-02-26,C0184,Arjun Khan,Male,59,Kochi,Kerala,South,P016,Jacket,Fashion,1,4500,0.0,4500.0,2700,1800.0
O03958,2025-05-03,C0223,Vikram Reddy,Male,31,Bhubaneswar,Odisha,East,P017,Table Lamp,Home Decor,2,1800,0.1,3240.0,1900,1340.0
O03959,2025-08-28,C0112,Sneha Shah,Male,35,Jaipur,Rajasthan,North,P013,Mixer Grinder,Home Appliances,2,4200,0.0,8400.0,5400,3000.0
O03960,2025-03-27,C0723,Rohan Verma,Male,20,Delhi,Delhi,North,P007,Bookshelf,Furniture,2,7000,0.1,12600.0,9600,3000.0
O03961,2025-06-25,C0463,Nikhil Nair,Male,53,Ahmedabad,Gujarat,West,P010,Yoga Mat,Sports,1,1200,0.1,1080.0,650,430.0
O03962,2025-03-04,C0488,Simran Reddy,Male,57,Lucknow,Uttar Pradesh,North,P018,Wall Clock,Home Decor,2,1500,0.15,2550.0,1600,950.0
O03963,2025-02-08,C0720,Aarav Desai,Male,55,Kochi,Kerala,South,P006,Desk,Furniture,2,12000,0.25,18000.0,17000,1000.0
O03964,2025-05-18,C0250,Isha Joshi,Female,48,Lucknow,Uttar Pradesh,North,P019,Cushion Set,Home Decor,1,1200,0.15,1020.0,600,420.0
O03965,2025-08-29,C0136,Simran Reddy,Male,34,Pune,Maharashtra,West,P004,Smart Watch,Electronics,1,6500,0.05,6175.0,4000,2175.0
O03966,2025-08-14,C0139,Sneha Singh,Male,29,Hyderabad,Telangana,South,P015,Jeans,Fashion,1,2500,0.2,2000.0,1400,600.0
O03967,2025-07-25,C0614,Priya Singh,Female,44,Bengaluru,Karnataka,South,P013,Mixer Grinder,Home Appliances,2,4200,0.1,7560.0,5400,2160.0
O03968,2025-06-13,C0490,Raj Gupta,Female,22,Ahmedabad,Gujarat,West,P015,Jeans,Fashion,2,2500,0.1,4500.0,2800,1700.0
O03969,2025-01-27,C0145,Aarav Khan,Female,23,Bengaluru,Karnataka,South,P009,Running Shoes,Sports,3,4500,0.1,12150.0,8100,4050.0
O03970,2025-07-02,C0101,Nikhil Shah,Male,21,Chennai,Tamil Nadu,South,P020,Notebook Set,Stationery,1,500,0.05,475.0,220,255.0
O03971,2025-07-17,C0083,Karan Kapoor,Female,49,Jaipur,Rajasthan,North,P013,Mixer Grinder,Home Appliances,3,4200,0.2,10080.0,8100,1980.0
O03972,2025-12-03,C0503,Rahul Kapoor,Male,43,Ahmedabad,Gujarat,West,P006,Desk,Furniture,2,12000,0.05,22800.0,17000,5800.0
O03973,2025-04-17,C0001,Rohan Mehta,Male,41,Mumbai,Maharashtra,West,P013,Mixer Grinder,Home Appliances,1,4200,0.1,3780.0,2700,1080.0
O03974,2025-07-08,C0013,Sneha Desai,Male,49,Lucknow,Uttar Pradesh,North,P006,Desk,Furniture,1,12000,0.05,11400.0,8500,2900.0
O03975,2025-02-05,C0288,Varun Sharma,Male,30,Chennai,Tamil Nadu,South,P006,Desk,Furniture,1,12000,0.15,10200.0,8500,1700.0
O03976,2025-03-26,C0569,Aditi Iyer,Male,55,Mumbai,Maharashtra,West,P008,Backpack,Accessories,4,2200,0.15,7480.0,4800,2680.0
O03977,2025-06-04,C0573,Rahul Mehta,Female,21,Mumbai,Maharashtra,West,P018,Wall Clock,Home Decor,1,1500,0.05,1425.0,800,625.0
O03978,2025-06-18,C0322,Varun Nair,Male,26,Bhubaneswar,Odisha,East,P010,Yoga Mat,Sports,1,1200,0.15,1020.0,650,370.0
O03979,2025-10-11,C0569,Aditi Iyer,Male,55,Mumbai,Maharashtra,West,P014,T-Shirt,Fashion,1,1200,0.15,1020.0,650,370.0
O03980,2025-09-29,C0401,Pooja Patel,Female,38,Lucknow,Uttar Pradesh,North,P008,Backpack,Accessories,3,2200,0.1,5940.0,3600,2340.0
O03981,2025-02-04,C0956,Simran Kapoor,Female,47,Mumbai,Maharashtra,West,P005,Office Chair,Furniture,1,8500,0.1,7650.0,6000,1650.0
O03982,2025-07-03,C0113,Priya Joshi,Male,57,Delhi,Delhi,North,P020,Notebook Set,Stationery,1,500,0.1,450.0,220,230.0
O03983,2025-04-09,C0476,Aditi Iyer,Male,46,Bengaluru,Karnataka,South,P012,Air Fryer,Home Appliances,1,7500,0.0,7500.0,4800,2700.0
O03984,2025-08-25,C0375,Aarav Patel,Male,30,Chennai,Tamil Nadu,South,P020,Notebook Set,Stationery,1,500,0.15,425.0,220,205.0
O03985,2025-05-02,C0136,Simran Reddy,Male,34,Pune,Maharashtra,West,P004,Smart Watch,Electronics,1,6500,0.1,5850.0,4000,1850.0
O03986,2025-01-23,C0634,Priya Verma,Female,47,Chennai,Tamil Nadu,South,P003,Headphones,Electronics,2,2500,0.1,4500.0,2800,1700.0
O03987,2025-03-04,C0197,Ananya Nair,Female,43,Chennai,Tamil Nadu,South,P018,Wall Clock,Home Decor,3,1500,0.2,3600.0,2400,1200.0
O03988,2025-11-22,C0281,Rahul Reddy,Male,31,Kolkata,West Bengal,East,P014,T-Shirt,Fashion,3,1200,0.0,3600.0,1950,1650.0
O03989,2025-05-30,C0276,Rahul Desai,Female,27,Delhi,Delhi,North,P003,Headphones,Electronics,3,2500,0.05,7125.0,4200,2925.0
O03990,2025-07-14,C0173,Nikhil Sharma,Female,22,Pune,Maharashtra,West,P005,Office Chair,Furniture,1,8500,0.05,8075.0,6000,2075.0
O03991,2025-03-21,C0322,Varun Nair,Male,26,Bhubaneswar,Odisha,East,P016,Jacket,Fashion,3,4500,0.0,13500.0,8100,5400.0
O03992,2025-11-11,C0359,Aarav Singh,Male,36,Lucknow,Uttar Pradesh,North,P009,Running Shoes,Sports,1,4500,0.05,4275.0,2700,1575.0
O03993,2025-06-02,C0628,Isha Khan,Male,42,Bengaluru,Karnataka,South,P014,T-Shirt,Fashion,1,1200,0.25,900.0,650,250.0
O03994,2025-01-17,C0652,Pooja Iyer,Male,40,Kolkata,West Bengal,East,P006,Desk,Furniture,4,12000,0.05,45600.0,34000,11600.0
O03995,2025-02-08,C0110,Aarav Verma,Male,34,Bengaluru,Karnataka,South,P008,Backpack,Accessories,3,2200,0.15,5610.0,3600,2010.0
O03996,2025-11-29,C0469,Raj Gupta,Male,40,Kolkata,West Bengal,East,P020,Notebook Set,Stationery,2,500,0.0,1000.0,440,560.0
O03997,2025-12-14,C0824,Aditi Khan,Male,52,Pune,Maharashtra,West,P005,Office Chair,Furniture,3,8500,0.1,22950.0,18000,4950.0
O03998,2025-07-21,C0075,Ananya Kapoor,Male,40,Pune,Maharashtra,West,P010,Yoga Mat,Sports,5,1200,0.25,4500.0,3250,1250.0
O03999,2025-10-07,C0358,Nikhil Desai,Female,36,Bengaluru,Karnataka,South,P017,Table Lamp,Home Decor,2,1800,0.05,3420.0,1900,1520.0
O04000,2025-03-29,C0635,Ananya Sharma,Female,52,Mumbai,Maharashtra,West,P004,Smart Watch,Electronics,2,6500,0.2,10400.0,8000,2400.0
O04001,2025-10-27,C0487,Priya Patel,Female,43,Kochi,Kerala,South,P009,Running Shoes,Sports,2,4500,0.25,6750.0,5400,1350.0
O04002,2025-10-19,C0069,Pooja Joshi,Female,59,Lucknow,Uttar Pradesh,North,P013,Mixer Grinder,Home Appliances,1,4200,0.1,3780.0,2700,1080.0
O04003,2025-12-21,C0293,Pooja Mehta,Male,48,Kochi,Kerala,South,P010,Yoga Mat,Sports,1,1200,0.05,1140.0,650,490.0
O04004,2025-03-11,C0389,Varun Nair,Male,53,Kolkata,West Bengal,East,P009,Running Shoes,Sports,2,4500,0.15,7650.0,5400,2250.0
O04005,2025-05-04,C0992,Varun Verma,Female,59,Bengaluru,Karnataka,South,P008,Backpack,Accessories,1,2200,0.2,1760.0,1200,560.0
O04006,2025-03-21,C0125,Simran Joshi,Female,53,Pune,Maharashtra,West,P012,Air Fryer,Home Appliances,1,7500,0.05,7125.0,4800,2325.0
O04007,2025-02-14,C0966,Karan Verma,Female,27,Jaipur,Rajasthan,North,P013,Mixer Grinder,Home Appliances,1,4200,0.1,3780.0,2700,1080.0
O04008,2025-08-21,C0277,Arjun Sharma,Female,53,Kolkata,West Bengal,East,P013,Mixer Grinder,Home Appliances,1,4200,0.05,3990.0,2700,1290.0
O04009,2025-06-03,C0141,Vikram Desai,Female,34,Bengaluru,Karnataka,South,P002,Smartphone,Electronics,4,28000,0.05,106400.0,86000,20400.0
O04010,2025-06-29,C0308,Sneha Sharma,Male,55,Bhubaneswar,Odisha,East,P013,Mixer Grinder,Home Appliances,2,4200,0.2,6720.0,5400,1320.0
O04011,2025-01-31,C0489,Amit Mehta,Female,26,Pune,Maharashtra,West,P020,Notebook Set,Stationery,2,500,0.1,900.0,440,460.0
O04012,2025-03-26,C0150,Arjun Kapoor,Female,41,Lucknow,Uttar Pradesh,North,P011,Coffee Maker,Home Appliances,4,5500,0.05,20900.0,13600,7300.0
O04013,2025-02-14,C0209,Rahul Sharma,Male,54,Jaipur,Rajasthan,North,P014,T-Shirt,Fashion,3,1200,0.1,3240.0,1950,1290.0
O04014,2025-11-19,C0765,Aditi Joshi,Male,42,Kochi,Kerala,South,P011,Coffee Maker,Home Appliances,2,5500,0.05,10450.0,6800,3650.0
O04015,2025-11-28,C0999,Isha Kapoor,Male,22,Hyderabad,Telangana,South,P018,Wall Clock,Home Decor,3,1500,0.05,4275.0,2400,1875.0
O04016,2025-08-31,C0230,Arjun Reddy,Female,25,Hyderabad,Telangana,South,P020,Notebook Set,Stationery,1,500,0.1,450.0,220,230.0
O04017,2025-02-09,C0103,Rohan Patel,Male,45,Bengaluru,Karnataka,South,P003,Headphones,Electronics,1,2500,0.1,2250.0,1400,850.0
O04018,2025-07-01,C0686,Kavya Mehta,Male,58,Lucknow,Uttar Pradesh,North,P009,Running Shoes,Sports,1,4500,0.05,4275.0,2700,1575.0
O04019,2025-10-24,C0476,Aditi Iyer,Male,46,Bengaluru,Karnataka,South,P008,Backpack,Accessories,2,2200,0.0,4400.0,2400,2000.0
O04020,2025-03-22,C0069,Pooja Joshi,Female,59,Lucknow,Uttar Pradesh,North,P008,Backpack,Accessories,2,2200,0.1,3960.0,2400,1560.0
O04021,2025-02-07,C0903,Isha Iyer,Female,20,Jaipur,Rajasthan,North,P003,Headphones,Electronics,2,2500,0.15,4250.0,2800,1450.0
O04022,2025-12-22,C0053,Arjun Verma,Female,48,Delhi,Delhi,North,P017,Table Lamp,Home Decor,2,1800,0.2,2880.0,1900,980.0
O04023,2025-02-26,C0501,Sneha Sharma,Male,24,Delhi,Delhi,North,P001,Laptop,Electronics,1,55000,0.05,52250.0,42000,10250.0
O04024,2025-11-18,C0316,Isha Nair,Male,46,Delhi,Delhi,North,P010,Yoga Mat,Sports,1,1200,0.1,1080.0,650,430.0
O04025,2025-01-30,C0434,Rahul Desai,Male,55,Jaipur,Rajasthan,North,P014,T-Shirt,Fashion,2,1200,0.2,1920.0,1300,620.0
O04026,2025-09-23,C0150,Arjun Kapoor,Female,41,Lucknow,Uttar Pradesh,North,P004,Smart Watch,Electronics,1,6500,0.1,5850.0,4000,1850.0
O04027,2025-08-15,C0566,Neha Singh,Female,35,Pune,Maharashtra,West,P019,Cushion Set,Home Decor,2,1200,0.2,1920.0,1200,720.0
O04028,2025-11-13,C0925,Raj Gupta,Female,37,Delhi,Delhi,North,P017,Table Lamp,Home Decor,2,1800,0.2,2880.0,1900,980.0
O04029,2025-10-19,C0346,Nikhil Kapoor,Male,30,Ahmedabad,Gujarat,West,P010,Yoga Mat,Sports,2,1200,0.05,2280.0,1300,980.0
O04030,2025-02-23,C0403,Rohan Gupta,Female,57,Delhi,Delhi,North,P009,Running Shoes,Sports,1,4500,0.05,4275.0,2700,1575.0
O04031,2025-04-07,C0170,Rahul Reddy,Female,36,Bengaluru,Karnataka,South,P004,Smart Watch,Electronics,2,6500,0.05,12350.0,8000,4350.0
O04032,2025-01-04,C0818,Arjun Iyer,Male,22,Chennai,Tamil Nadu,South,P015,Jeans,Fashion,3,2500,0.05,7125.0,4200,2925.0
O04033,2025-11-06,C0946,Kavya Joshi,Male,36,Kolkata,West Bengal,East,P003,Headphones,Electronics,5,2500,0.2,10000.0,7000,3000.0
O04034,2025-04-01,C0677,Pooja Desai,Female,38,Bhubaneswar,Odisha,East,P014,T-Shirt,Fashion,3,1200,0.2,2880.0,1950,930.0
O04035,2025-03-30,C0421,Amit Iyer,Female,27,Jaipur,Rajasthan,North,P017,Table Lamp,Home Decor,2,1800,0.0,3600.0,1900,1700.0
O04036,2025-11-16,C0920,Neha Iyer,Female,37,Kochi,Kerala,South,P004,Smart Watch,Electronics,1,6500,0.1,5850.0,4000,1850.0
O04037,2025-04-02,C0107,Nikhil Patel,Male,51,Delhi,Delhi,North,P018,Wall Clock,Home Decor,2,1500,0.1,2700.0,1600,1100.0
O04038,2025-05-30,C0363,Arjun Nair,Female,34,Delhi,Delhi,North,P001,Laptop,Electronics,4,55000,0.1,198000.0,168000,30000.0
O04039,2025-08-22,C0417,Simran Khan,Male,39,Pune,Maharashtra,West,P019,Cushion Set,Home Decor,1,1200,0.1,1080.0,600,480.0
O04040,2025-12-03,C0375,Aarav Patel,Male,30,Chennai,Tamil Nadu,South,P003,Headphones,Electronics,1,2500,0.2,2000.0,1400,600.0
O04041,2025-02-28,C0697,Karan Sharma,Male,41,Lucknow,Uttar Pradesh,North,P013,Mixer Grinder,Home Appliances,1,4200,0.05,3990.0,2700,1290.0
O04042,2025-07-04,C0547,Rohan Verma,Female,25,Pune,Maharashtra,West,P005,Office Chair,Furniture,2,8500,0.05,16150.0,12000,4150.0
O04043,2025-02-13,C0087,Amit Shah,Female,54,Jaipur,Rajasthan,North,P017,Table Lamp,Home Decor,1,1800,0.0,1800.0,950,850.0
O04044,2025-06-29,C0253,Sneha Patel,Female,20,Hyderabad,Telangana,South,P010,Yoga Mat,Sports,1,1200,0.1,1080.0,650,430.0
O04045,2025-03-17,C0247,Aarav Khan,Male,19,Pune,Maharashtra,West,P003,Headphones,Electronics,3,2500,0.05,7125.0,4200,2925.0
O04046,2025-05-24,C0443,Nikhil Shah,Male,44,Kochi,Kerala,South,P011,Coffee Maker,Home Appliances,2,5500,0.1,9900.0,6800,3100.0
O04047,2025-04-11,C0209,Rahul Sharma,Male,54,Jaipur,Rajasthan,North,P009,Running Shoes,Sports,1,4500,0.1,4050.0,2700,1350.0
O04048,2025-09-29,C0081,Varun Gupta,Male,30,Lucknow,Uttar Pradesh,North,P014,T-Shirt,Fashion,1,1200,0.15,1020.0,650,370.0
O04049,2025-02-24,C0529,Rahul Singh,Female,51,Lucknow,Uttar Pradesh,North,P018,Wall Clock,Home Decor,1,1500,0.1,1350.0,800,550.0
O04050,2025-07-08,C0760,Raj Khan,Female,42,Chennai,Tamil Nadu,South,P009,Running Shoes,Sports,1,4500,0.05,4275.0,2700,1575.0
O04051,2025-12-17,C0878,Sneha Joshi,Male,46,Chennai,Tamil Nadu,South,P006,Desk,Furniture,1,12000,0.15,10200.0,8500,1700.0
O04052,2025-12-01,C0948,Neha Iyer,Male,42,Jaipur,Rajasthan,North,P001,Laptop,Electronics,2,55000,0.2,88000.0,84000,4000.0
O04053,2025-03-18,C0671,Simran Shah,Male,36,Ahmedabad,Gujarat,West,P012,Air Fryer,Home Appliances,2,7500,0.05,14250.0,9600,4650.0
O04054,2025-10-23,C0097,Sneha Khan,Male,38,Delhi,Delhi,North,P008,Backpack,Accessories,2,2200,0.05,4180.0,2400,1780.0
O04055,2025-08-07,C0763,Aarav Nair,Female,55,Hyderabad,Telangana,South,P008,Backpack,Accessories,1,2200,0.15,1870.0,1200,670.0
O04056,2025-10-04,C0296,Rahul Verma,Female,35,Bengaluru,Karnataka,South,P003,Headphones,Electronics,2,2500,0.0,5000.0,2800,2200.0
O04057,2025-03-07,C0611,Sneha Iyer,Male,57,Bengaluru,Karnataka,South,P009,Running Shoes,Sports,3,4500,0.05,12825.0,8100,4725.0
O04058,2025-05-16,C0411,Raj Reddy,Female,27,Ahmedabad,Gujarat,West,P020,Notebook Set,Stationery,1,500,0.1,450.0,220,230.0
O04059,2025-08-22,C0730,Nikhil Nair,Female,58,Ahmedabad,Gujarat,West,P006,Desk,Furniture,1,12000,0.05,11400.0,8500,2900.0
O04060,2025-07-18,C0318,Simran Sharma,Female,28,Unknown,Rajasthan,North,P012,Air Fryer,Home Appliances,2,7500,0.05,14250.0,9600,4650.0
O04061,2025-09-23,C0042,Unknown Customer,Female,60,Chennai,Tamil Nadu,South,P016,Jacket,Fashion,2,4500,0.1,8100.0,5400,2700.0
O04062,2025-02-12,C0434,Rahul Desai,Male,55,Jaipur,Rajasthan,North,P015,Jeans,Fashion,1,2500,0.15,2125.0,1400,725.0
O04063,2025-12-27,C0119,Amit Sharma,Male,38,Ahmedabad,Gujarat,West,P007,Bookshelf,Furniture,2,7000,0.2,11200.0,9600,1600.0
O04064,2025-08-16,C0936,Meera Reddy,Male,26,Chennai,Tamil Nadu,South,P013,Mixer Grinder,Home Appliances,2,4200,0.25,6300.0,5400,900.0
O04065,2025-08-15,C0407,Raj Iyer,Female,60,Kochi,Kerala,South,P018,Wall Clock,Home Decor,4,1500,0.0,6000.0,3200,2800.0
O04066,2025-03-04,C0431,Rahul Patel,Male,42,Kochi,Kerala,South,P001,Laptop,Electronics,1,55000,0.05,52250.0,42000,10250.0
O04067,2025-06-20,C0840,Varun Khan,Female,31,Delhi,Delhi,North,P009,Running Shoes,Sports,2,4500,0.15,7650.0,5400,2250.0
O04068,2025-09-07,C0500,Simran Sharma,Female,43,Mumbai,Maharashtra,West,P004,Smart Watch,Electronics,1,6500,0.1,5850.0,4000,1850.0
O04069,2025-12-04,C0218,Meera Reddy,Female,19,Kolkata,West Bengal,East,P008,Backpack,Accessories,2,2200,0.05,4180.0,2400,1780.0
O04070,2025-09-07,C0213,Ananya Gupta,Female,22,Kolkata,West Bengal,East,P009,Running Shoes,Sports,2,4500,0.05,8550.0,5400,3150.0
O04071,2025-11-03,C0384,Rahul Shah,Female,26,Chennai,Tamil Nadu,South,P015,Jeans,Fashion,1,2500,0.05,2375.0,1400,975.0
O04072,2025-08-26,C0782,Meera Kapoor,Female,46,Ahmedabad,Gujarat,West,P002,Smartphone,Electronics,3,28000,0.1,75600.0,64500,11100.0
O04073,2025-02-25,C0688,Aditi Sharma,Female,56,Chennai,Tamil Nadu,South,P010,Yoga Mat,Sports,1,1200,0.05,1140.0,650,490.0
O04074,2025-06-20,C0931,Vikram Sharma,Male,20,Kochi,Kerala,South,P011,Coffee Maker,Home Appliances,2,5500,0.25,8250.0,6800,1450.0
O04075,2025-02-03,C0049,Aarav Reddy,Male,51,Bhubaneswar,Odisha,East,P010,Yoga Mat,Sports,1,1200,0.0,1200.0,650,550.0
O04076,2025-11-11,C0191,Amit Gupta,Female,52,Lucknow,Uttar Pradesh,North,P015,Jeans,Fashion,2,2500,0.25,3750.0,2800,950.0
O04077,2025-05-10,C0055,Rahul Shah,Male,22,Bhubaneswar,Odisha,East,P008,Backpack,Accessories,1,2200,0.2,1760.0,1200,560.0
O04078,2025-05-10,C0636,Neha Nair,Male,52,Hyderabad,Telangana,South,P020,Notebook Set,Stationery,3,500,0.1,1350.0,660,690.0
O04079,2025-05-31,C0097,Sneha Khan,Male,38,Delhi,Delhi,North,P010,Yoga Mat,Sports,3,1200,0.15,3060.0,1950,1110.0
O04080,2025-05-23,C0069,Pooja Joshi,Female,59,Lucknow,Uttar Pradesh,North,P011,Coffee Maker,Home Appliances,3,5500,0.15,14025.0,10200,3825.0
O04081,2025-04-28,C0439,Vikram Shah,Male,34,Delhi,Delhi,North,P017,Table Lamp,Home Decor,1,1800,0.05,1710.0,950,760.0
O04082,2025-07-23,C0306,Meera Reddy,Male,49,Bhubaneswar,Odisha,East,P005,Office Chair,Furniture,2,8500,0.05,16150.0,12000,4150.0
O04083,2025-08-23,C0595,Aarav Kapoor,Female,41,Chennai,Tamil Nadu,South,P002,Smartphone,Electronics,1,28000,0.1,25200.0,21500,3700.0
O04084,2025-01-17,C0371,Aarav Patel,Male,52,Delhi,Delhi,North,P014,T-Shirt,Fashion,3,1200,0.1,3240.0,1950,1290.0
O04085,2025-03-23,C0317,Aarav Gupta,Male,45,Kochi,Kerala,South,P010,Yoga Mat,Sports,2,1200,0.1,2160.0,1300,860.0
O04086,2025-01-14,C0318,Simran Sharma,Female,28,Jaipur,Rajasthan,North,P019,Cushion Set,Home Decor,2,1200,0.1,2160.0,1200,960.0
O04087,2025-03-22,C0789,Rahul Iyer,Female,34,Ahmedabad,Gujarat,West,P020,Notebook Set,Stationery,2,500,0.1,900.0,440,460.0
O04088,2025-07-26,C0292,Rohan Reddy,Female,29,Hyderabad,Telangana,South,P008,Backpack,Accessories,1,2200,0.1,1980.0,1200,780.0
O04089,2025-07-23,C0242,Kavya Gupta,Female,51,Kolkata,West Bengal,East,P009,Running Shoes,Sports,2,4500,0.1,8100.0,5400,2700.0
O04090,2025-09-29,C0246,Varun Shah,Male,19,Mumbai,Maharashtra,West,P009,Running Shoes,Sports,1,4500,0.1,4050.0,2700,1350.0
O04091,2025-02-01,C0138,Aarav Kapoor,Male,58,Lucknow,Uttar Pradesh,North,P007,Bookshelf,Furniture,4,7000,0.2,22400.0,19200,3200.0
O04092,2025-01-23,C0773,Sneha Desai,Male,49,Hyderabad,Telangana,South,P016,Jacket,Fashion,3,4500,0.1,12150.0,8100,4050.0
O04093,2025-04-12,C0102,Simran Reddy,Male,18,Kochi,Kerala,South,P015,Jeans,Fashion,2,2500,0.15,4250.0,2800,1450.0
O04094,2025-06-11,C0843,Karan Iyer,Female,36,Ahmedabad,Gujarat,West,P010,Yoga Mat,Sports,4,1200,0.1,4320.0,2600,1720.0
O04095,2025-04-08,C0203,Aditi Patel,Male,18,Ahmedabad,Gujarat,West,P001,Laptop,Electronics,1,55000,0.15,46750.0,42000,4750.0
O04096,2025-05-24,C0829,Rahul Reddy,Male,27,Lucknow,Uttar Pradesh,North,P006,Desk,Furniture,3,12000,0.1,32400.0,25500,6900.0
O04097,2025-04-14,C0683,Karan Patel,Male,32,Chennai,Tamil Nadu,South,P006,Desk,Furniture,1,12000,0.0,12000.0,8500,3500.0
O04098,2025-11-20,C0458,Varun Desai,Female,33,Jaipur,Rajasthan,North,P017,Table Lamp,Home Decor,2,1800,0.25,2700.0,1900,800.0
O04099,2025-06-20,C0546,Priya Verma,Female,46,Hyderabad,Telangana,South,P002,Smartphone,Electronics,2,28000,0.0,56000.0,43000,13000.0
O04100,2025-03-05,C0236,Simran Singh,Male,36,Bengaluru,Karnataka,South,P016,Jacket,Fashion,1,4500,0.1,4050.0,2700,1350.0
O04101,2025-09-01,C0451,Pooja Iyer,Female,49,Mumbai,Maharashtra,West,P014,T-Shirt,Fashion,1,1200,0.0,1200.0,650,550.0
O04102,2025-03-12,C0210,Neha Singh,Male,30,Ahmedabad,Gujarat,West,P015,Jeans,Fashion,1,2500,0.0,2500.0,1400,1100.0
O04103,2025-10-01,C0298,Simran Iyer,Male,28,Delhi,Delhi,North,P009,Running Shoes,Sports,5,4500,0.15,19125.0,13500,5625.0
O04104,2025-05-05,C0651,Pooja Khan,Female,37,Kochi,Kerala,South,P014,T-Shirt,Fashion,1,1200,0.1,1080.0,650,430.0
O04105,2025-11-13,C0173,Nikhil Sharma,Female,22,Pune,Maharashtra,West,P012,Air Fryer,Home Appliances,2,7500,0.15,12750.0,9600,3150.0
O04106,2025-11-27,C0744,Nikhil Joshi,Male,38,Ahmedabad,Gujarat,West,P016,Jacket,Fashion,3,4500,0.05,12825.0,8100,4725.0
O04107,2025-04-17,C0276,Rahul Desai,Female,27,Delhi,Delhi,North,P009,Running Shoes,Sports,1,4500,0.05,4275.0,2700,1575.0
O04108,2025-05-28,C0412,Kavya Verma,Male,30,Pune,Maharashtra,West,P010,Yoga Mat,Sports,1,1200,0.05,1140.0,650,490.0
O04109,2025-07-11,C0895,Simran Gupta,Male,22,Jaipur,Rajasthan,North,P013,Mixer Grinder,Home Appliances,2,4200,0.1,7560.0,5400,2160.0
O04110,2025-12-03,C0558,Aditi Shah,Female,33,Bhubaneswar,Odisha,East,P002,Smartphone,Electronics,1,28000,0.15,23800.0,21500,2300.0
O04111,2025-08-14,C0521,Amit Desai,Male,43,Delhi,Delhi,North,P009,Running Shoes,Sports,2,4500,0.1,8100.0,5400,2700.0
O04112,2025-08-30,C0591,Varun Nair,Male,60,Bengaluru,Karnataka,South,P020,Notebook Set,Stationery,1,500,0.1,450.0,220,230.0
O04113,2025-12-28,C0857,Pooja Iyer,Male,45,Pune,Maharashtra,West,P001,Laptop,Electronics,1,55000,0.25,41250.0,42000,-750.0
O04114,2025-10-11,C0176,Priya Verma,Male,33,Chennai,Tamil Nadu,South,P006,Desk,Furniture,2,12000,0.0,24000.0,17000,7000.0
O04115,2025-06-12,C0489,Amit Mehta,Female,26,Pune,Maharashtra,West,P006,Desk,Furniture,1,12000,0.1,10800.0,8500,2300.0
O04116,2025-01-08,C0297,Sneha Desai,Male,51,Kochi,Kerala,South,P013,Mixer Grinder,Home Appliances,4,4200,0.1,15120.0,10800,4320.0
O04117,2025-12-13,C0008,Arjun Gupta,Female,52,Kolkata,West Bengal,East,P002,Smartphone,Electronics,3,28000,0.0,84000.0,64500,19500.0
O04118,2025-06-01,C0086,Simran Kapoor,Male,22,Bhubaneswar,Odisha,East,P013,Mixer Grinder,Home Appliances,1,4200,0.05,3990.0,2700,1290.0
O04119,2025-11-18,C0236,Simran Singh,Male,36,Bengaluru,Karnataka,South,P002,Smartphone,Electronics,1,28000,0.0,28000.0,21500,6500.0
O04120,2025-04-05,C0442,Amit Nair,Female,29,Mumbai,Maharashtra,West,P002,Smartphone,Electronics,1,28000,0.2,22400.0,21500,900.0
O04121,2025-08-02,C0802,Priya Singh,Male,60,Chennai,Tamil Nadu,South,P015,Jeans,Fashion,1,2500,0.1,2250.0,1400,850.0
O04122,2025-03-05,C0683,Karan Patel,Male,32,Chennai,Tamil Nadu,South,P007,Bookshelf,Furniture,2,7000,0.15,11900.0,9600,2300.0
O04123,2025-03-06,C0431,Rahul Patel,Male,42,Kochi,Kerala,South,P020,Notebook Set,Stationery,3,500,0.1,1350.0,660,690.0
O04124,2025-09-27,C0051,Amit Verma,Male,55,Kochi,Kerala,South,P001,Laptop,Electronics,1,55000,0.1,49500.0,42000,7500.0
O04125,2025-01-25,C0205,Nikhil Mehta,Male,42,Bengaluru,Karnataka,South,P009,Running Shoes,Sports,1,4500,0.15,3825.0,2700,1125.0
O04126,2025-04-10,C0269,Aditi Verma,Male,42,Lucknow,Uttar Pradesh,North,P002,Smartphone,Electronics,1,28000,0.2,22400.0,21500,900.0
O04127,2025-04-15,C0497,Priya Shah,Female,39,Lucknow,Uttar Pradesh,North,P008,Backpack,Accessories,1,2200,0.0,2200.0,1200,1000.0
O04128,2025-05-11,C0044,Meera Singh,Female,44,Jaipur,Rajasthan,North,P020,Notebook Set,Stationery,2,500,0.05,950.0,440,510.0
O04129,2025-11-17,C0410,Priya Sharma,Male,27,Pune,Maharashtra,West,P019,Cushion Set,Home Decor,2,1200,0.15,2040.0,1200,840.0
O04130,2025-01-19,C0832,Nikhil Patel,Female,48,Lucknow,Uttar Pradesh,North,P001,Laptop,Electronics,1,55000,0.25,41250.0,42000,-750.0
O04131,2025-08-13,C0584,Amit Reddy,Female,59,Jaipur,Rajasthan,North,P011,Coffee Maker,Home Appliances,1,5500,0.25,4125.0,3400,725.0
O04132,2025-04-16,C0691,Sneha Joshi,Male,21,Pune,Maharashtra,West,P013,Mixer Grinder,Home Appliances,3,4200,0.1,11340.0,8100,3240.0
O04133,2025-02-23,C0559,Rahul Iyer,Male,21,Bengaluru,Karnataka,South,P004,Smart Watch,Electronics,1,6500,0.05,6175.0,4000,2175.0
O04134,2025-08-14,C0145,Aarav Khan,Female,23,Bengaluru,Karnataka,South,P003,Headphones,Electronics,3,2500,0.0,7500.0,4200,3300.0
O04135,2025-12-26,C0076,Rahul Joshi,Female,23,Lucknow,Uttar Pradesh,North,P019,Cushion Set,Home Decor,1,1200,0.2,960.0,600,360.0
O04136,2025-01-15,C0732,Nikhil Reddy,Female,30,Kochi,Kerala,South,P020,Notebook Set,Stationery,3,500,0.1,1350.0,660,690.0
O04137,2025-02-17,C0574,Amit Kapoor,Female,46,Kolkata,West Bengal,East,P020,Notebook Set,Stationery,2,500,0.05,950.0,440,510.0
O04138,2025-05-19,C0452,Varun Joshi,Male,49,Bengaluru,Karnataka,South,P016,Jacket,Fashion,1,4500,0.2,3600.0,2700,900.0
O04139,2025-02-03,C0132,Kavya Verma,Female,28,Bengaluru,Karnataka,South,P014,T-Shirt,Fashion,3,1200,0.0,3600.0,1950,1650.0
O04140,2025-12-21,C0479,Aarav Singh,Male,51,Bhubaneswar,Odisha,East,P007,Bookshelf,Furniture,2,7000,0.15,11900.0,9600,2300.0
O04141,2025-07-29,C0022,Vikram Joshi,Female,49,Bengaluru,Karnataka,South,P003,Headphones,Electronics,1,2500,0.1,2250.0,1400,850.0
O04142,2025-01-19,C0082,Aditi Shah,Male,34,Jaipur,Rajasthan,North,P002,Smartphone,Electronics,1,28000,0.0,28000.0,21500,6500.0
O04143,2025-07-15,C0225,Aarav Patel,Female,47,Chennai,Tamil Nadu,South,P014,T-Shirt,Fashion,2,1200,0.05,2280.0,1300,980.0
O04144,2025-11-22,C0333,Karan Reddy,Female,54,Bhubaneswar,Odisha,East,P016,Jacket,Fashion,2,4500,0.05,8550.0,5400,3150.0
O04145,2025-04-25,C0083,Karan Kapoor,Female,49,Jaipur,Rajasthan,North,P017,Table Lamp,Home Decor,2,1800,0.1,3240.0,1900,1340.0
O04146,2025-12-18,C0083,Karan Kapoor,Female,49,Jaipur,Rajasthan,North,P019,Cushion Set,Home Decor,2,1200,0.1,2160.0,1200,960.0
O04147,2025-03-16,C0607,Aditi Joshi,Male,60,Mumbai,Maharashtra,West,P018,Wall Clock,Home Decor,2,1500,0.0,3000.0,1600,1400.0
O04148,2025-05-30,C0447,Simran Khan,Female,51,Pune,Maharashtra,West,P020,Notebook Set,Stationery,2,500,0.25,750.0,440,310.0
O04149,2025-02-05,C0413,Nikhil Singh,Female,54,Delhi,Delhi,North,P005,Office Chair,Furniture,2,8500,0.1,15300.0,12000,3300.0
O04150,2025-08-30,C0341,Amit Reddy,Male,27,Bhubaneswar,Odisha,East,P015,Jeans,Fashion,1,2500,0.05,2375.0,1400,975.0
O04151,2025-05-31,C0956,Simran Kapoor,Female,47,Mumbai,Maharashtra,West,P012,Air Fryer,Home Appliances,3,7500,0.05,21375.0,14400,6975.0
O04152,2025-03-04,C0034,Priya Gupta,Female,18,Ahmedabad,Gujarat,West,P005,Office Chair,Furniture,1,8500,0.05,8075.0,6000,2075.0
O04153,2025-06-03,C0126,Simran Desai,Male,36,Bengaluru,Karnataka,South,P020,Notebook Set,Stationery,1,500,0.25,375.0,220,155.0
O04154,2025-07-07,C0523,Arjun Verma,Female,37,Kochi,Kerala,South,P019,Cushion Set,Home Decor,2,1200,0.05,2280.0,1200,1080.0
O04155,2025-08-11,C0094,Vikram Kapoor,Male,59,Delhi,Delhi,North,P003,Headphones,Electronics,1,2500,0.1,2250.0,1400,850.0
O04156,2025-04-03,C0465,Ananya Shah,Female,49,Delhi,Delhi,North,P001,Laptop,Electronics,1,55000,0.2,44000.0,42000,2000.0
O04157,2025-01-05,C0445,Neha Sharma,Male,47,Hyderabad,Telangana,South,P014,T-Shirt,Fashion,1,1200,0.15,1020.0,650,370.0
O04158,2025-06-15,C0945,Meera Patel,Male,18,Delhi,Delhi,North,P012,Air Fryer,Home Appliances,2,7500,0.1,13500.0,9600,3900.0
O04159,2025-01-25,C0805,Nikhil Desai,Female,31,Lucknow,Uttar Pradesh,North,P020,Notebook Set,Stationery,4,500,0.2,1600.0,880,720.0
O04160,2025-04-08,C0901,Sneha Patel,Male,29,Bhubaneswar,Odisha,East,P004,Smart Watch,Electronics,2,6500,0.15,11050.0,8000,3050.0
O04161,2025-09-25,C0078,Raj Iyer,Female,35,Hyderabad,Telangana,South,P002,Smartphone,Electronics,2,28000,0.05,53200.0,43000,10200.0
O04162,2025-05-30,C0784,Isha Sharma,Male,30,Hyderabad,Telangana,South,P005,Office Chair,Furniture,1,8500,0.15,7225.0,6000,1225.0
O04163,2025-09-09,C0089,Aarav Sharma,Female,30,Bengaluru,Karnataka,South,P001,Laptop,Electronics,1,55000,0.2,44000.0,42000,2000.0
O04164,2025-03-25,C0508,Kavya Singh,Female,30,Chennai,Tamil Nadu,South,P001,Laptop,Electronics,1,55000,0.1,49500.0,42000,7500.0
O04165,2025-10-12,C0600,Raj Singh,Male,54,Ahmedabad,Gujarat,West,P019,Cushion Set,Home Decor,1,1200,0.15,1020.0,600,420.0
O04166,2025-06-21,C0112,Sneha Shah,Male,35,Jaipur,Rajasthan,North,P008,Backpack,Accessories,1,2200,0.25,1650.0,1200,450.0
O04167,2025-08-09,C0508,Kavya Singh,Female,30,Chennai,Tamil Nadu,South,P009,Running Shoes,Sports,1,4500,0.15,3825.0,2700,1125.0
O04168,2025-04-19,C0036,Meera Shah,Female,36,Bhubaneswar,Odisha,East,P001,Laptop,Electronics,1,55000,0.0,55000.0,42000,13000.0
O04169,2025-01-27,C0211,Sneha Reddy,Female,57,Ahmedabad,Gujarat,West,P005,Office Chair,Furniture,2,8500,0.05,16150.0,12000,4150.0
O04170,2025-09-03,C0862,Isha Gupta,Female,36,Ahmedabad,Gujarat,West,P016,Jacket,Fashion,3,4500,0.1,12150.0,8100,4050.0
O04171,2025-02-24,C0120,Vikram Reddy,Female,25,Ahmedabad,Gujarat,West,P013,Mixer Grinder,Home Appliances,4,4200,0.05,15960.0,10800,5160.0
O04172,2025-05-13,C0045,Karan Desai,Male,28,Mumbai,Maharashtra,West,P015,Jeans,Fashion,2,2500,0.25,3750.0,2800,950.0
O04173,2025-02-21,C0333,Karan Reddy,Female,54,Bhubaneswar,Odisha,East,P009,Running Shoes,Sports,1,4500,0.1,4050.0,2700,1350.0
O04174,2025-09-10,C0760,Raj Khan,Female,42,Chennai,Tamil Nadu,South,P006,Desk,Furniture,2,12000,0.1,21600.0,17000,4600.0
O04175,2025-09-26,C0052,Nikhil Khan,Male,18,Chennai,Tamil Nadu,South,P010,Yoga Mat,Sports,1,1200,0.15,1020.0,650,370.0
O04176,2025-10-25,C0260,Kavya Iyer,Male,56,Mumbai,Maharashtra,West,P007,Bookshelf,Furniture,2,7000,0.1,12600.0,9600,3000.0
O04177,2025-03-20,C0829,Rahul Reddy,Male,27,Lucknow,Uttar Pradesh,North,P017,Table Lamp,Home Decor,2,1800,0.1,3240.0,1900,1340.0
O04178,2025-01-18,C0081,Varun Gupta,Male,30,Lucknow,Uttar Pradesh,North,P006,Desk,Furniture,2,12000,0.0,24000.0,17000,7000.0
O04179,2025-11-02,C0224,Aarav Shah,Female,21,Hyderabad,Telangana,South,P014,T-Shirt,Fashion,4,1200,0.1,4320.0,2600,1720.0
O04180,2025-09-15,C0668,Priya Kapoor,Male,52,Kolkata,West Bengal,East,P003,Headphones,Electronics,2,2500,0.2,4000.0,2800,1200.0
O04181,2025-12-09,C0422,Isha Iyer,Male,52,Pune,Maharashtra,West,P014,T-Shirt,Fashion,2,1200,0.15,2040.0,1300,740.0
O04182,2025-04-17,C0735,Nikhil Joshi,Female,54,Kolkata,West Bengal,East,P019,Cushion Set,Home Decor,1,1200,0.1,1080.0,600,480.0
O04183,2025-02-16,C0077,Rohan Nair,Male,21,Mumbai,Maharashtra,West,P012,Air Fryer,Home Appliances,4,7500,0.05,28500.0,19200,9300.0
O04184,2025-09-03,C0861,Karan Verma,Female,58,Bhubaneswar,Odisha,East,P011,Coffee Maker,Home Appliances,1,5500,0.15,4675.0,3400,1275.0
O04185,2025-03-30,C0884,Ananya Sharma,Female,58,Chennai,Tamil Nadu,South,P020,Notebook Set,Stationery,3,500,0.2,1200.0,660,540.0
O04186,2025-07-22,C0108,Aditi Reddy,Female,28,Chennai,Tamil Nadu,South,P013,Mixer Grinder,Home Appliances,1,4200,0.1,3780.0,2700,1080.0
O04187,2025-08-28,C0023,Meera Mehta,Male,53,Chennai,Tamil Nadu,South,P005,Office Chair,Furniture,1,8500,0.15,7225.0,6000,1225.0
O04188,2025-09-25,C0981,Simran Singh,Male,32,Bhubaneswar,Odisha,East,P006,Desk,Furniture,3,12000,0.1,32400.0,25500,6900.0
O04189,2025-01-13,C0367,Aditi Shah,Male,58,Chennai,Tamil Nadu,South,P014,T-Shirt,Fashion,1,1200,0.1,1080.0,650,430.0
O04190,2025-05-17,C0449,Pooja Khan,Male,23,Chennai,Tamil Nadu,South,P015,Jeans,Fashion,3,2500,0.15,6375.0,4200,2175.0
O04191,2025-11-11,C0491,Nikhil Kapoor,Female,49,Bengaluru,Karnataka,South,P006,Desk,Furniture,1,12000,0.0,12000.0,8500,3500.0
O04192,2025-06-22,C0681,Amit Kapoor,Male,59,Bhubaneswar,Odisha,East,P007,Bookshelf,Furniture,3,7000,0.1,18900.0,14400,4500.0
O04193,2025-08-18,C0709,Rahul Khan,Female,40,Kolkata,West Bengal,East,P020,Notebook Set,Stationery,2,500,0.05,950.0,440,510.0
O04194,2025-07-17,C0136,Simran Reddy,Male,34,Pune,Maharashtra,West,P002,Smartphone,Electronics,2,28000,0.05,53200.0,43000,10200.0
O04195,2025-08-31,C0168,Aarav Reddy,Male,49,Bhubaneswar,Odisha,East,P008,Backpack,Accessories,1,2200,0.15,1870.0,1200,670.0
O04196,2025-02-12,C0796,Neha Mehta,Female,53,Kolkata,West Bengal,East,P002,Smartphone,Electronics,1,28000,0.0,28000.0,21500,6500.0
O04197,2025-11-26,C0719,Neha Sharma,Male,56,Delhi,Delhi,North,P017,Table Lamp,Home Decor,3,1800,0.1,4860.0,2850,2010.0
O04198,2025-10-06,C0493,Aditi Iyer,Male,28,Ahmedabad,Gujarat,West,P002,Smartphone,Electronics,1,28000,0.05,26600.0,21500,5100.0
O04199,2025-03-20,C0990,Ananya Gupta,Female,60,Kochi,Kerala,South,P014,T-Shirt,Fashion,1,1200,0.15,1020.0,650,370.0
O04200,2025-10-06,C0617,Meera Singh,Male,44,Jaipur,Rajasthan,North,P002,Smartphone,Electronics,2,28000,0.05,53200.0,43000,10200.0
O04201,2025-08-20,C0152,Meera Kapoor,Male,32,Mumbai,Maharashtra,West,P014,T-Shirt,Fashion,1,1200,0.15,1020.0,650,370.0
O04202,2025-04-11,C0754,Nikhil Kapoor,Female,28,Mumbai,Maharashtra,West,P017,Table Lamp,Home Decor,1,1800,0.15,1530.0,950,580.0
O04203,2025-06-11,C0309,Priya Joshi,Male,34,Lucknow,Uttar Pradesh,North,P008,Backpack,Accessories,1,2200,0.25,1650.0,1200,450.0
O04204,2025-05-24,C0025,Vikram Shah,Male,41,Chennai,Tamil Nadu,South,P010,Yoga Mat,Sports,1,1200,0.2,960.0,650,310.0
O04205,2025-04-19,C0233,Pooja Reddy,Male,30,Pune,Maharashtra,West,P008,Backpack,Accessories,3,2200,0.05,6270.0,3600,2670.0
O04206,2025-08-21,C0650,Aditi Verma,Female,43,Delhi,Delhi,North,P006,Desk,Furniture,1,12000,0.0,12000.0,8500,3500.0
O04207,2025-04-21,C0926,Amit Nair,Female,52,Lucknow,Uttar Pradesh,North,P016,Jacket,Fashion,4,4500,0.15,15300.0,10800,4500.0
O04208,2025-08-20,C0197,Ananya Nair,Female,43,Chennai,Tamil Nadu,South,P005,Office Chair,Furniture,1,8500,0.1,7650.0,6000,1650.0
O04209,2025-08-26,C0175,Pooja Singh,Female,48,Bhubaneswar,Odisha,East,P015,Jeans,Fashion,1,2500,0.0,2500.0,1400,1100.0
O04210,2025-07-16,C0441,Raj Khan,Female,45,Kolkata,West Bengal,East,P004,Smart Watch,Electronics,2,6500,0.05,12350.0,8000,4350.0
O04211,2025-09-30,C0709,Rahul Khan,Female,40,Kolkata,West Bengal,East,P005,Office Chair,Furniture,1,8500,0.1,7650.0,6000,1650.0
O04212,2025-03-27,C0630,Aarav Kapoor,Male,24,Hyderabad,Telangana,South,P007,Bookshelf,Furniture,2,7000,0.2,11200.0,9600,1600.0
O04213,2025-10-22,C0437,Nikhil Kapoor,Female,45,Pune,Maharashtra,West,P012,Air Fryer,Home Appliances,3,7500,0.2,18000.0,14400,3600.0
O04214,2025-02-10,C0507,Priya Patel,Female,28,Bhubaneswar,Odisha,East,P009,Running Shoes,Sports,1,4500,0.05,4275.0,2700,1575.0
O04215,2025-02-17,C0172,Ananya Verma,Male,20,Lucknow,Uttar Pradesh,North,P015,Jeans,Fashion,3,2500,0.1,6750.0,4200,2550.0
O04216,2025-03-18,C0324,Rohan Iyer,Female,51,Kolkata,West Bengal,East,P004,Smart Watch,Electronics,1,6500,0.0,6500.0,4000,2500.0
O04217,2025-06-27,C0182,Meera Desai,Male,20,Pune,Maharashtra,West,P001,Laptop,Electronics,1,55000,0.1,49500.0,42000,7500.0
O04218,2025-09-14,C0807,Nikhil Nair,Male,31,Mumbai,Maharashtra,West,P016,Jacket,Fashion,1,4500,0.15,3825.0,2700,1125.0
O04219,2025-04-27,C0077,Rohan Nair,Male,21,Mumbai,Maharashtra,West,P017,Table Lamp,Home Decor,3,1800,0.15,4590.0,2850,1740.0
O04220,2025-01-19,C0557,Ananya Gupta,Male,58,Delhi,Delhi,North,P002,Smartphone,Electronics,1,28000,0.1,25200.0,21500,3700.0
O04221,2025-02-28,C0185,Pooja Khan,Female,38,Chennai,Tamil Nadu,South,P013,Mixer Grinder,Home Appliances,3,4200,0.0,12600.0,8100,4500.0
O04222,2025-07-15,C0361,Isha Nair,Male,54,Bengaluru,Karnataka,South,P008,Backpack,Accessories,2,2200,0.1,3960.0,2400,1560.0
O04223,2025-04-17,C0215,Raj Verma,Male,18,Kolkata,West Bengal,East,P016,Jacket,Fashion,1,4500,0.2,3600.0,2700,900.0
O04224,2025-10-11,C0234,Rahul Sharma,Male,49,Lucknow,Uttar Pradesh,North,P018,Wall Clock,Home Decor,1,1500,0.05,1425.0,800,625.0
O04225,2025-02-03,C0185,Pooja Khan,Female,38,Chennai,Tamil Nadu,South,P018,Wall Clock,Home Decor,3,1500,0.05,4275.0,2400,1875.0
O04226,2025-10-22,C0638,Kavya Shah,Female,44,Hyderabad,Telangana,South,P016,Jacket,Fashion,2,4500,0.15,7650.0,5400,2250.0
O04227,2025-09-08,C0268,Kavya Shah,Female,36,Pune,Maharashtra,West,P005,Office Chair,Furniture,1,8500,0.15,7225.0,6000,1225.0
O04228,2025-05-06,C0607,Aditi Joshi,Male,60,Mumbai,Maharashtra,West,P017,Table Lamp,Home Decor,3,1800,0.2,4320.0,2850,1470.0
O04229,2025-12-05,C0344,Simran Desai,Male,38,Bengaluru,Karnataka,South,P011,Coffee Maker,Home Appliances,1,5500,0.1,4950.0,3400,1550.0
O04230,2025-04-16,C0425,Isha Khan,Male,55,Chennai,Tamil Nadu,South,P001,Laptop,Electronics,3,55000,0.1,148500.0,126000,22500.0
O04231,2025-06-29,C0422,Isha Iyer,Male,52,Pune,Maharashtra,West,P009,Running Shoes,Sports,3,4500,0.1,12150.0,8100,4050.0
O04232,2025-04-20,C0954,Neha Khan,Female,53,Pune,Maharashtra,West,P020,Notebook Set,Stationery,2,500,0.2,800.0,440,360.0
O04233,2025-08-16,C0269,Aditi Verma,Male,42,Lucknow,Uttar Pradesh,North,P019,Cushion Set,Home Decor,3,1200,0.15,3060.0,1800,1260.0
O04234,2025-05-01,C0146,Simran Iyer,Male,53,Chennai,Tamil Nadu,South,P002,Smartphone,Electronics,2,28000,0.15,47600.0,43000,4600.0
O04235,2025-04-17,C0847,Rohan Singh,Female,50,Delhi,Delhi,North,P015,Jeans,Fashion,2,2500,0.05,4750.0,2800,1950.0
O04236,2025-05-11,C0122,Arjun Mehta,Female,22,Hyderabad,Telangana,South,P016,Jacket,Fashion,2,4500,0.15,7650.0,5400,2250.0
O04237,2025-01-23,C0738,Neha Desai,Male,31,Chennai,Tamil Nadu,South,P005,Office Chair,Furniture,1,8500,0.1,7650.0,6000,1650.0
O04238,2025-05-25,C0104,Arjun Sharma,Female,41,Hyderabad,Telangana,South,P010,Yoga Mat,Sports,2,1200,0.0,2400.0,1300,1100.0
O04239,2025-11-23,C0535,Neha Joshi,Female,55,Delhi,Delhi,North,P014,T-Shirt,Fashion,1,1200,0.0,1200.0,650,550.0
O04240,2025-06-03,C0104,Arjun Sharma,Female,41,Hyderabad,Telangana,South,P009,Running Shoes,Sports,1,4500,0.15,3825.0,2700,1125.0
O04241,2025-04-17,C0865,Vikram Patel,Female,19,Chennai,Tamil Nadu,South,P002,Smartphone,Electronics,1,28000,0.1,25200.0,21500,3700.0
O04242,2025-05-26,C0442,Amit Nair,Female,29,Mumbai,Maharashtra,West,P014,T-Shirt,Fashion,1,1200,0.2,960.0,650,310.0
O04243,2025-09-09,C0239,Rohan Mehta,Male,19,Mumbai,Maharashtra,West,P019,Cushion Set,Home Decor,1,1200,0.15,1020.0,600,420.0
O04244,2025-10-29,C0097,Sneha Khan,Male,38,Delhi,Delhi,North,P013,Mixer Grinder,Home Appliances,3,4200,0.0,12600.0,8100,4500.0
O04245,2025-03-11,C0273,Amit Nair,Female,40,Delhi,Delhi,North,P016,Jacket,Fashion,1,4500,0.15,3825.0,2700,1125.0
O04246,2025-01-31,C0584,Amit Reddy,Female,59,Jaipur,Rajasthan,North,P008,Backpack,Accessories,2,2200,0.05,4180.0,2400,1780.0
O04247,2025-04-03,C0284,Arjun Desai,Male,32,Hyderabad,Telangana,South,P003,Headphones,Electronics,1,2500,0.1,2250.0,1400,850.0
O04248,2025-05-17,C0175,Pooja Singh,Female,48,Bhubaneswar,Odisha,East,P013,Mixer Grinder,Home Appliances,1,4200,0.1,3780.0,2700,1080.0
O04249,2025-06-12,C0454,Pooja Iyer,Male,50,Jaipur,Rajasthan,North,P007,Bookshelf,Furniture,1,7000,0.2,5600.0,4800,800.0
O04250,2025-03-22,C0311,Neha Shah,Male,41,Ahmedabad,Gujarat,West,P018,Wall Clock,Home Decor,1,1500,0.1,1350.0,800,550.0
O04251,2025-11-12,C0115,Amit Khan,Male,41,Ahmedabad,Gujarat,West,P003,Headphones,Electronics,2,2500,0.15,4250.0,2800,1450.0
O04252,2025-03-17,C0107,Nikhil Patel,Male,51,Delhi,Delhi,North,P009,Running Shoes,Sports,2,4500,0.15,7650.0,5400,2250.0
O04253,2025-03-04,C0587,Rahul Khan,Male,49,Chennai,Tamil Nadu,South,P008,Backpack,Accessories,1,2200,0.1,1980.0,1200,780.0
O04254,2025-04-10,C0952,Rohan Desai,Female,38,Chennai,Tamil Nadu,South,P020,Notebook Set,Stationery,1,500,0.1,450.0,220,230.0
O04255,2025-02-17,C0165,Karan Verma,Female,34,Mumbai,Maharashtra,West,P003,Headphones,Electronics,3,2500,0.15,6375.0,4200,2175.0
O04256,2025-03-15,C0661,Meera Patel,Female,51,Bengaluru,Karnataka,South,P001,Laptop,Electronics,1,55000,0.0,55000.0,42000,13000.0
O04257,2025-11-10,C0060,Aditi Sharma,Female,21,Mumbai,Maharashtra,West,P004,Smart Watch,Electronics,1,6500,0.2,5200.0,4000,1200.0
O04258,2025-07-11,C0281,Rahul Reddy,Male,31,Kolkata,West Bengal,East,P017,Table Lamp,Home Decor,2,1800,0.15,3060.0,1900,1160.0
O04259,2025-01-30,C0388,Pooja Sharma,Male,50,Chennai,Tamil Nadu,South,P004,Smart Watch,Electronics,1,6500,0.05,6175.0,4000,2175.0
O04260,2025-06-06,C0192,Isha Joshi,Female,47,Ahmedabad,Gujarat,West,P004,Smart Watch,Electronics,4,6500,0.25,19500.0,16000,3500.0
O04261,2025-09-23,C0409,Simran Desai,Male,30,Kolkata,West Bengal,East,P003,Headphones,Electronics,2,2500,0.05,4750.0,2800,1950.0
O04262,2025-09-13,C0804,Raj Joshi,Male,57,Chennai,Tamil Nadu,South,P014,T-Shirt,Fashion,1,1200,0.2,960.0,650,310.0
O04263,2025-02-08,C0899,Priya Patel,Female,58,Ahmedabad,Gujarat,West,P002,Smartphone,Electronics,1,28000,0.05,26600.0,21500,5100.0
O04264,2025-02-24,C0069,Pooja Joshi,Female,59,Lucknow,Uttar Pradesh,North,P007,Bookshelf,Furniture,2,7000,0.15,11900.0,9600,2300.0
O04265,2025-01-28,C0194,Arjun Patel,Male,52,Ahmedabad,Gujarat,West,P005,Office Chair,Furniture,1,8500,0.1,7650.0,6000,1650.0
O04266,2025-04-28,C0960,Priya Shah,Male,21,Ahmedabad,Gujarat,West,P011,Coffee Maker,Home Appliances,4,5500,0.15,18700.0,13600,5100.0
O04267,2025-07-28,C0193,Kavya Joshi,Male,47,Mumbai,Maharashtra,West,P015,Jeans,Fashion,2,2500,0.05,4750.0,2800,1950.0
O04268,2025-03-16,C0571,Ananya Mehta,Male,43,Bhubaneswar,Odisha,East,P011,Coffee Maker,Home Appliances,1,5500,0.05,5225.0,3400,1825.0
O04269,2025-03-06,C0180,Aarav Mehta,Female,39,Ahmedabad,Gujarat,West,P020,Notebook Set,Stationery,2,500,0.0,1000.0,440,560.0
O04270,2025-12-03,C0261,Sneha Nair,Female,18,Mumbai,Maharashtra,West,P020,Notebook Set,Stationery,1,500,0.2,400.0,220,180.0
O04271,2025-12-22,C0134,Isha Shah,Female,45,Bhubaneswar,Odisha,East,P008,Backpack,Accessories,1,2200,0.05,2090.0,1200,890.0
O04272,2025-04-10,C0767,Aditi Kapoor,Male,34,Jaipur,Rajasthan,North,P016,Jacket,Fashion,2,4500,0.15,7650.0,5400,2250.0
O04273,2025-02-15,C0804,Raj Joshi,Male,57,Chennai,Tamil Nadu,South,P015,Jeans,Fashion,2,2500,0.15,4250.0,2800,1450.0
O04274,2025-11-12,C0214,Karan Mehta,Male,26,Hyderabad,Telangana,South,P019,Cushion Set,Home Decor,2,1200,0.2,1920.0,1200,720.0
O04275,2025-06-05,C0724,Arjun Patel,Male,39,Delhi,Delhi,North,P009,Running Shoes,Sports,1,4500,0.0,4500.0,2700,1800.0
O04276,2025-08-28,C0262,Karan Reddy,Male,34,Lucknow,Uttar Pradesh,North,P011,Coffee Maker,Home Appliances,2,5500,0.2,8800.0,6800,2000.0
O04277,2025-12-19,C0068,Rahul Shah,Male,47,Kolkata,West Bengal,East,P009,Running Shoes,Sports,1,4500,0.05,4275.0,2700,1575.0
O04278,2025-09-16,C0644,Arjun Khan,Female,37,Kochi,Kerala,South,P018,Wall Clock,Home Decor,2,1500,0.15,2550.0,1600,950.0
O04279,2025-05-16,C0472,Sneha Verma,Male,39,Bengaluru,Karnataka,South,P004,Smart Watch,Electronics,2,6500,0.15,11050.0,8000,3050.0
O04280,2025-07-17,C0196,Rohan Desai,Female,25,Bengaluru,Karnataka,South,P004,Smart Watch,Electronics,2,6500,0.0,13000.0,8000,5000.0
O04281,2025-07-06,C0180,Aarav Mehta,Female,39,Ahmedabad,Gujarat,West,P008,Backpack,Accessories,3,2200,0.05,6270.0,3600,2670.0
O04282,2025-04-26,C0954,Neha Khan,Female,53,Pune,Maharashtra,West,P004,Smart Watch,Electronics,3,6500,0.1,17550.0,12000,5550.0
O04283,2025-02-27,C0776,Kavya Kapoor,Female,18,Bhubaneswar,Odisha,East,P011,Coffee Maker,Home Appliances,5,5500,0.1,24750.0,17000,7750.0
O04284,2025-03-11,C0706,Arjun Gupta,Male,21,Kolkata,West Bengal,East,P003,Headphones,Electronics,4,2500,0.2,8000.0,5600,2400.0
O04285,2025-04-03,C0088,Rohan Kapoor,Female,58,Mumbai,Maharashtra,West,P007,Bookshelf,Furniture,2,7000,0.1,12600.0,9600,3000.0
O04286,2025-08-17,C0640,Aditi Reddy,Male,31,Pune,Maharashtra,West,P019,Cushion Set,Home Decor,4,1200,0.2,3840.0,2400,1440.0
O04287,2025-05-17,C0151,Arjun Desai,Male,40,Bhubaneswar,Odisha,East,P009,Running Shoes,Sports,3,4500,0.1,12150.0,8100,4050.0
O04288,2025-04-15,C0957,Raj Iyer,Female,42,Kochi,Kerala,South,P015,Jeans,Fashion,2,2500,0.25,3750.0,2800,950.0
O04289,2025-11-01,C0036,Meera Shah,Female,36,Bhubaneswar,Odisha,East,P002,Smartphone,Electronics,1,28000,0.15,23800.0,21500,2300.0
O04290,2025-12-05,C0257,Rahul Reddy,Female,44,Delhi,Delhi,North,P005,Office Chair,Furniture,1,8500,0.15,7225.0,6000,1225.0
O04291,2025-01-17,C0320,Karan Mehta,Female,60,Lucknow,Uttar Pradesh,North,P017,Table Lamp,Home Decor,3,1800,0.0,5400.0,2850,2550.0
O04292,2025-02-23,C0725,Rahul Reddy,Male,21,Ahmedabad,Gujarat,West,P015,Jeans,Fashion,1,2500,0.1,2250.0,1400,850.0
O04293,2025-04-22,C0653,Isha Mehta,Female,27,Jaipur,Rajasthan,North,P008,Backpack,Accessories,3,2200,0.05,6270.0,3600,2670.0
O04294,2025-06-21,C0276,Rahul Desai,Female,27,Delhi,Delhi,North,P020,Notebook Set,Stationery,1,500,0.05,475.0,220,255.0
O04295,2025-11-01,C0443,Nikhil Shah,Male,44,Kochi,Kerala,South,P019,Cushion Set,Home Decor,1,1200,0.1,1080.0,600,480.0
O04296,2025-05-24,C0740,Sneha Iyer,Male,56,Kochi,Kerala,South,P020,Notebook Set,Stationery,2,500,0.15,850.0,440,410.0
O04297,2025-03-26,C0013,Sneha Desai,Male,49,Lucknow,Uttar Pradesh,North,P009,Running Shoes,Sports,3,4500,0.0,13500.0,8100,5400.0
O04298,2025-01-12,C0697,Karan Sharma,Male,41,Lucknow,Uttar Pradesh,North,P004,Smart Watch,Electronics,1,6500,0.1,5850.0,4000,1850.0
O04299,2025-09-09,C0904,Neha Reddy,Female,27,Bhubaneswar,Odisha,East,P013,Mixer Grinder,Home Appliances,3,4200,0.1,11340.0,8100,3240.0
O04300,2025-08-04,C0022,Vikram Joshi,Female,49,Bengaluru,Karnataka,South,P014,T-Shirt,Fashion,3,1200,0.0,3600.0,1950,1650.0
O04301,2025-05-06,C0031,Ananya Patel,Male,21,Kolkata,West Bengal,East,P003,Headphones,Electronics,1,2500,0.1,2250.0,1400,850.0
O04302,2025-04-08,C0251,Aditi Sharma,Male,51,Lucknow,Uttar Pradesh,North,P016,Jacket,Fashion,1,4500,0.15,3825.0,2700,1125.0
O04303,2025-10-31,C0060,Aditi Sharma,Female,21,Mumbai,Maharashtra,West,P001,Laptop,Electronics,1,55000,0.0,55000.0,42000,13000.0
O04304,2025-01-28,C0364,Priya Patel,Female,54,Bengaluru,Karnataka,South,P010,Yoga Mat,Sports,1,1200,0.15,1020.0,650,370.0
O04305,2025-12-02,C0610,Nikhil Iyer,Male,59,Chennai,Tamil Nadu,South,P007,Bookshelf,Furniture,1,7000,0.1,6300.0,4800,1500.0
O04306,2025-09-23,C0444,Ananya Sharma,Male,59,Kolkata,West Bengal,East,P015,Jeans,Fashion,1,2500,0.15,2125.0,1400,725.0
O04307,2025-02-21,C0138,Aarav Kapoor,Male,58,Lucknow,Uttar Pradesh,North,P006,Desk,Furniture,1,12000,0.05,11400.0,8500,2900.0
O04308,2025-05-23,C0531,Pooja Shah,Female,49,Chennai,Tamil Nadu,South,P017,Table Lamp,Home Decor,3,1800,0.15,4590.0,2850,1740.0
O04309,2025-05-12,C0562,Raj Mehta,Male,29,Bhubaneswar,Odisha,East,P012,Air Fryer,Home Appliances,2,7500,0.0,15000.0,9600,5400.0
O04310,2025-12-12,C0880,Priya Verma,Male,46,Hyderabad,Telangana,South,P016,Jacket,Fashion,2,4500,0.1,8100.0,5400,2700.0
O04311,2025-07-26,C0102,Simran Reddy,Male,18,Kochi,Kerala,South,P020,Notebook Set,Stationery,1,500,0.05,475.0,220,255.0
O04312,2025-03-03,C0570,Varun Verma,Female,35,Bengaluru,Karnataka,South,P014,T-Shirt,Fashion,3,1200,0.2,2880.0,1950,930.0
O04313,2025-12-29,C0847,Rohan Singh,Female,50,Delhi,Delhi,North,P020,Notebook Set,Stationery,3,500,0.15,1275.0,660,615.0
O04314,2025-05-12,C0384,Rahul Shah,Female,26,Chennai,Tamil Nadu,South,P001,Laptop,Electronics,2,55000,0.0,110000.0,84000,26000.0
O04315,2025-02-10,C0265,Arjun Joshi,Male,30,Kochi,Kerala,South,P007,Bookshelf,Furniture,3,7000,0.0,21000.0,14400,6600.0
O04316,2025-07-20,C0119,Amit Sharma,Male,38,Ahmedabad,Gujarat,West,P002,Smartphone,Electronics,3,28000,0.05,79800.0,64500,15300.0
O04317,2025-04-09,C0782,Meera Kapoor,Female,46,Ahmedabad,Gujarat,West,P005,Office Chair,Furniture,2,8500,0.05,16150.0,12000,4150.0
O04318,2025-11-07,C0291,Sneha Desai,Female,35,Chennai,Tamil Nadu,South,P017,Table Lamp,Home Decor,2,1800,0.1,3240.0,1900,1340.0
O04319,2025-10-11,C0868,Ananya Mehta,Female,21,Chennai,Tamil Nadu,South,P001,Laptop,Electronics,1,55000,0.15,46750.0,42000,4750.0
O04320,2025-12-23,C0756,Karan Patel,Male,27,Jaipur,Rajasthan,North,P010,Yoga Mat,Sports,1,1200,0.2,960.0,650,310.0
O04321,2025-02-16,C0277,Arjun Sharma,Female,53,Kolkata,West Bengal,East,P011,Coffee Maker,Home Appliances,1,5500,0.25,4125.0,3400,725.0
O04322,2025-05-17,C0451,Pooja Iyer,Female,49,Mumbai,Maharashtra,West,P011,Coffee Maker,Home Appliances,1,5500,0.15,4675.0,3400,1275.0
O04323,2025-05-10,C0019,Simran Desai,Male,40,Kochi,Kerala,South,P010,Yoga Mat,Sports,1,1200,0.0,1200.0,650,550.0
O04324,2025-07-14,C0188,Kavya Patel,Male,19,Mumbai,Maharashtra,West,P016,Jacket,Fashion,3,4500,0.1,12150.0,8100,4050.0
O04325,2025-04-27,C0590,Vikram Gupta,Male,18,Chennai,Tamil Nadu,South,P003,Headphones,Electronics,1,2500,0.1,2250.0,1400,850.0
O04326,2025-12-30,C0555,Rahul Iyer,Male,45,Chennai,Tamil Nadu,South,P006,Desk,Furniture,4,12000,0.1,43200.0,34000,9200.0
O04327,2025-03-10,C0258,Arjun Sharma,Male,46,Hyderabad,Telangana,South,P013,Mixer Grinder,Home Appliances,2,4200,0.1,7560.0,5400,2160.0
O04328,2025-01-28,C0705,Rohan Khan,Female,59,Pune,Maharashtra,West,P014,T-Shirt,Fashion,1,1200,0.25,900.0,650,250.0
O04329,2025-12-01,C0167,Aditi Singh,Female,50,Kochi,Kerala,South,P008,Backpack,Accessories,1,2200,0.2,1760.0,1200,560.0
O04330,2025-01-14,C0348,Arjun Joshi,Female,50,Hyderabad,Telangana,South,P018,Wall Clock,Home Decor,1,1500,0.0,1500.0,800,700.0
O04331,2025-02-15,C0358,Nikhil Desai,Female,36,Bengaluru,Karnataka,South,P009,Running Shoes,Sports,5,4500,0.05,21375.0,13500,7875.0
O04332,2025-01-16,C0248,Rahul Nair,Male,43,Mumbai,Maharashtra,West,P008,Backpack,Accessories,3,2200,0.15,5610.0,3600,2010.0
O04333,2025-07-28,C0917,Ananya Desai,Male,44,Hyderabad,Telangana,South,P001,Laptop,Electronics,1,55000,0.15,46750.0,42000,4750.0
O04334,2025-06-07,C0575,Kavya Khan,Male,51,Delhi,Delhi,North,P011,Coffee Maker,Home Appliances,4,5500,0.05,20900.0,13600,7300.0
O04335,2025-12-03,C0418,Rahul Patel,Male,34,Lucknow,Uttar Pradesh,North,P014,T-Shirt,Fashion,2,1200,0.15,2040.0,1300,740.0
O04336,2025-08-15,C0392,Neha Patel,Male,26,Bengaluru,Karnataka,South,P002,Smartphone,Electronics,1,28000,0.15,23800.0,21500,2300.0
O04337,2025-08-29,C0111,Aditi Singh,Female,52,Bengaluru,Karnataka,South,P006,Desk,Furniture,2,12000,0.1,21600.0,17000,4600.0
O04338,2025-02-27,C0273,Amit Nair,Female,40,Delhi,Delhi,North,P016,Jacket,Fashion,2,4500,0.05,8550.0,5400,3150.0
O04339,2025-10-31,C0549,Simran Nair,Male,50,Delhi,Delhi,North,P008,Backpack,Accessories,1,2200,0.2,1760.0,1200,560.0
O04340,2025-11-01,C0867,Rahul Nair,Male,56,Bhubaneswar,Odisha,East,P004,Smart Watch,Electronics,2,6500,0.15,11050.0,8000,3050.0
O04341,2025-12-11,C0715,Karan Iyer,Male,54,Kochi,Kerala,South,P014,T-Shirt,Fashion,1,1200,0.05,1140.0,650,490.0
O04342,2025-05-10,C0216,Neha Mehta,Male,53,Pune,Maharashtra,West,P004,Smart Watch,Electronics,1,6500,0.15,5525.0,4000,1525.0
O04343,2025-08-05,C0325,Kavya Shah,Female,21,Lucknow,Uttar Pradesh,North,P019,Cushion Set,Home Decor,1,1200,0.15,1020.0,600,420.0
O04344,2025-01-14,C0057,Vikram Reddy,Female,41,Jaipur,Rajasthan,North,P002,Smartphone,Electronics,4,28000,0.2,89600.0,86000,3600.0
O04345,2025-12-25,C0070,Vikram Shah,Female,54,Chennai,Tamil Nadu,South,P014,T-Shirt,Fashion,2,1200,0.05,2280.0,1300,980.0
O04346,2025-08-31,C0356,Rahul Desai,Female,38,Kolkata,West Bengal,East,P010,Yoga Mat,Sports,1,1200,0.25,900.0,650,250.0
O04347,2025-05-25,C0410,Priya Sharma,Male,27,Pune,Maharashtra,West,P018,Wall Clock,Home Decor,1,1500,0.05,1425.0,800,625.0
O04348,2025-11-22,C0188,Kavya Patel,Male,19,Mumbai,Maharashtra,West,P003,Headphones,Electronics,1,2500,0.1,2250.0,1400,850.0
O04349,2025-04-13,C0518,Nikhil Singh,Female,41,Ahmedabad,Gujarat,West,P014,T-Shirt,Fashion,2,1200,0.15,2040.0,1300,740.0
O04350,2025-08-05,C0582,Meera Desai,Male,25,Delhi,Delhi,North,P012,Air Fryer,Home Appliances,1,7500,0.1,6750.0,4800,1950.0
O04351,2025-12-24,C0215,Raj Verma,Male,18,Kolkata,West Bengal,East,P010,Yoga Mat,Sports,3,1200,0.1,3240.0,1950,1290.0
O04352,2025-03-05,C0644,Arjun Khan,Female,37,Kochi,Kerala,South,P010,Yoga Mat,Sports,4,1200,0.2,3840.0,2600,1240.0
O04353,2025-06-07,C0144,Simran Khan,Female,49,Ahmedabad,Gujarat,West,P015,Jeans,Fashion,2,2500,0.15,4250.0,2800,1450.0
O04354,2025-06-11,C0423,Varun Desai,Female,42,Lucknow,Uttar Pradesh,North,P020,Notebook Set,Stationery,1,500,0.1,450.0,220,230.0
O04355,2025-01-18,C0699,Amit Sharma,Female,57,Bengaluru,Karnataka,South,P002,Smartphone,Electronics,1,28000,0.05,26600.0,21500,5100.0
O04356,2025-08-04,C0416,Nikhil Reddy,Male,19,Jaipur,Rajasthan,North,P001,Laptop,Electronics,1,55000,0.0,55000.0,42000,13000.0
O04357,2025-11-15,C0842,Isha Desai,Female,33,Kochi,Kerala,South,P016,Jacket,Fashion,2,4500,0.05,8550.0,5400,3150.0
O04358,2025-02-18,C0040,Isha Khan,Female,45,Hyderabad,Telangana,South,P002,Smartphone,Electronics,2,28000,0.25,42000.0,43000,-1000.0
O04359,2025-02-25,C0464,Simran Desai,Female,26,Kochi,Kerala,South,P020,Notebook Set,Stationery,2,500,0.15,850.0,440,410.0
O04360,2025-12-13,C0439,Vikram Shah,Male,34,Delhi,Delhi,North,P013,Mixer Grinder,Home Appliances,1,4200,0.25,3150.0,2700,450.0
O04361,2025-02-27,C0536,Neha Kapoor,Male,39,Delhi,Delhi,North,P013,Mixer Grinder,Home Appliances,3,4200,0.0,12600.0,8100,4500.0
O04362,2025-06-04,C0737,Isha Gupta,Female,44,Chennai,Tamil Nadu,South,P004,Smart Watch,Electronics,1,6500,0.15,5525.0,4000,1525.0
O04363,2025-02-24,C0607,Aditi Joshi,Male,60,Mumbai,Maharashtra,West,P004,Smart Watch,Electronics,1,6500,0.0,6500.0,4000,2500.0
O04364,2025-12-07,C0682,Ananya Shah,Female,37,Bengaluru,Karnataka,South,P014,T-Shirt,Fashion,2,1200,0.15,2040.0,1300,740.0
O04365,2025-01-19,C0207,Raj Gupta,Male,18,Ahmedabad,Gujarat,West,P019,Cushion Set,Home Decor,1,1200,0.1,1080.0,600,480.0
O04366,2025-05-31,C0286,Simran Desai,Male,47,Bhubaneswar,Odisha,East,P020,Notebook Set,Stationery,2,500,0.0,1000.0,440,560.0
O04367,2025-12-25,C0502,Pooja Gupta,Female,59,Mumbai,Maharashtra,West,P004,Smart Watch,Electronics,3,6500,0.1,17550.0,12000,5550.0
O04368,2025-04-18,C0431,Rahul Patel,Male,42,Kochi,Kerala,South,P003,Headphones,Electronics,2,2500,0.05,4750.0,2800,1950.0
O04369,2025-02-16,C0928,Priya Desai,Female,47,Ahmedabad,Gujarat,West,P002,Smartphone,Electronics,1,28000,0.15,23800.0,21500,2300.0
O04370,2025-07-26,C0131,Meera Joshi,Female,38,Kochi,Kerala,South,P018,Wall Clock,Home Decor,1,1500,0.15,1275.0,800,475.0
O04371,2025-12-29,C0256,Varun Iyer,Female,31,Bhubaneswar,Odisha,East,P006,Desk,Furniture,1,12000,0.15,10200.0,8500,1700.0
O04372,2025-12-06,C0449,Pooja Khan,Male,23,Chennai,Tamil Nadu,South,P001,Laptop,Electronics,1,55000,0.25,41250.0,42000,-750.0
O04373,2025-05-08,C0783,Rahul Desai,Male,26,Hyderabad,Telangana,South,P004,Smart Watch,Electronics,4,6500,0.1,23400.0,16000,7400.0
O04374,2025-07-04,C0875,Pooja Nair,Female,31,Hyderabad,Telangana,South,P007,Bookshelf,Furniture,2,7000,0.1,12600.0,9600,3000.0
O04375,2025-02-27,C0244,Aditi Mehta,Male,33,Hyderabad,Telangana,South,P020,Notebook Set,Stationery,1,500,0.15,425.0,220,205.0
O04376,2025-05-23,C0046,Raj Nair,Male,55,Kochi,Kerala,South,P010,Yoga Mat,Sports,4,1200,0.1,4320.0,2600,1720.0
O04377,2025-04-07,C0314,Rahul Gupta,Female,23,Jaipur,Rajasthan,North,P004,Smart Watch,Electronics,2,6500,0.0,13000.0,8000,5000.0
O04378,2025-02-16,C0292,Rohan Reddy,Female,29,Hyderabad,Telangana,South,P007,Bookshelf,Furniture,1,7000,0.2,5600.0,4800,800.0
O04379,2025-07-10,C0974,Vikram Iyer,Male,34,Kolkata,West Bengal,East,P007,Bookshelf,Furniture,1,7000,0.0,7000.0,4800,2200.0
O04380,2025-05-20,C0322,Varun Nair,Male,26,Bhubaneswar,Odisha,East,P001,Laptop,Electronics,1,55000,0.05,52250.0,42000,10250.0
O04381,2025-04-13,C0220,Varun Sharma,Male,40,Bhubaneswar,Odisha,East,P003,Headphones,Electronics,4,2500,0.0,10000.0,5600,4400.0
O04382,2025-08-19,C0268,Kavya Shah,Female,36,Pune,Maharashtra,West,P014,T-Shirt,Fashion,2,1200,0.0,2400.0,1300,1100.0
O04383,2025-12-06,C0294,Varun Shah,Female,31,Kochi,Kerala,South,P003,Headphones,Electronics,3,2500,0.0,7500.0,4200,3300.0
O04384,2025-02-18,C0721,Amit Khan,Male,38,Mumbai,Maharashtra,West,P004,Smart Watch,Electronics,1,6500,0.0,6500.0,4000,2500.0
O04385,2025-04-22,C0056,Rohan Shah,Male,47,Kolkata,West Bengal,East,P008,Backpack,Accessories,3,2200,0.1,5940.0,3600,2340.0
O04386,2025-11-12,C0229,Rohan Singh,Male,52,Lucknow,Uttar Pradesh,North,P015,Jeans,Fashion,1,2500,0.05,2375.0,1400,975.0
O04387,2025-11-18,C0937,Aarav Patel,Female,50,Hyderabad,Telangana,South,P012,Air Fryer,Home Appliances,5,7500,0.05,35625.0,24000,11625.0
O04388,2025-03-28,C0106,Nikhil Iyer,Female,30,Kochi,Kerala,South,P014,T-Shirt,Fashion,3,1200,0.15,3060.0,1950,1110.0
O04389,2025-10-09,C0626,Varun Kapoor,Female,18,Ahmedabad,Gujarat,West,P011,Coffee Maker,Home Appliances,1,5500,0.05,5225.0,3400,1825.0
O04390,2025-11-23,C0261,Sneha Nair,Female,18,Mumbai,Maharashtra,West,P014,T-Shirt,Fashion,2,1200,0.0,2400.0,1300,1100.0
O04391,2025-09-09,C0458,Varun Desai,Female,33,Jaipur,Rajasthan,North,P001,Laptop,Electronics,2,55000,0.1,99000.0,84000,15000.0
O04392,2025-03-15,C0068,Rahul Shah,Male,47,Kolkata,West Bengal,East,P020,Notebook Set,Stationery,3,500,0.05,1425.0,660,765.0
O04393,2025-02-16,C0221,Varun Reddy,Female,26,Hyderabad,Telangana,South,P002,Smartphone,Electronics,1,28000,0.05,26600.0,21500,5100.0
O04394,2025-03-17,C0383,Rahul Singh,Male,26,Bhubaneswar,Odisha,East,P008,Backpack,Accessories,1,2200,0.1,1980.0,1200,780.0
O04395,2025-04-06,C0164,Priya Gupta,Male,25,Delhi,Delhi,North,P016,Jacket,Fashion,3,4500,0.15,11475.0,8100,3375.0
O04396,2025-01-31,C0420,Aditi Nair,Male,31,Bhubaneswar,Odisha,East,P009,Running Shoes,Sports,2,4500,0.1,8100.0,5400,2700.0
O04397,2025-01-22,C0155,Vikram Mehta,Male,34,Ahmedabad,Gujarat,West,P020,Notebook Set,Stationery,1,500,0.2,400.0,220,180.0
O04398,2025-01-17,C0526,Vikram Singh,Female,50,Bhubaneswar,Odisha,East,P010,Yoga Mat,Sports,3,1200,0.1,3240.0,1950,1290.0
O04399,2025-07-31,C0836,Neha Patel,Male,39,Bengaluru,Karnataka,South,P018,Wall Clock,Home Decor,1,1500,0.1,1350.0,800,550.0
O04400,2025-05-28,C0059,Neha Reddy,Male,28,Mumbai,Maharashtra,West,P017,Table Lamp,Home Decor,3,1800,0.05,5130.0,2850,2280.0
O04401,2025-08-23,C0153,Meera Patel,Male,44,Lucknow,Uttar Pradesh,North,P020,Notebook Set,Stationery,1,500,0.15,425.0,220,205.0
O04402,2025-12-20,C0751,Simran Joshi,Male,51,Ahmedabad,Gujarat,West,P019,Cushion Set,Home Decor,1,1200,0.05,1140.0,600,540.0
O04403,2025-11-01,C0507,Priya Patel,Female,28,Bhubaneswar,Odisha,East,P019,Cushion Set,Home Decor,1,1200,0.1,1080.0,600,480.0
O04404,2025-03-28,C0054,Aarav Iyer,Female,21,Mumbai,Maharashtra,West,P015,Jeans,Fashion,1,2500,0.1,2250.0,1400,850.0
O04405,2025-02-07,C0370,Aarav Gupta,Female,31,Jaipur,Rajasthan,North,P008,Backpack,Accessories,2,2200,0.15,3740.0,2400,1340.0
O04406,2025-02-22,C0148,Ananya Gupta,Male,28,Mumbai,Maharashtra,West,P002,Smartphone,Electronics,2,28000,0.2,44800.0,43000,1800.0
O04407,2025-01-28,C0140,Rahul Iyer,Male,23,Jaipur,Rajasthan,North,P014,T-Shirt,Fashion,1,1200,0.2,960.0,650,310.0
O04408,2025-03-18,C0893,Sneha Khan,Male,45,Pune,Maharashtra,West,P020,Notebook Set,Stationery,1,500,0.05,475.0,220,255.0
O04409,2025-07-19,C0648,Aarav Reddy,Male,18,Hyderabad,Telangana,South,P015,Jeans,Fashion,2,2500,0.05,4750.0,2800,1950.0
O04410,2025-06-22,C0574,Amit Kapoor,Female,46,Kolkata,West Bengal,East,P020,Notebook Set,Stationery,1,500,0.15,425.0,220,205.0
O04411,2025-10-01,C0169,Raj Sharma,Female,25,Kolkata,West Bengal,East,P016,Jacket,Fashion,2,4500,0.1,8100.0,5400,2700.0
O04412,2025-02-19,C0082,Aditi Shah,Male,34,Jaipur,Rajasthan,North,P003,Headphones,Electronics,2,2500,0.1,4500.0,2800,1700.0
O04413,2025-12-11,C0787,Ananya Reddy,Male,37,Kolkata,West Bengal,East,P005,Office Chair,Furniture,3,8500,0.15,21675.0,18000,3675.0
O04414,2025-06-26,C0004,Rohan Shah,Male,38,Mumbai,Maharashtra,West,P007,Bookshelf,Furniture,2,7000,0.1,12600.0,9600,3000.0
O04415,2025-10-28,C0286,Simran Desai,Male,47,Bhubaneswar,Odisha,East,P003,Headphones,Electronics,1,2500,0.25,1875.0,1400,475.0
O04416,2025-08-15,C0199,Neha Kapoor,Female,24,Ahmedabad,Gujarat,West,P012,Air Fryer,Home Appliances,3,7500,0.1,20250.0,14400,5850.0
O04417,2025-05-07,C0447,Simran Khan,Female,51,Pune,Maharashtra,West,P020,Notebook Set,Stationery,5,500,0.1,2250.0,1100,1150.0
O04418,2025-12-15,C0178,Nikhil Kapoor,Female,39,Kolkata,West Bengal,East,P015,Jeans,Fashion,1,2500,0.1,2250.0,1400,850.0
O04419,2025-01-21,C0225,Aarav Patel,Female,47,Chennai,Tamil Nadu,South,P009,Running Shoes,Sports,4,4500,0.15,15300.0,10800,4500.0
O04420,2025-07-18,C0759,Sneha Joshi,Female,21,Ahmedabad,Gujarat,West,P001,Laptop,Electronics,2,55000,0.1,99000.0,84000,15000.0
O04421,2025-07-08,C0479,Aarav Singh,Male,51,Bhubaneswar,Odisha,East,P006,Desk,Furniture,1,12000,0.15,10200.0,8500,1700.0
O04422,2025-11-28,C0101,Nikhil Shah,Male,21,Chennai,Tamil Nadu,South,P010,Yoga Mat,Sports,1,1200,0.25,900.0,650,250.0
O04423,2025-06-01,C0608,Meera Iyer,Female,38,Lucknow,Uttar Pradesh,North,P007,Bookshelf,Furniture,2,7000,0.1,12600.0,9600,3000.0
O04424,2025-06-09,C0146,Simran Iyer,Male,53,Chennai,Tamil Nadu,South,P002,Smartphone,Electronics,1,28000,0.1,25200.0,21500,3700.0
O04425,2025-12-13,C0324,Rohan Iyer,Female,51,Kolkata,West Bengal,East,P009,Running Shoes,Sports,1,4500,0.15,3825.0,2700,1125.0
O04426,2025-04-06,C0522,Aditi Reddy,Male,22,Lucknow,Uttar Pradesh,North,P005,Office Chair,Furniture,1,8500,0.15,7225.0,6000,1225.0
O04427,2025-12-18,C0194,Arjun Patel,Male,52,Ahmedabad,Gujarat,West,P019,Cushion Set,Home Decor,1,1200,0.0,1200.0,600,600.0
O04428,2025-03-16,C0283,Karan Joshi,Male,41,Ahmedabad,Gujarat,West,P002,Smartphone,Electronics,1,28000,0.1,25200.0,21500,3700.0
O04429,2025-03-23,C0616,Amit Gupta,Female,54,Bhubaneswar,Odisha,East,P001,Laptop,Electronics,2,55000,0.15,93500.0,84000,9500.0
O04430,2025-05-08,C0889,Aditi Kapoor,Male,34,Delhi,Delhi,North,P001,Laptop,Electronics,1,55000,0.1,49500.0,42000,7500.0
O04431,2025-12-25,C0409,Simran Desai,Male,30,Kolkata,West Bengal,East,P007,Bookshelf,Furniture,5,7000,0.15,29750.0,24000,5750.0
O04432,2025-05-13,C0007,Ananya Khan,Male,53,Ahmedabad,Gujarat,West,P014,T-Shirt,Fashion,1,1200,0.1,1080.0,650,430.0
O04433,2025-05-19,C0246,Varun Shah,Male,19,Mumbai,Maharashtra,West,P015,Jeans,Fashion,1,2500,0.25,1875.0,1400,475.0
O04434,2025-09-03,C0295,Raj Singh,Female,51,Jaipur,Rajasthan,North,P009,Running Shoes,Sports,1,4500,0.05,4275.0,2700,1575.0
O04435,2025-10-18,C0247,Aarav Khan,Male,19,Pune,Maharashtra,West,P014,T-Shirt,Fashion,1,1200,0.0,1200.0,650,550.0
O04436,2025-04-22,C0327,Arjun Nair,Male,35,Chennai,Tamil Nadu,South,P008,Backpack,Accessories,1,2200,0.1,1980.0,1200,780.0
O04437,2025-07-22,C0508,Kavya Singh,Female,30,Chennai,Tamil Nadu,South,P014,T-Shirt,Fashion,2,1200,0.1,2160.0,1300,860.0
O04438,2025-06-19,C0084,Priya Reddy,Female,39,Ahmedabad,Gujarat,West,P001,Laptop,Electronics,2,55000,0.1,99000.0,84000,15000.0
O04439,2025-03-28,C0195,Karan Reddy,Female,36,Jaipur,Rajasthan,North,P008,Backpack,Accessories,1,2200,0.05,2090.0,1200,890.0
O04440,2025-04-29,C0389,Varun Nair,Male,53,Kolkata,West Bengal,East,P016,Jacket,Fashion,1,4500,0.15,3825.0,2700,1125.0
O04441,2025-04-08,C0228,Aarav Nair,Female,28,Hyderabad,Telangana,South,P016,Jacket,Fashion,1,4500,0.1,4050.0,2700,1350.0
O04442,2025-08-28,C0983,Sneha Kapoor,Male,46,Bhubaneswar,Odisha,East,P014,T-Shirt,Fashion,3,1200,0.1,3240.0,1950,1290.0
O04443,2025-12-03,C0323,Sneha Gupta,Female,44,Kochi,Kerala,South,P004,Smart Watch,Electronics,2,6500,0.15,11050.0,8000,3050.0
O04444,2025-05-18,C0786,Raj Sharma,Female,23,Chennai,Tamil Nadu,South,P005,Office Chair,Furniture,1,8500,0.15,7225.0,6000,1225.0
O04445,2025-03-23,C0824,Aditi Khan,Male,52,Pune,Maharashtra,West,P020,Notebook Set,Stationery,1,500,0.1,450.0,220,230.0
O04446,2025-08-24,C0740,Sneha Iyer,Male,56,Kochi,Kerala,South,P002,Smartphone,Electronics,4,28000,0.1,100800.0,86000,14800.0
O04447,2025-05-16,C0032,Neha Mehta,Male,54,Hyderabad,Telangana,South,P003,Headphones,Electronics,1,2500,0.1,2250.0,1400,850.0
O04448,2025-10-09,C0905,Pooja Desai,Male,51,Kochi,Kerala,South,P003,Headphones,Electronics,2,2500,0.2,4000.0,2800,1200.0
O04449,2025-01-03,C0089,Aarav Sharma,Female,30,Bengaluru,Karnataka,South,P007,Bookshelf,Furniture,1,7000,0.2,5600.0,4800,800.0
O04450,2025-02-28,C0024,Pooja Patel,Male,50,Kolkata,West Bengal,East,P004,Smart Watch,Electronics,2,6500,0.1,11700.0,8000,3700.0
O04451,2025-04-26,C0308,Sneha Sharma,Male,55,Bhubaneswar,Odisha,East,P010,Yoga Mat,Sports,4,1200,0.0,4800.0,2600,2200.0
O04452,2025-05-11,C0136,Simran Reddy,Male,34,Pune,Maharashtra,West,P010,Yoga Mat,Sports,5,1200,0.05,5700.0,3250,2450.0
O04453,2025-07-20,C0129,Neha Sharma,Male,28,Lucknow,Uttar Pradesh,North,P019,Cushion Set,Home Decor,2,1200,0.1,2160.0,1200,960.0
O04454,2025-10-19,C0206,Kavya Gupta,Female,54,Kochi,Kerala,South,P001,Laptop,Electronics,1,55000,0.1,49500.0,42000,7500.0
O04455,2025-12-08,C0176,Priya Verma,Male,33,Chennai,Tamil Nadu,South,P007,Bookshelf,Furniture,1,7000,0.15,5950.0,4800,1150.0
O04456,2025-04-08,C0562,Raj Mehta,Male,29,Bhubaneswar,Odisha,East,P012,Air Fryer,Home Appliances,1,7500,0.05,7125.0,4800,2325.0
O04457,2025-08-04,C0131,Meera Joshi,Female,38,Kochi,Kerala,South,P012,Air Fryer,Home Appliances,5,7500,0.15,31875.0,24000,7875.0
O04458,2025-05-04,C0422,Isha Iyer,Male,52,Pune,Maharashtra,West,P010,Yoga Mat,Sports,2,1200,0.2,1920.0,1300,620.0
O04459,2025-03-14,C0974,Vikram Iyer,Male,34,Kolkata,West Bengal,East,P017,Table Lamp,Home Decor,1,1800,0.15,1530.0,950,580.0
O04460,2025-05-10,C0323,Sneha Gupta,Female,44,Kochi,Kerala,South,P002,Smartphone,Electronics,1,28000,0.05,26600.0,21500,5100.0
O04461,2025-01-27,C0517,Arjun Kapoor,Female,55,Jaipur,Rajasthan,North,P017,Table Lamp,Home Decor,2,1800,0.1,3240.0,1900,1340.0
O04462,2025-06-14,C0943,Priya Joshi,Male,46,Bhubaneswar,Odisha,East,P010,Yoga Mat,Sports,5,1200,0.1,5400.0,3250,2150.0
O04463,2025-03-09,C0095,Rahul Sharma,Male,51,Jaipur,Rajasthan,North,P003,Headphones,Electronics,2,2500,0.2,4000.0,2800,1200.0
O04464,2025-01-14,C0312,Vikram Patel,Female,25,Bengaluru,Karnataka,South,P019,Cushion Set,Home Decor,1,1200,0.1,1080.0,600,480.0
O04465,2025-04-08,C0759,Sneha Joshi,Female,21,Ahmedabad,Gujarat,West,P013,Mixer Grinder,Home Appliances,1,4200,0.0,3780.0,2700,1080.0
O04466,2025-10-06,C0880,Priya Verma,Male,46,Hyderabad,Telangana,South,P003,Headphones,Electronics,1,2500,0.1,2250.0,1400,850.0
O04467,2025-09-04,C0477,Karan Gupta,Female,58,Kolkata,West Bengal,East,P001,Laptop,Electronics,3,55000,0.1,148500.0,126000,22500.0
O04468,2025-04-22,C0099,Vikram Mehta,Female,28,Bhubaneswar,Odisha,East,P003,Headphones,Electronics,5,2500,0.15,10625.0,7000,3625.0
O04469,2025-07-26,C0832,Nikhil Patel,Female,48,Lucknow,Uttar Pradesh,North,P012,Air Fryer,Home Appliances,4,7500,0.0,30000.0,19200,10800.0
O04470,2025-12-18,C0122,Arjun Mehta,Female,22,Hyderabad,Telangana,South,P003,Headphones,Electronics,2,2500,0.1,4500.0,2800,1700.0
O04471,2025-11-30,C0258,Arjun Sharma,Male,46,Hyderabad,Telangana,South,P004,Smart Watch,Electronics,2,6500,0.05,12350.0,8000,4350.0
O04472,2025-08-21,C0276,Rahul Desai,Female,27,Delhi,Delhi,North,P001,Laptop,Electronics,2,55000,0.05,104500.0,84000,20500.0
O04473,2025-03-02,C0336,Priya Shah,Male,43,Kolkata,West Bengal,East,P015,Jeans,Fashion,2,2500,0.15,4250.0,2800,1450.0
O04474,2025-03-26,C0682,Ananya Shah,Female,37,Bengaluru,Karnataka,South,P017,Table Lamp,Home Decor,2,1800,0.05,3420.0,1900,1520.0
O04475,2025-07-02,C0697,Karan Sharma,Male,41,Lucknow,Uttar Pradesh,North,P016,Jacket,Fashion,1,4500,0.05,4275.0,2700,1575.0
O04476,2025-08-27,C0600,Raj Singh,Male,54,Ahmedabad,Gujarat,West,P003,Headphones,Electronics,2,2500,0.15,4250.0,2800,1450.0
O04477,2025-09-07,C0015,Kavya Reddy,Female,20,Delhi,Delhi,North,P019,Cushion Set,Home Decor,1,1200,0.15,1020.0,600,420.0
O04478,2025-03-12,C0442,Amit Nair,Female,29,Mumbai,Maharashtra,West,P014,T-Shirt,Fashion,1,1200,0.0,1200.0,650,550.0
O04479,2025-08-16,C0631,Varun Patel,Male,20,Bengaluru,Karnataka,South,P019,Cushion Set,Home Decor,3,1200,0.1,3240.0,1800,1440.0
O04480,2025-03-26,C0334,Nikhil Desai,Female,34,Kochi,Kerala,South,P009,Running Shoes,Sports,3,4500,0.05,12825.0,8100,4725.0
O04481,2025-11-02,C0900,Arjun Sharma,Female,44,Pune,Maharashtra,West,P009,Running Shoes,Sports,2,4500,0.05,8550.0,5400,3150.0
O04482,2025-09-28,C0724,Arjun Patel,Male,39,Delhi,Delhi,North,P016,Jacket,Fashion,1,4500,0.1,4050.0,2700,1350.0
O04483,2025-10-17,C0514,Nikhil Desai,Female,28,Chennai,Tamil Nadu,South,P002,Smartphone,Electronics,4,28000,0.0,112000.0,86000,26000.0
O04484,2025-08-24,C0043,Isha Nair,Male,48,Kolkata,West Bengal,East,P010,Yoga Mat,Sports,2,1200,0.25,1800.0,1300,500.0
O04485,2025-10-18,C0528,Arjun Singh,Female,44,Kolkata,West Bengal,East,P017,Table Lamp,Home Decor,1,1800,0.05,1710.0,950,760.0
O04486,2025-02-08,C0847,Rohan Singh,Female,50,Delhi,Delhi,North,P017,Table Lamp,Home Decor,2,1800,0.15,3060.0,1900,1160.0
O04487,2025-07-25,C0279,Meera Sharma,Male,37,Kolkata,West Bengal,East,P020,Notebook Set,Stationery,1,500,0.15,425.0,220,205.0
O04488,2025-07-02,C0743,Isha Joshi,Male,38,Jaipur,Rajasthan,North,P014,T-Shirt,Fashion,1,1200,0.25,900.0,650,250.0
O04489,2025-07-06,C0226,Isha Desai,Male,48,Chennai,Tamil Nadu,South,P004,Smart Watch,Electronics,3,6500,0.1,17550.0,12000,5550.0
O04490,2025-05-13,C0447,Simran Khan,Female,51,Pune,Maharashtra,West,P001,Laptop,Electronics,1,55000,0.2,44000.0,42000,2000.0
O04491,2025-01-30,C0524,Aarav Khan,Female,58,Kolkata,West Bengal,East,P010,Yoga Mat,Sports,1,1200,0.25,900.0,650,250.0
O04492,2025-09-12,C0555,Rahul Iyer,Male,45,Chennai,Tamil Nadu,South,P010,Yoga Mat,Sports,1,1200,0.05,1140.0,650,490.0
O04493,2025-05-23,C0804,Raj Joshi,Male,57,Chennai,Tamil Nadu,South,P004,Smart Watch,Electronics,1,6500,0.1,5850.0,4000,1850.0
O04494,2025-04-13,C0166,Neha Iyer,Female,34,Hyderabad,Telangana,South,P003,Headphones,Electronics,1,2500,0.0,2500.0,1400,1100.0
O04495,2025-03-15,C0187,Aditi Iyer,Female,29,Ahmedabad,Gujarat,West,P012,Air Fryer,Home Appliances,1,7500,0.1,6750.0,4800,1950.0
O04496,2025-02-24,C0583,Aarav Khan,Male,30,Pune,Maharashtra,West,P015,Jeans,Fashion,1,2500,0.1,2250.0,1400,850.0
O04497,2025-08-24,C0124,Arjun Verma,Male,54,Pune,Maharashtra,West,P020,Notebook Set,Stationery,1,500,0.05,475.0,220,255.0
O04498,2025-03-01,C0351,Priya Reddy,Male,34,Pune,Maharashtra,West,P015,Jeans,Fashion,1,2500,0.15,2125.0,1400,725.0
O04499,2025-01-24,C0014,Nikhil Iyer,Male,20,Pune,Maharashtra,West,P016,Jacket,Fashion,1,4500,0.0,4500.0,2700,1800.0
O04500,2025-01-22,C0098,Raj Iyer,Female,38,Bhubaneswar,Odisha,East,P013,Mixer Grinder,Home Appliances,2,4200,0.15,7140.0,5400,1740.0
O04501,2025-02-01,C0556,Aarav Kapoor,Male,23,Jaipur,Rajasthan,North,P020,Notebook Set,Stationery,2,500,0.0,1000.0,440,560.0
O04502,2025-12-17,C0631,Varun Patel,Male,20,Bengaluru,Karnataka,South,P013,Mixer Grinder,Home Appliances,1,4200,0.15,3570.0,2700,870.0
O04503,2025-12-05,C0079,Ananya Nair,Female,26,Ahmedabad,Gujarat,West,P018,Wall Clock,Home Decor,2,1500,0.0,3000.0,1600,1400.0
O04504,2025-01-03,C0161,Aarav Reddy,Female,24,Kochi,Kerala,South,P020,Notebook Set,Stationery,5,500,0.05,2375.0,1100,1275.0
O04505,2025-03-11,C0068,Rahul Shah,Male,47,Kolkata,West Bengal,East,P020,Notebook Set,Stationery,4,500,0.15,1700.0,880,820.0
O04506,2025-06-09,C0324,Rohan Iyer,Female,51,Kolkata,West Bengal,East,P008,Backpack,Accessories,1,2200,0.05,2090.0,1200,890.0
O04507,2025-03-29,C0087,Amit Shah,Female,54,Jaipur,Rajasthan,North,P002,Smartphone,Electronics,3,28000,0.1,75600.0,64500,11100.0
O04508,2025-12-31,C0328,Karan Patel,Male,32,Kolkata,West Bengal,East,P003,Headphones,Electronics,1,2500,0.2,2000.0,1400,600.0
O04509,2025-02-28,C0614,Priya Singh,Female,44,Bengaluru,Karnataka,South,P002,Smartphone,Electronics,1,28000,0.0,28000.0,21500,6500.0
O04510,2025-09-09,C0561,Priya Nair,Male,43,Bengaluru,Karnataka,South,P002,Smartphone,Electronics,1,28000,0.15,23800.0,21500,2300.0
O04511,2025-08-07,C0201,Sneha Verma,Male,24,Jaipur,Rajasthan,North,P003,Headphones,Electronics,1,2500,0.0,2500.0,1400,1100.0
O04512,2025-07-20,C0550,Aarav Mehta,Female,34,Jaipur,Rajasthan,North,P007,Bookshelf,Furniture,2,7000,0.05,13300.0,9600,3700.0
O04513,2025-03-18,C0872,Nikhil Shah,Male,24,Lucknow,Uttar Pradesh,North,P011,Coffee Maker,Home Appliances,2,5500,0.0,11000.0,6800,4200.0
O04514,2025-09-12,C0253,Sneha Patel,Female,20,Hyderabad,Telangana,South,P014,T-Shirt,Fashion,2,1200,0.25,1800.0,1300,500.0
O04515,2025-09-04,C0239,Rohan Mehta,Male,19,Mumbai,Maharashtra,West,P004,Smart Watch,Electronics,1,6500,0.05,6175.0,4000,2175.0
O04516,2025-09-27,C0448,Pooja Shah,Female,54,Bengaluru,Karnataka,South,P014,T-Shirt,Fashion,1,1200,0.2,960.0,650,310.0
O04517,2025-11-03,C0174,Sneha Reddy,Male,30,Lucknow,Uttar Pradesh,North,P014,T-Shirt,Fashion,1,1200,0.25,900.0,650,250.0
O04518,2025-05-19,C0527,Pooja Reddy,Female,55,Chennai,Tamil Nadu,South,P011,Coffee Maker,Home Appliances,1,5500,0.1,4950.0,3400,1550.0
O04519,2025-03-19,C0735,Nikhil Joshi,Female,54,Kolkata,West Bengal,East,P019,Cushion Set,Home Decor,5,1200,0.1,5400.0,3000,2400.0
O04520,2025-03-21,C0347,Raj Sharma,Female,54,Lucknow,Uttar Pradesh,North,P002,Smartphone,Electronics,2,28000,0.15,47600.0,43000,4600.0
O04521,2025-01-10,C0556,Aarav Kapoor,Male,23,Jaipur,Rajasthan,North,P003,Headphones,Electronics,4,2500,0.1,9000.0,5600,3400.0
O04522,2025-12-02,C0528,Arjun Singh,Female,44,Kolkata,West Bengal,East,P009,Running Shoes,Sports,2,4500,0.05,8550.0,5400,3150.0
O04523,2025-05-04,C0026,Aditi Mehta,Female,56,Pune,Maharashtra,West,P003,Headphones,Electronics,1,2500,0.1,2250.0,1400,850.0
O04524,2025-07-05,C0128,Rohan Patel,Female,51,Hyderabad,Telangana,South,P011,Coffee Maker,Home Appliances,1,5500,0.15,4675.0,3400,1275.0
O04525,2025-02-03,C0820,Aditi Reddy,Male,33,Jaipur,Rajasthan,North,P008,Backpack,Accessories,1,2200,0.15,1870.0,1200,670.0
O04526,2025-05-01,C0890,Simran Gupta,Female,19,Chennai,Tamil Nadu,South,P005,Office Chair,Furniture,1,8500,0.05,8075.0,6000,2075.0
O04527,2025-03-21,C0670,Sneha Verma,Male,43,Chennai,Tamil Nadu,South,P003,Headphones,Electronics,3,2500,0.05,7125.0,4200,2925.0
O04528,2025-07-25,C0862,Isha Gupta,Female,36,Ahmedabad,Gujarat,West,P007,Bookshelf,Furniture,1,7000,0.2,5600.0,4800,800.0
O04529,2025-02-22,C0221,Varun Reddy,Female,26,Hyderabad,Telangana,South,P012,Air Fryer,Home Appliances,1,7500,0.0,7500.0,4800,2700.0
O04530,2025-06-05,C0176,Priya Verma,Male,33,Chennai,Tamil Nadu,South,P012,Air Fryer,Home Appliances,2,7500,0.15,12750.0,9600,3150.0
O04531,2025-10-01,C0283,Karan Joshi,Male,41,Ahmedabad,Gujarat,West,P003,Headphones,Electronics,3,2500,0.0,7500.0,4200,3300.0
O04532,2025-12-24,C0038,Kavya Kapoor,Female,27,Lucknow,Uttar Pradesh,North,P003,Headphones,Electronics,1,2500,0.15,2125.0,1400,725.0
O04533,2025-05-15,C0706,Arjun Gupta,Male,21,Kolkata,West Bengal,East,P001,Laptop,Electronics,2,55000,0.2,88000.0,84000,4000.0
O04534,2025-04-08,C0970,Varun Reddy,Female,49,Kolkata,West Bengal,East,P001,Laptop,Electronics,1,55000,0.05,52250.0,42000,10250.0
O04535,2025-08-29,C0725,Rahul Reddy,Male,21,Ahmedabad,Gujarat,West,P018,Wall Clock,Home Decor,2,1500,0.0,3000.0,1600,1400.0
O04536,2025-02-14,C0433,Priya Sharma,Male,43,Pune,Maharashtra,West,P001,Laptop,Electronics,1,55000,0.1,49500.0,42000,7500.0
O04537,2025-07-18,C0212,Rahul Joshi,Male,25,Ahmedabad,Gujarat,West,P015,Jeans,Fashion,1,2500,0.05,2375.0,1400,975.0
O04538,2025-10-18,C0139,Sneha Singh,Male,29,Hyderabad,Telangana,South,P018,Wall Clock,Home Decor,2,1500,0.1,2700.0,1600,1100.0
O04539,2025-04-24,C0267,Neha Nair,Male,36,Pune,Maharashtra,West,P002,Smartphone,Electronics,1,28000,0.15,23800.0,21500,2300.0
O04540,2025-10-04,C0543,Neha Khan,Male,20,Jaipur,Rajasthan,North,P009,Running Shoes,Sports,2,4500,0.05,8550.0,5400,3150.0
O04541,2025-08-29,C0336,Priya Shah,Male,43,Kolkata,West Bengal,East,P020,Notebook Set,Stationery,3,500,0.1,1350.0,660,690.0
O04542,2025-06-05,C0882,Aditi Kapoor,Female,35,Pune,Maharashtra,West,P017,Table Lamp,Home Decor,1,1800,0.15,1530.0,950,580.0
O04543,2025-12-18,C0764,Kavya Reddy,Male,18,Delhi,Delhi,North,P010,Yoga Mat,Sports,2,1200,0.15,2040.0,1300,740.0
O04544,2025-02-13,C0070,Vikram Shah,Female,54,Chennai,Tamil Nadu,South,P015,Jeans,Fashion,2,2500,0.05,4750.0,2800,1950.0
O04545,2025-03-21,C0091,Vikram Verma,Female,39,Delhi,Delhi,North,P017,Table Lamp,Home Decor,1,1800,0.15,1530.0,950,580.0
O04546,2025-11-08,C0553,Priya Desai,Male,28,Bengaluru,Karnataka,South,P007,Bookshelf,Furniture,2,7000,0.15,11900.0,9600,2300.0
O04547,2025-05-18,C0163,Pooja Kapoor,Female,26,Pune,Maharashtra,West,P019,Cushion Set,Home Decor,2,1200,0.1,2160.0,1200,960.0
O04548,2025-05-31,C0683,Karan Patel,Male,32,Chennai,Tamil Nadu,South,P010,Yoga Mat,Sports,2,1200,0.05,2280.0,1300,980.0
O04549,2025-08-30,C0467,Karan Patel,Male,25,Hyderabad,Telangana,South,P010,Yoga Mat,Sports,4,1200,0.0,4800.0,2600,2200.0
O04550,2025-05-23,C0162,Varun Gupta,Male,52,Bhubaneswar,Odisha,East,P020,Notebook Set,Stationery,2,500,0.15,850.0,440,410.0
O04551,2025-11-07,C0363,Arjun Nair,Female,34,Delhi,Delhi,North,P017,Table Lamp,Home Decor,5,1800,0.15,7650.0,4750,2900.0
O04552,2025-10-26,C0301,Rohan Nair,Female,32,Jaipur,Rajasthan,North,P008,Backpack,Accessories,2,2200,0.15,3740.0,2400,1340.0
O04553,2025-02-19,C0791,Pooja Khan,Female,18,Chennai,Tamil Nadu,South,P001,Laptop,Electronics,1,55000,0.0,55000.0,42000,13000.0
O04554,2025-09-19,C0022,Vikram Joshi,Female,49,Bengaluru,Karnataka,South,P013,Mixer Grinder,Home Appliances,1,4200,0.1,3780.0,2700,1080.0
O04555,2025-06-10,C0823,Rahul Iyer,Female,30,Chennai,Tamil Nadu,South,P014,T-Shirt,Fashion,1,1200,0.15,1020.0,650,370.0
O04556,2025-03-03,C0528,Arjun Singh,Female,44,Kolkata,West Bengal,East,P013,Mixer Grinder,Home Appliances,2,4200,0.1,7560.0,5400,2160.0
O04557,2025-02-24,C0620,Vikram Sharma,Female,30,Chennai,Tamil Nadu,South,P020,Notebook Set,Stationery,2,500,0.05,950.0,440,510.0
O04558,2025-01-31,C0002,Raj Iyer,Male,55,Chennai,Tamil Nadu,South,P018,Wall Clock,Home Decor,1,1500,0.1,1350.0,800,550.0
O04559,2025-11-26,C0504,Amit Mehta,Male,42,Bengaluru,Karnataka,South,P009,Running Shoes,Sports,1,4500,0.15,3825.0,2700,1125.0
O04560,2025-10-17,C0465,Ananya Shah,Female,49,Delhi,Delhi,North,P002,Smartphone,Electronics,1,28000,0.0,28000.0,21500,6500.0
O04561,2025-06-18,C0416,Nikhil Reddy,Male,19,Jaipur,Rajasthan,North,P010,Yoga Mat,Sports,1,1200,0.1,1080.0,650,430.0
O04562,2025-09-23,C0677,Pooja Desai,Female,38,Bhubaneswar,Odisha,East,P014,T-Shirt,Fashion,2,1200,0.15,2040.0,1300,740.0
O04563,2025-11-04,C0433,Priya Sharma,Male,43,Pune,Maharashtra,West,P012,Air Fryer,Home Appliances,3,7500,0.1,20250.0,14400,5850.0
O04564,2025-07-04,C0768,Karan Nair,Male,58,Bengaluru,Karnataka,South,P011,Coffee Maker,Home Appliances,4,5500,0.15,18700.0,13600,5100.0
O04565,2025-11-30,C0165,Karan Verma,Female,34,Mumbai,Maharashtra,West,P010,Yoga Mat,Sports,1,1200,0.1,1080.0,650,430.0
O04566,2025-01-03,C0702,Amit Khan,Female,46,Lucknow,Uttar Pradesh,North,P006,Desk,Furniture,2,12000,0.05,22800.0,17000,5800.0
O04567,2025-06-10,C0125,Simran Joshi,Female,53,Pune,Maharashtra,West,P005,Office Chair,Furniture,2,8500,0.05,16150.0,12000,4150.0
O04568,2025-09-17,C0711,Ananya Mehta,Female,22,Delhi,Delhi,North,P010,Yoga Mat,Sports,4,1200,0.1,4320.0,2600,1720.0
O04569,2025-02-17,C0893,Sneha Khan,Male,45,Pune,Maharashtra,West,P003,Headphones,Electronics,2,2500,0.0,5000.0,2800,2200.0
O04570,2025-09-11,C0244,Aditi Mehta,Male,33,Hyderabad,Telangana,South,P007,Bookshelf,Furniture,1,7000,0.1,6300.0,4800,1500.0
O04571,2025-03-15,C0409,Simran Desai,Male,30,Kolkata,West Bengal,East,P007,Bookshelf,Furniture,1,7000,0.15,5950.0,4800,1150.0
O04572,2025-12-01,C0534,Meera Khan,Female,23,Ahmedabad,Gujarat,West,P012,Air Fryer,Home Appliances,2,7500,0.05,14250.0,9600,4650.0
O04573,2025-06-15,C0054,Aarav Iyer,Female,21,Mumbai,Maharashtra,West,P002,Smartphone,Electronics,2,28000,0.1,50400.0,43000,7400.0
O04574,2025-09-17,C0377,Aarav Singh,Male,54,Jaipur,Rajasthan,North,P017,Table Lamp,Home Decor,3,1800,0.1,4860.0,2850,2010.0
O04575,2025-01-04,C0264,Varun Patel,Female,47,Kolkata,West Bengal,East,P011,Coffee Maker,Home Appliances,1,5500,0.05,5225.0,3400,1825.0
O04576,2025-04-29,C0790,Priya Joshi,Male,29,Kolkata,West Bengal,East,P014,T-Shirt,Fashion,4,1200,0.1,4320.0,2600,1720.0
O04577,2025-09-30,C0796,Neha Mehta,Female,53,Kolkata,West Bengal,East,P014,T-Shirt,Fashion,1,1200,0.2,960.0,650,310.0
O04578,2025-08-14,C0579,Pooja Iyer,Male,33,Kochi,Kerala,South,P006,Desk,Furniture,5,12000,0.1,54000.0,42500,11500.0
O04579,2025-12-18,C0532,Ananya Desai,Female,38,Chennai,Tamil Nadu,South,P010,Yoga Mat,Sports,3,1200,0.1,3240.0,1950,1290.0
O04580,2025-03-11,C0616,Amit Gupta,Female,54,Bhubaneswar,Odisha,East,P020,Notebook Set,Stationery,2,500,0.0,1000.0,440,560.0
O04581,2025-07-01,C0268,Kavya Shah,Female,36,Pune,Maharashtra,West,P015,Jeans,Fashion,2,2500,0.0,5000.0,2800,2200.0
O04582,2025-12-19,C0300,Isha Desai,Female,29,Pune,Maharashtra,West,P020,Notebook Set,Stationery,1,500,0.0,500.0,220,280.0
O04583,2025-09-21,C0431,Rahul Patel,Male,42,Kochi,Kerala,South,P015,Jeans,Fashion,1,2500,0.15,2125.0,1400,725.0
O04584,2025-06-30,C0889,Aditi Kapoor,Male,34,Delhi,Delhi,North,P003,Headphones,Electronics,1,2500,0.1,2250.0,1400,850.0
O04585,2025-01-05,C0605,Simran Desai,Female,45,Lucknow,Uttar Pradesh,North,P002,Smartphone,Electronics,1,28000,0.05,26600.0,21500,5100.0
O04586,2025-07-16,C0429,Meera Nair,Female,46,Bengaluru,Karnataka,South,P012,Air Fryer,Home Appliances,2,7500,0.15,12750.0,9600,3150.0
O04587,2025-02-16,C0658,Rohan Sharma,Male,18,Lucknow,Uttar Pradesh,North,P008,Backpack,Accessories,1,2200,0.05,2090.0,1200,890.0
O04588,2025-02-09,C0272,Meera Nair,Male,34,Bengaluru,Karnataka,South,P005,Office Chair,Furniture,3,8500,0.05,24225.0,18000,6225.0
O04589,2025-05-02,C0612,Varun Gupta,Male,19,Lucknow,Uttar Pradesh,North,P017,Table Lamp,Home Decor,1,1800,0.1,1620.0,950,670.0
O04590,2025-05-15,C0305,Amit Iyer,Male,35,Bengaluru,Karnataka,South,P008,Backpack,Accessories,2,2200,0.05,4180.0,2400,1780.0
O04591,2025-05-20,C0200,Isha Kapoor,Male,47,Bengaluru,Karnataka,South,P006,Desk,Furniture,2,12000,0.1,21600.0,17000,4600.0
O04592,2025-12-16,C0485,Neha Singh,Male,43,Hyderabad,Telangana,South,P018,Wall Clock,Home Decor,1,1500,0.05,1425.0,800,625.0
O04593,2025-06-02,C0564,Simran Khan,Male,54,Ahmedabad,Gujarat,West,P017,Table Lamp,Home Decor,1,1800,0.1,1620.0,950,670.0
O04594,2025-01-28,C0347,Raj Sharma,Female,54,Lucknow,Uttar Pradesh,North,P008,Backpack,Accessories,1,2200,0.2,1760.0,1200,560.0
O04595,2025-03-18,C0443,Nikhil Shah,Male,44,Kochi,Kerala,South,P017,Table Lamp,Home Decor,3,1800,0.2,4320.0,2850,1470.0
O04596,2025-06-24,C0572,Amit Iyer,Female,23,Kochi,Kerala,South,P018,Wall Clock,Home Decor,2,1500,0.15,2550.0,1600,950.0
O04597,2025-02-18,C0655,Pooja Joshi,Female,58,Hyderabad,Telangana,South,P009,Running Shoes,Sports,1,4500,0.2,3600.0,2700,900.0
O04598,2025-12-08,C0823,Rahul Iyer,Female,30,Chennai,Tamil Nadu,South,P002,Smartphone,Electronics,3,28000,0.1,75600.0,64500,11100.0
O04599,2025-11-06,C0259,Aarav Khan,Male,56,Ahmedabad,Gujarat,West,P001,Laptop,Electronics,1,55000,0.15,46750.0,42000,4750.0
O04600,2025-10-01,C0911,Sneha Singh,Female,27,Bengaluru,Karnataka,South,P010,Yoga Mat,Sports,2,1200,0.1,2160.0,1300,860.0
O04601,2025-01-27,C0513,Rahul Desai,Female,45,Bhubaneswar,Odisha,East,P007,Bookshelf,Furniture,1,7000,0.15,5950.0,4800,1150.0
O04602,2025-11-24,C0679,Karan Desai,Female,21,Lucknow,Uttar Pradesh,North,P020,Notebook Set,Stationery,2,500,0.1,900.0,440,460.0
O04603,2025-08-09,C0578,Raj Shah,Male,60,Chennai,Tamil Nadu,South,P016,Jacket,Fashion,4,4500,0.0,18000.0,10800,7200.0
O04604,2025-05-02,C0144,Simran Khan,Female,49,Ahmedabad,Gujarat,West,P015,Jeans,Fashion,2,2500,0.15,4250.0,2800,1450.0
O04605,2025-12-27,C0049,Aarav Reddy,Male,51,Bhubaneswar,Odisha,East,P020,Notebook Set,Stationery,1,500,0.15,425.0,220,205.0
O04606,2025-03-10,C0607,Aditi Joshi,Male,60,Mumbai,Maharashtra,West,P019,Cushion Set,Home Decor,1,1200,0.15,1020.0,600,420.0
O04607,2025-03-12,C0392,Neha Patel,Male,26,Bengaluru,Karnataka,South,P006,Desk,Furniture,3,12000,0.05,34200.0,25500,8700.0
O04608,2025-05-30,C0581,Karan Khan,Male,51,Jaipur,Rajasthan,North,P003,Headphones,Electronics,1,2500,0.05,2375.0,1400,975.0
O04609,2025-07-06,C0362,Karan Kapoor,Male,59,Jaipur,Rajasthan,North,P015,Jeans,Fashion,1,2500,0.05,2375.0,1400,975.0
O04610,2025-09-03,C0225,Aarav Patel,Female,47,Chennai,Tamil Nadu,South,P008,Backpack,Accessories,2,2200,0.1,3960.0,2400,1560.0
O04611,2025-07-15,C0204,Varun Desai,Female,53,Pune,Maharashtra,West,P010,Yoga Mat,Sports,1,1200,0.05,1140.0,650,490.0
O04612,2025-02-01,C0612,Varun Gupta,Male,19,Lucknow,Uttar Pradesh,North,P013,Mixer Grinder,Home Appliances,1,4200,0.1,3780.0,2700,1080.0
O04613,2025-04-19,C0198,Simran Sharma,Female,57,Kochi,Kerala,South,P019,Cushion Set,Home Decor,3,1200,0.05,3420.0,1800,1620.0
O04614,2025-12-19,C0594,Amit Joshi,Female,37,Chennai,Tamil Nadu,South,P009,Running Shoes,Sports,1,4500,0.05,4275.0,2700,1575.0
O04615,2025-01-01,C0283,Karan Joshi,Male,41,Ahmedabad,Gujarat,West,P016,Jacket,Fashion,1,4500,0.15,3825.0,2700,1125.0
O04616,2025-07-01,C0659,Varun Nair,Female,34,Pune,Maharashtra,West,P005,Office Chair,Furniture,2,8500,0.2,13600.0,12000,1600.0
O04617,2025-06-23,C0099,Vikram Mehta,Female,28,Bhubaneswar,Odisha,East,P014,T-Shirt,Fashion,3,1200,0.0,3600.0,1950,1650.0
O04618,2025-06-18,C0144,Simran Khan,Female,49,Ahmedabad,Gujarat,West,P001,Laptop,Electronics,1,55000,0.1,49500.0,42000,7500.0
O04619,2025-09-05,C0563,Karan Khan,Female,28,Ahmedabad,Gujarat,West,P018,Wall Clock,Home Decor,2,1500,0.0,3000.0,1600,1400.0
O04620,2025-04-18,C0438,Karan Iyer,Female,33,Hyderabad,Telangana,South,P001,Laptop,Electronics,2,55000,0.0,110000.0,84000,26000.0
O04621,2025-10-24,C0143,Isha Verma,Female,43,Bengaluru,Karnataka,South,P014,T-Shirt,Fashion,1,1200,0.15,1020.0,650,370.0
O04622,2025-09-21,C0834,Varun Shah,Male,40,Mumbai,Maharashtra,West,P001,Laptop,Electronics,1,55000,0.15,46750.0,42000,4750.0
O04623,2025-01-30,C0197,Ananya Nair,Female,43,Chennai,Tamil Nadu,South,P005,Office Chair,Furniture,1,8500,0.15,7225.0,6000,1225.0
O04624,2025-10-29,C0314,Rahul Gupta,Female,23,Jaipur,Rajasthan,North,P010,Yoga Mat,Sports,2,1200,0.1,2160.0,1300,860.0
O04625,2025-12-27,C0142,Arjun Verma,Female,36,Delhi,Delhi,North,P009,Running Shoes,Sports,3,4500,0.2,10800.0,8100,2700.0
O04626,2025-12-18,C0286,Simran Desai,Male,47,Bhubaneswar,Odisha,East,P003,Headphones,Electronics,1,2500,0.05,2375.0,1400,975.0
O04627,2025-11-13,C0375,Aarav Patel,Male,30,Chennai,Tamil Nadu,South,P007,Bookshelf,Furniture,3,7000,0.05,19950.0,14400,5550.0
O04628,2025-08-13,C0212,Rahul Joshi,Male,25,Ahmedabad,Gujarat,West,P015,Jeans,Fashion,2,2500,0.05,4750.0,2800,1950.0
O04629,2025-03-30,C0657,Rohan Shah,Female,22,Bhubaneswar,Odisha,East,P014,T-Shirt,Fashion,1,1200,0.15,1020.0,650,370.0
O04630,2025-08-22,C0291,Sneha Desai,Female,35,Chennai,Tamil Nadu,South,P002,Smartphone,Electronics,2,28000,0.05,53200.0,43000,10200.0
O04631,2025-06-17,C0611,Sneha Iyer,Male,57,Bengaluru,Karnataka,South,P015,Jeans,Fashion,1,2500,0.05,2375.0,1400,975.0
O04632,2025-08-19,C0146,Simran Iyer,Male,53,Chennai,Tamil Nadu,South,P001,Laptop,Electronics,4,55000,0.1,198000.0,168000,30000.0
O04633,2025-05-06,C0277,Arjun Sharma,Female,53,Kolkata,West Bengal,East,P011,Coffee Maker,Home Appliances,2,5500,0.0,11000.0,6800,4200.0
O04634,2025-03-02,C0006,Amit Iyer,Male,35,Kochi,Kerala,South,P005,Office Chair,Furniture,2,8500,0.0,17000.0,12000,5000.0
O04635,2025-04-30,C0644,Arjun Khan,Female,37,Kochi,Kerala,South,P012,Air Fryer,Home Appliances,2,7500,0.0,15000.0,9600,5400.0
O04636,2025-07-09,C0501,Sneha Sharma,Male,24,Delhi,Delhi,North,P005,Office Chair,Furniture,2,8500,0.0,17000.0,12000,5000.0
O04637,2025-05-01,C0717,Aditi Singh,Female,57,Bengaluru,Karnataka,South,P020,Notebook Set,Stationery,3,500,0.15,1275.0,660,615.0
O04638,2025-02-17,C0343,Arjun Verma,Female,38,Kochi,Kerala,South,P006,Desk,Furniture,2,12000,0.1,21600.0,17000,4600.0
O04639,2025-07-21,C0694,Neha Patel,Male,54,Lucknow,Uttar Pradesh,North,P004,Smart Watch,Electronics,3,6500,0.05,18525.0,12000,6525.0
O04640,2025-02-28,C0523,Arjun Verma,Female,37,Kochi,Kerala,South,P005,Office Chair,Furniture,2,8500,0.05,16150.0,12000,4150.0
O04641,2025-07-04,C0003,Neha Nair,Male,45,Kolkata,West Bengal,East,P019,Cushion Set,Home Decor,1,1200,0.15,1020.0,600,420.0
O04642,2025-08-11,C0180,Aarav Mehta,Female,39,Ahmedabad,Gujarat,West,P013,Mixer Grinder,Home Appliances,3,4200,0.1,11340.0,8100,3240.0
O04643,2025-01-11,C0377,Aarav Singh,Male,54,Jaipur,Rajasthan,North,P015,Jeans,Fashion,2,2500,0.15,4250.0,2800,1450.0
O04644,2025-10-08,C0494,Neha Shah,Male,32,Chennai,Tamil Nadu,South,P019,Cushion Set,Home Decor,2,1200,0.1,2160.0,1200,960.0
O04645,2025-07-08,C0045,Karan Desai,Male,28,Mumbai,Maharashtra,West,P019,Cushion Set,Home Decor,5,1200,0.05,5700.0,3000,2700.0
O04646,2025-10-29,C0584,Amit Reddy,Female,59,Jaipur,Rajasthan,North,P015,Jeans,Fashion,1,2500,0.25,1875.0,1400,475.0
O04647,2025-11-06,C0422,Isha Iyer,Male,52,Pune,Maharashtra,West,P004,Smart Watch,Electronics,1,6500,0.1,5850.0,4000,1850.0
O04648,2025-08-25,C0406,Meera Kapoor,Female,38,Kolkata,West Bengal,East,P017,Table Lamp,Home Decor,1,1800,0.05,1710.0,950,760.0
O04649,2025-02-03,C0210,Neha Singh,Male,30,Ahmedabad,Gujarat,West,P004,Smart Watch,Electronics,2,6500,0.1,11700.0,8000,3700.0
O04650,2025-12-06,C0471,Neha Sharma,Male,25,Kolkata,West Bengal,East,P015,Jeans,Fashion,3,2500,0.05,7125.0,4200,2925.0
O04651,2025-05-15,C0019,Simran Desai,Male,40,Kochi,Kerala,South,P014,T-Shirt,Fashion,4,1200,0.05,4560.0,2600,1960.0
O04652,2025-03-03,C0044,Meera Singh,Female,44,Jaipur,Rajasthan,North,P015,Jeans,Fashion,1,2500,0.2,2000.0,1400,600.0
O04653,2025-11-09,C0616,Amit Gupta,Female,54,Bhubaneswar,Odisha,East,P011,Coffee Maker,Home Appliances,3,5500,0.2,13200.0,10200,3000.0
O04654,2025-08-15,C0233,Pooja Reddy,Male,30,Pune,Maharashtra,West,P013,Mixer Grinder,Home Appliances,3,4200,0.05,11970.0,8100,3870.0
O04655,2025-04-03,C0253,Sneha Patel,Female,20,Hyderabad,Telangana,South,P020,Notebook Set,Stationery,2,500,0.1,900.0,440,460.0
O04656,2025-04-26,C0146,Simran Iyer,Male,53,Chennai,Tamil Nadu,South,P002,Smartphone,Electronics,1,28000,0.15,23800.0,21500,2300.0
O04657,2025-11-28,C0335,Aarav Gupta,Female,40,Bhubaneswar,Odisha,East,P006,Desk,Furniture,2,12000,0.05,22800.0,17000,5800.0
O04658,2025-05-13,C0036,Meera Shah,Female,36,Bhubaneswar,Odisha,East,P013,Mixer Grinder,Home Appliances,4,4200,0.1,15120.0,10800,4320.0
O04659,2025-11-28,C0216,Neha Mehta,Male,53,Pune,Maharashtra,West,P020,Notebook Set,Stationery,5,500,0.15,2125.0,1100,1025.0
O04660,2025-10-20,C0407,Raj Iyer,Female,60,Kochi,Kerala,South,P002,Smartphone,Electronics,2,28000,0.15,47600.0,43000,4600.0
O04661,2025-07-12,C0352,Neha Shah,Male,21,Ahmedabad,Gujarat,West,P001,Laptop,Electronics,3,55000,0.15,140250.0,126000,14250.0
O04662,2025-01-30,C1000,Kavya Reddy,Male,60,Bhubaneswar,Odisha,East,P002,Smartphone,Electronics,1,28000,0.15,23800.0,21500,2300.0
O04663,2025-10-25,C0287,Karan Iyer,Male,21,Mumbai,Maharashtra,West,P001,Laptop,Electronics,1,55000,0.25,41250.0,42000,-750.0
O04664,2025-03-02,C0286,Simran Desai,Male,47,Bhubaneswar,Odisha,East,P019,Cushion Set,Home Decor,4,1200,0.1,4320.0,2400,1920.0
O04665,2025-10-31,C0386,Nikhil Singh,Male,28,Lucknow,Uttar Pradesh,North,P015,Jeans,Fashion,1,2500,0.2,2000.0,1400,600.0
O04666,2025-12-06,C0133,Rohan Reddy,Female,56,Ahmedabad,Gujarat,West,P014,T-Shirt,Fashion,1,1200,0.0,1200.0,650,550.0
O04667,2025-12-15,C0795,Ananya Iyer,Female,32,Bengaluru,Karnataka,South,P010,Yoga Mat,Sports,1,1200,0.05,1140.0,650,490.0
O04668,2025-11-20,C0449,Pooja Khan,Male,23,Chennai,Tamil Nadu,South,P016,Jacket,Fashion,2,4500,0.0,9000.0,5400,3600.0
O04669,2025-10-29,C0135,Isha Desai,Male,22,Bengaluru,Karnataka,South,P003,Headphones,Electronics,2,2500,0.15,4250.0,2800,1450.0
O04670,2025-01-28,C0686,Kavya Mehta,Male,58,Lucknow,Uttar Pradesh,North,P008,Backpack,Accessories,1,2200,0.0,2200.0,1200,1000.0
O04671,2025-03-18,C0024,Pooja Patel,Male,50,Kolkata,West Bengal,East,P010,Yoga Mat,Sports,4,1200,0.2,3840.0,2600,1240.0
O04672,2025-05-01,C0967,Varun Joshi,Female,53,Bengaluru,Karnataka,South,P002,Smartphone,Electronics,3,28000,0.15,71400.0,64500,6900.0
O04673,2025-01-03,C0779,Nikhil Verma,Male,34,Mumbai,Maharashtra,West,P009,Running Shoes,Sports,1,4500,0.0,4500.0,2700,1800.0
O04674,2025-02-06,C0456,Karan Patel,Female,29,Jaipur,Rajasthan,North,P006,Desk,Furniture,1,12000,0.15,10200.0,8500,1700.0
O04675,2025-05-27,C0077,Rohan Nair,Male,21,Mumbai,Maharashtra,West,P001,Laptop,Electronics,2,55000,0.2,88000.0,84000,4000.0
O04676,2025-04-02,C0152,Meera Kapoor,Male,32,Mumbai,Maharashtra,West,P003,Headphones,Electronics,2,2500,0.15,4250.0,2800,1450.0
O04677,2025-12-05,C0200,Isha Kapoor,Male,47,Bengaluru,Karnataka,South,P015,Jeans,Fashion,1,2500,0.0,2500.0,1400,1100.0
O04678,2025-09-30,C0171,Isha Verma,Male,55,Bengaluru,Karnataka,South,P001,Laptop,Electronics,1,55000,0.2,44000.0,42000,2000.0
O04679,2025-03-28,C0380,Nikhil Singh,Female,48,Jaipur,Rajasthan,North,P020,Notebook Set,Stationery,1,500,0.15,425.0,220,205.0
O04680,2025-02-09,C0900,Arjun Sharma,Female,44,Pune,Maharashtra,West,P002,Smartphone,Electronics,1,28000,0.1,25200.0,21500,3700.0
O04681,2025-06-27,C0334,Nikhil Desai,Female,34,Kochi,Kerala,South,P016,Jacket,Fashion,1,4500,0.05,4275.0,2700,1575.0
O04682,2025-11-25,C0538,Priya Sharma,Female,31,Kolkata,West Bengal,East,P019,Cushion Set,Home Decor,2,1200,0.1,2160.0,1200,960.0
O04683,2025-10-12,C0566,Neha Singh,Female,35,Pune,Maharashtra,West,P020,Notebook Set,Stationery,2,500,0.2,800.0,440,360.0
O04684,2025-02-11,C0788,Rahul Nair,Female,20,Bhubaneswar,Odisha,East,P018,Wall Clock,Home Decor,2,1500,0.05,2850.0,1600,1250.0
O04685,2025-10-12,C0023,Meera Mehta,Male,53,Chennai,Tamil Nadu,South,P006,Desk,Furniture,1,12000,0.0,12000.0,8500,3500.0
O04686,2025-03-07,C0300,Isha Desai,Female,29,Pune,Maharashtra,West,P007,Bookshelf,Furniture,2,7000,0.2,11200.0,9600,1600.0
O04687,2025-05-04,C0675,Nikhil Patel,Male,57,Pune,Maharashtra,West,P009,Running Shoes,Sports,1,4500,0.0,4500.0,2700,1800.0
O04688,2025-05-25,C0713,Simran Iyer,Male,58,Hyderabad,Telangana,South,P003,Headphones,Electronics,1,2500,0.2,2000.0,1400,600.0
O04689,2025-04-30,C0872,Nikhil Shah,Male,24,Lucknow,Uttar Pradesh,North,P001,Laptop,Electronics,3,55000,0.05,156750.0,126000,30750.0
O04690,2025-04-19,C0581,Karan Khan,Male,51,Jaipur,Rajasthan,North,P018,Wall Clock,Home Decor,2,1500,0.1,2700.0,1600,1100.0
O04691,2025-04-02,C0174,Sneha Reddy,Male,30,Lucknow,Uttar Pradesh,North,P011,Coffee Maker,Home Appliances,1,5500,0.05,5225.0,3400,1825.0
O04692,2025-11-04,C0387,Pooja Desai,Male,39,Hyderabad,Telangana,South,P012,Air Fryer,Home Appliances,2,7500,0.2,12000.0,9600,2400.0
O04693,2025-03-01,C0022,Vikram Joshi,Female,49,Bengaluru,Karnataka,South,P019,Cushion Set,Home Decor,3,1200,0.15,3060.0,1800,1260.0
O04694,2025-12-16,C0523,Arjun Verma,Female,37,Kochi,Kerala,South,P014,T-Shirt,Fashion,2,1200,0.2,1920.0,1300,620.0
O04695,2025-08-15,C0432,Kavya Nair,Male,53,Pune,Maharashtra,West,P014,T-Shirt,Fashion,3,1200,0.15,3060.0,1950,1110.0
O04696,2025-08-28,C0543,Neha Khan,Male,20,Jaipur,Rajasthan,North,P016,Jacket,Fashion,5,4500,0.05,21375.0,13500,7875.0
O04697,2025-07-31,C0876,Sneha Mehta,Female,40,Chennai,Tamil Nadu,South,P002,Smartphone,Electronics,2,28000,0.05,53200.0,43000,10200.0
O04698,2025-04-08,C0565,Raj Nair,Male,42,Kochi,Kerala,South,P008,Backpack,Accessories,2,2200,0.1,3960.0,2400,1560.0
O04699,2025-01-14,C0232,Rahul Gupta,Male,31,Bhubaneswar,Odisha,East,P020,Notebook Set,Stationery,1,500,0.1,450.0,220,230.0
O04700,2025-08-06,C0139,Sneha Singh,Male,29,Hyderabad,Telangana,South,P019,Cushion Set,Home Decor,1,1200,0.2,960.0,600,360.0
O04701,2025-06-19,C0765,Aditi Joshi,Male,42,Kochi,Kerala,South,P019,Cushion Set,Home Decor,2,1200,0.1,2160.0,1200,960.0
O04702,2025-11-03,C0136,Simran Reddy,Male,34,Pune,Maharashtra,West,P009,Running Shoes,Sports,3,4500,0.15,11475.0,8100,3375.0
O04703,2025-10-07,C0112,Sneha Shah,Male,35,Jaipur,Rajasthan,North,P018,Wall Clock,Home Decor,1,1500,0.25,1125.0,800,325.0
O04704,2025-12-29,C0145,Aarav Khan,Female,23,Bengaluru,Karnataka,South,P001,Laptop,Electronics,4,55000,0.05,209000.0,168000,41000.0
O04705,2025-07-29,C0390,Karan Mehta,Male,40,Chennai,Tamil Nadu,South,P003,Headphones,Electronics,1,2500,0.2,2000.0,1400,600.0
O04706,2025-09-13,C0086,Simran Kapoor,Male,22,Bhubaneswar,Odisha,East,P009,Running Shoes,Sports,2,4500,0.1,8100.0,5400,2700.0
O04707,2025-06-20,C0889,Aditi Kapoor,Male,34,Delhi,Delhi,North,P010,Yoga Mat,Sports,1,1200,0.15,1020.0,650,370.0
O04708,2025-03-14,C0937,Aarav Patel,Female,50,Hyderabad,Telangana,South,P005,Office Chair,Furniture,1,8500,0.05,8075.0,6000,2075.0
O04709,2025-05-27,C0951,Priya Desai,Female,39,Lucknow,Uttar Pradesh,North,P008,Backpack,Accessories,3,2200,0.05,6270.0,3600,2670.0
O04710,2025-12-06,C0027,Raj Reddy,Male,51,Kochi,Kerala,South,P003,Headphones,Electronics,1,2500,0.0,2500.0,1400,1100.0
O04711,2025-11-13,C0902,Raj Reddy,Male,24,Hyderabad,Telangana,South,P010,Yoga Mat,Sports,1,1200,0.25,900.0,650,250.0
O04712,2025-04-16,C0995,Neha Singh,Male,56,Chennai,Tamil Nadu,South,P016,Jacket,Fashion,2,4500,0.15,7650.0,5400,2250.0
O04713,2025-04-04,C0896,Varun Desai,Female,35,Pune,Maharashtra,West,P014,T-Shirt,Fashion,2,1200,0.0,2400.0,1300,1100.0
O04714,2025-03-04,C0547,Rohan Verma,Female,25,Pune,Maharashtra,West,P002,Smartphone,Electronics,3,28000,0.25,63000.0,64500,-1500.0
O04715,2025-06-03,C0580,Sneha Shah,Female,19,Delhi,Delhi,North,P010,Yoga Mat,Sports,4,1200,0.1,4320.0,2600,1720.0
O04716,2025-09-12,C0084,Priya Reddy,Female,39,Ahmedabad,Gujarat,West,P014,T-Shirt,Fashion,1,1200,0.2,960.0,650,310.0
O04717,2025-12-17,C0792,Amit Kapoor,Male,34,Kochi,Kerala,South,P011,Coffee Maker,Home Appliances,2,5500,0.0,11000.0,6800,4200.0
O04718,2025-02-04,C0041,Pooja Joshi,Female,52,Mumbai,Maharashtra,West,P008,Backpack,Accessories,2,2200,0.1,3960.0,2400,1560.0
O04719,2025-11-19,C0230,Arjun Reddy,Female,25,Hyderabad,Telangana,South,P013,Mixer Grinder,Home Appliances,5,4200,0.15,17850.0,13500,4350.0
O04720,2025-11-08,C0983,Sneha Kapoor,Male,46,Bhubaneswar,Odisha,East,P020,Notebook Set,Stationery,4,500,0.0,2000.0,880,1120.0
O04721,2025-10-23,C0315,Varun Khan,Female,22,Kochi,Kerala,South,P002,Smartphone,Electronics,2,28000,0.1,50400.0,43000,7400.0
O04722,2025-09-10,C0091,Vikram Verma,Female,39,Delhi,Delhi,North,P008,Backpack,Accessories,2,2200,0.1,3960.0,2400,1560.0
O04723,2025-06-06,C0942,Rohan Patel,Female,19,Kolkata,West Bengal,East,P008,Backpack,Accessories,1,2200,0.05,2090.0,1200,890.0
O04724,2025-05-14,C0970,Varun Reddy,Female,49,Kolkata,West Bengal,East,P012,Air Fryer,Home Appliances,1,7500,0.05,7125.0,4800,2325.0
O04725,2025-05-09,C0131,Meera Joshi,Female,38,Kochi,Kerala,South,P003,Headphones,Electronics,2,2500,0.25,3750.0,2800,950.0
O04726,2025-10-07,C0779,Nikhil Verma,Male,34,Mumbai,Maharashtra,West,P003,Headphones,Electronics,2,2500,0.05,4750.0,2800,1950.0
O04727,2025-12-24,C0288,Varun Sharma,Male,30,Chennai,Tamil Nadu,South,P005,Office Chair,Furniture,2,8500,0.05,16150.0,12000,4150.0
O04728,2025-09-09,C0281,Rahul Reddy,Male,31,Kolkata,West Bengal,East,P020,Notebook Set,Stationery,2,500,0.1,900.0,440,460.0
O04729,2025-05-15,C0187,Aditi Iyer,Female,29,Ahmedabad,Gujarat,West,P015,Jeans,Fashion,1,2500,0.15,2125.0,1400,725.0
O04730,2025-11-27,C0031,Ananya Patel,Male,21,Kolkata,West Bengal,East,P014,T-Shirt,Fashion,2,1200,0.15,2040.0,1300,740.0
O04731,2025-01-11,C0191,Amit Gupta,Female,52,Lucknow,Uttar Pradesh,North,P017,Table Lamp,Home Decor,1,1800,0.15,1530.0,950,580.0
O04732,2025-10-19,C0037,Sneha Patel,Female,46,Ahmedabad,Gujarat,West,P003,Headphones,Electronics,1,2500,0.0,2500.0,1400,1100.0
O04733,2025-05-28,C0867,Rahul Nair,Male,56,Bhubaneswar,Odisha,East,P018,Wall Clock,Home Decor,1,1500,0.1,1350.0,800,550.0
O04734,2025-11-15,C0538,Priya Sharma,Female,31,Kolkata,West Bengal,East,P012,Air Fryer,Home Appliances,3,7500,0.15,19125.0,14400,4725.0
O04735,2025-03-21,C0810,Nikhil Khan,Female,41,Pune,Maharashtra,West,P007,Bookshelf,Furniture,1,7000,0.2,5600.0,4800,800.0
O04736,2025-07-10,C0597,Pooja Mehta,Male,46,Kochi,Kerala,South,P017,Table Lamp,Home Decor,3,1800,0.1,4860.0,2850,2010.0
O04737,2025-12-10,C0091,Vikram Verma,Female,39,Delhi,Delhi,North,P016,Jacket,Fashion,1,4500,0.0,4500.0,2700,1800.0
O04738,2025-01-30,C0893,Sneha Khan,Male,45,Pune,Maharashtra,West,P017,Table Lamp,Home Decor,1,1800,0.1,1620.0,950,670.0
O04739,2025-12-25,C0829,Rahul Reddy,Male,27,Lucknow,Uttar Pradesh,North,P002,Smartphone,Electronics,3,28000,0.0,84000.0,64500,19500.0
O04740,2025-08-17,C0254,Arjun Reddy,Male,25,Chennai,Tamil Nadu,South,P020,Notebook Set,Stationery,2,500,0.15,850.0,440,410.0
O04741,2025-03-25,C0077,Rohan Nair,Male,21,Mumbai,Maharashtra,West,P020,Notebook Set,Stationery,1,500,0.0,500.0,220,280.0
O04742,2025-05-30,C0583,Aarav Khan,Male,30,Pune,Maharashtra,West,P008,Backpack,Accessories,1,2200,0.05,2090.0,1200,890.0
O04743,2025-12-27,C0610,Nikhil Iyer,Male,59,Chennai,Tamil Nadu,South,P002,Smartphone,Electronics,4,28000,0.1,100800.0,86000,14800.0
O04744,2025-07-08,C0825,Raj Gupta,Male,36,Bengaluru,Karnataka,South,P003,Headphones,Electronics,1,2500,0.1,2250.0,1400,850.0
O04745,2025-01-21,C0036,Meera Shah,Female,36,Bhubaneswar,Odisha,East,P020,Notebook Set,Stationery,2,500,0.1,900.0,440,460.0
O04746,2025-02-06,C0098,Raj Iyer,Female,38,Bhubaneswar,Odisha,East,P011,Coffee Maker,Home Appliances,1,5500,0.1,4950.0,3400,1550.0
O04747,2025-09-03,C0474,Rahul Gupta,Male,57,Mumbai,Maharashtra,West,P008,Backpack,Accessories,1,2200,0.15,1870.0,1200,670.0
O04748,2025-10-10,C0495,Varun Nair,Female,49,Bhubaneswar,Odisha,East,P006,Desk,Furniture,1,12000,0.1,10800.0,8500,2300.0
O04749,2025-04-12,C0023,Meera Mehta,Male,53,Chennai,Tamil Nadu,South,P005,Office Chair,Furniture,2,8500,0.1,15300.0,12000,3300.0
O04750,2025-10-21,C0294,Varun Shah,Female,31,Kochi,Kerala,South,P014,T-Shirt,Fashion,2,1200,0.05,2280.0,1300,980.0
O04751,2025-08-20,C0460,Kavya Joshi,Male,53,Mumbai,Maharashtra,West,P009,Running Shoes,Sports,1,4500,0.1,4050.0,2700,1350.0
O04752,2025-11-12,C0620,Vikram Sharma,Female,30,Chennai,Tamil Nadu,South,P020,Notebook Set,Stationery,3,500,0.1,1350.0,660,690.0
O04753,2025-11-22,C0229,Rohan Singh,Male,52,Lucknow,Uttar Pradesh,North,P014,T-Shirt,Fashion,3,1200,0.1,3240.0,1950,1290.0
O04754,2025-10-15,C0368,Meera Iyer,Female,52,Delhi,Delhi,North,P016,Jacket,Fashion,4,4500,0.15,15300.0,10800,4500.0
O04755,2025-12-02,C0712,Varun Verma,Female,48,Hyderabad,Telangana,South,P006,Desk,Furniture,1,12000,0.1,10800.0,8500,2300.0
O04756,2025-09-02,C0915,Nikhil Kapoor,Female,60,Ahmedabad,Gujarat,West,P002,Smartphone,Electronics,1,28000,0.15,23800.0,21500,2300.0
O04757,2025-06-26,C0163,Pooja Kapoor,Female,26,Pune,Maharashtra,West,P010,Yoga Mat,Sports,3,1200,0.1,3240.0,1950,1290.0
O04758,2025-08-01,C0180,Aarav Mehta,Female,39,Ahmedabad,Gujarat,West,P006,Desk,Furniture,1,12000,0.1,10800.0,8500,2300.0
O04759,2025-12-24,C0892,Arjun Sharma,Male,22,Pune,Maharashtra,West,P004,Smart Watch,Electronics,1,6500,0.15,5525.0,4000,1525.0
O04760,2025-04-12,C0293,Pooja Mehta,Male,48,Kochi,Kerala,South,P020,Notebook Set,Stationery,3,500,0.05,1425.0,660,765.0
O04761,2025-10-13,C0599,Varun Khan,Female,26,Bhubaneswar,Odisha,East,P009,Running Shoes,Sports,1,4500,0.1,4050.0,2700,1350.0
O04762,2025-01-22,C0488,Simran Reddy,Male,57,Lucknow,Uttar Pradesh,North,P003,Headphones,Electronics,1,2500,0.1,2250.0,1400,850.0
O04763,2025-01-19,C0205,Nikhil Mehta,Male,42,Bengaluru,Karnataka,South,P004,Smart Watch,Electronics,1,6500,0.0,6500.0,4000,2500.0
O04764,2025-10-14,C0529,Rahul Singh,Female,51,Lucknow,Uttar Pradesh,North,P005,Office Chair,Furniture,3,8500,0.1,22950.0,18000,4950.0
O04765,2025-10-03,C0531,Pooja Shah,Female,49,Chennai,Tamil Nadu,South,P020,Notebook Set,Stationery,1,500,0.1,450.0,220,230.0
O04766,2025-05-27,C0468,Raj Mehta,Male,50,Kolkata,West Bengal,East,P005,Office Chair,Furniture,3,8500,0.25,19125.0,18000,1125.0
O04767,2025-02-09,C0068,Rahul Shah,Male,47,Kolkata,West Bengal,East,P007,Bookshelf,Furniture,2,7000,0.2,11200.0,9600,1600.0
O04768,2025-06-16,C0991,Rohan Shah,Female,58,Hyderabad,Telangana,South,P014,T-Shirt,Fashion,2,1200,0.05,2280.0,1300,980.0
O04769,2025-04-01,C0297,Sneha Desai,Male,51,Kochi,Kerala,South,P006,Desk,Furniture,1,12000,0.1,10800.0,8500,2300.0
O04770,2025-03-13,C0514,Nikhil Desai,Female,28,Chennai,Tamil Nadu,South,P004,Smart Watch,Electronics,1,6500,0.0,6500.0,4000,2500.0
O04771,2025-12-31,C0809,Meera Patel,Male,21,Jaipur,Rajasthan,North,P003,Headphones,Electronics,2,2500,0.05,4750.0,2800,1950.0
O04772,2025-10-10,C0316,Isha Nair,Male,46,Delhi,Delhi,North,P006,Desk,Furniture,1,12000,0.15,10200.0,8500,1700.0
O04773,2025-12-01,C0662,Aarav Singh,Male,58,Hyderabad,Telangana,South,P002,Smartphone,Electronics,3,28000,0.05,79800.0,64500,15300.0
O04774,2025-05-20,C0947,Sneha Sharma,Female,43,Mumbai,Maharashtra,West,P001,Laptop,Electronics,1,55000,0.05,52250.0,42000,10250.0
O04775,2025-08-27,C0263,Pooja Patel,Male,58,Delhi,Delhi,North,P016,Jacket,Fashion,2,4500,0.2,7200.0,5400,1800.0
O04776,2025-03-19,C0301,Rohan Nair,Female,32,Jaipur,Rajasthan,North,P003,Headphones,Electronics,1,2500,0.15,2125.0,1400,725.0
O04777,2025-07-18,C0838,Karan Nair,Male,25,Pune,Maharashtra,West,P016,Jacket,Fashion,3,4500,0.15,11475.0,8100,3375.0
O04778,2025-01-17,C0111,Aditi Singh,Female,52,Bengaluru,Karnataka,South,P016,Jacket,Fashion,1,4500,0.2,3600.0,2700,900.0
O04779,2025-08-06,C0020,Arjun Singh,Male,57,Lucknow,Uttar Pradesh,North,P011,Coffee Maker,Home Appliances,1,5500,0.15,4675.0,3400,1275.0
O04780,2025-08-17,C0843,Karan Iyer,Female,36,Ahmedabad,Gujarat,West,P006,Desk,Furniture,3,12000,0.05,34200.0,25500,8700.0
O04781,2025-12-06,C0721,Amit Khan,Male,38,Mumbai,Maharashtra,West,P003,Headphones,Electronics,2,2500,0.1,4500.0,2800,1700.0
O04782,2025-05-18,C0948,Neha Iyer,Male,42,Jaipur,Rajasthan,North,P015,Jeans,Fashion,2,2500,0.1,4500.0,2800,1700.0
O04783,2025-05-27,C0040,Isha Khan,Female,45,Hyderabad,Telangana,South,P012,Air Fryer,Home Appliances,2,7500,0.05,14250.0,9600,4650.0
O04784,2025-07-29,C0108,Aditi Reddy,Female,28,Chennai,Tamil Nadu,South,P013,Mixer Grinder,Home Appliances,2,4200,0.15,7140.0,5400,1740.0
O04785,2025-06-07,C0072,Karan Verma,Male,59,Bhubaneswar,Odisha,East,P001,Laptop,Electronics,1,55000,0.1,49500.0,42000,7500.0
O04786,2025-06-02,C0561,Priya Nair,Male,43,Bengaluru,Karnataka,South,P019,Cushion Set,Home Decor,1,1200,0.0,1200.0,600,600.0
O04787,2025-12-10,C0482,Amit Kapoor,Female,30,Hyderabad,Telangana,South,P002,Smartphone,Electronics,3,28000,0.05,79800.0,64500,15300.0
O04788,2025-11-26,C0263,Pooja Patel,Male,58,Delhi,Delhi,North,P008,Backpack,Accessories,1,2200,0.05,2090.0,1200,890.0
O04789,2025-12-24,C0039,Ananya Kapoor,Male,35,Jaipur,Rajasthan,North,P008,Backpack,Accessories,2,2200,0.2,3520.0,2400,1120.0
O04790,2025-12-18,C0515,Amit Khan,Male,60,Kochi,Kerala,South,P001,Laptop,Electronics,1,55000,0.15,46750.0,42000,4750.0
O04791,2025-06-12,C0447,Simran Khan,Female,51,Pune,Maharashtra,West,P010,Yoga Mat,Sports,1,1200,0.1,1080.0,650,430.0
O04792,2025-11-03,C0078,Raj Iyer,Female,35,Hyderabad,Telangana,South,P015,Jeans,Fashion,1,2500,0.1,2250.0,1400,850.0
O04793,2025-04-11,C0843,Karan Iyer,Female,36,Ahmedabad,Gujarat,West,P017,Table Lamp,Home Decor,2,1800,0.15,3060.0,1900,1160.0
O04794,2025-11-23,C0140,Rahul Iyer,Male,23,Jaipur,Rajasthan,North,P018,Wall Clock,Home Decor,2,1500,0.15,2550.0,1600,950.0
O04795,2025-11-23,C0627,Nikhil Nair,Male,49,Ahmedabad,Gujarat,West,P010,Yoga Mat,Sports,1,1200,0.1,1080.0,650,430.0
O04796,2025-06-04,C0808,Kavya Verma,Male,51,Lucknow,Uttar Pradesh,North,P013,Mixer Grinder,Home Appliances,1,4200,0.2,3360.0,2700,660.0
O04797,2025-01-10,C0456,Karan Patel,Female,29,Jaipur,Rajasthan,North,P002,Smartphone,Electronics,4,28000,0.25,84000.0,86000,-2000.0
O04798,2025-12-19,C0175,Pooja Singh,Female,48,Bhubaneswar,Odisha,East,P010,Yoga Mat,Sports,1,1200,0.25,900.0,650,250.0
O04799,2025-07-02,C0223,Vikram Reddy,Male,31,Bhubaneswar,Odisha,East,P003,Headphones,Electronics,3,2500,0.15,6375.0,4200,2175.0
O04800,2025-05-14,C0809,Meera Patel,Male,21,Jaipur,Rajasthan,North,P008,Backpack,Accessories,4,2200,0.2,7040.0,4800,2240.0
O04801,2025-01-06,C0215,Raj Verma,Male,18,Kolkata,West Bengal,East,P007,Bookshelf,Furniture,4,7000,0.1,25200.0,19200,6000.0
O04802,2025-11-29,C0630,Aarav Kapoor,Male,24,Hyderabad,Telangana,South,P009,Running Shoes,Sports,3,4500,0.2,10800.0,8100,2700.0
O04803,2025-11-29,C0981,Simran Singh,Male,32,Bhubaneswar,Odisha,East,P012,Air Fryer,Home Appliances,1,7500,0.2,6000.0,4800,1200.0
O04804,2025-09-15,C1000,Kavya Reddy,Male,60,Bhubaneswar,Odisha,East,P019,Cushion Set,Home Decor,4,1200,0.2,3840.0,2400,1440.0
O04805,2025-07-30,C0413,Nikhil Singh,Female,54,Delhi,Delhi,North,P008,Backpack,Accessories,3,2200,0.15,5610.0,3600,2010.0
O04806,2025-02-20,C0728,Sneha Verma,Male,55,Ahmedabad,Gujarat,West,P020,Notebook Set,Stationery,3,500,0.1,1350.0,660,690.0
O04807,2025-05-27,C0981,Simran Singh,Male,32,Bhubaneswar,Odisha,East,P015,Jeans,Fashion,1,2500,0.05,2375.0,1400,975.0
O04808,2025-05-08,C0275,Ananya Shah,Male,27,Bhubaneswar,Odisha,East,P010,Yoga Mat,Sports,4,1200,0.05,4560.0,2600,1960.0
O04809,2025-09-15,C0179,Arjun Reddy,Male,46,Hyderabad,Telangana,South,P013,Mixer Grinder,Home Appliances,2,4200,0.15,7140.0,5400,1740.0
O04810,2025-02-20,C0079,Ananya Nair,Female,26,Ahmedabad,Gujarat,West,P002,Smartphone,Electronics,2,28000,0.05,53200.0,43000,10200.0
O04811,2025-06-03,C0098,Raj Iyer,Female,38,Bhubaneswar,Odisha,East,P017,Table Lamp,Home Decor,1,1800,0.1,1620.0,950,670.0
O04812,2025-03-11,C0764,Kavya Reddy,Male,18,Delhi,Delhi,North,P012,Air Fryer,Home Appliances,1,7500,0.1,6750.0,4800,1950.0
O04813,2025-10-03,C0465,Ananya Shah,Female,49,Delhi,Delhi,North,P020,Notebook Set,Stationery,4,500,0.1,1800.0,880,920.0
O04814,2025-10-06,C0791,Pooja Khan,Female,18,Chennai,Tamil Nadu,South,P013,Mixer Grinder,Home Appliances,2,4200,0.2,6720.0,5400,1320.0
O04815,2025-11-06,C0681,Amit Kapoor,Male,59,Bhubaneswar,Odisha,East,P017,Table Lamp,Home Decor,1,1800,0.15,1530.0,950,580.0
O04816,2025-05-14,C0550,Aarav Mehta,Female,34,Jaipur,Rajasthan,North,P016,Jacket,Fashion,3,4500,0.15,11475.0,8100,3375.0
O04817,2025-08-08,C0485,Neha Singh,Male,43,Hyderabad,Telangana,South,P007,Bookshelf,Furniture,1,7000,0.1,6300.0,4800,1500.0
O04818,2025-06-12,C0033,Aditi Kapoor,Male,18,Bengaluru,Karnataka,South,P005,Office Chair,Furniture,1,8500,0.15,7225.0,6000,1225.0
O04819,2025-05-16,C0789,Rahul Iyer,Female,34,Ahmedabad,Gujarat,West,P009,Running Shoes,Sports,1,4500,0.05,4275.0,2700,1575.0
O04820,2025-02-26,C0311,Neha Shah,Male,41,Ahmedabad,Gujarat,West,P010,Yoga Mat,Sports,1,1200,0.05,1140.0,650,490.0
O04821,2025-06-26,C0437,Nikhil Kapoor,Female,45,Pune,Maharashtra,West,P004,Smart Watch,Electronics,1,6500,0.2,5200.0,4000,1200.0
O04822,2025-04-25,C0015,Kavya Reddy,Female,20,Delhi,Delhi,North,P019,Cushion Set,Home Decor,1,1200,0.15,1020.0,600,420.0
O04823,2025-05-29,C0886,Vikram Joshi,Female,43,Kochi,Kerala,South,P011,Coffee Maker,Home Appliances,1,5500,0.15,4675.0,3400,1275.0
O04824,2025-08-29,C0834,Varun Shah,Male,40,Mumbai,Maharashtra,West,P020,Notebook Set,Stationery,2,500,0.1,900.0,440,460.0
O04825,2025-05-03,C0422,Isha Iyer,Male,52,Pune,Maharashtra,West,P017,Table Lamp,Home Decor,3,1800,0.1,4860.0,2850,2010.0
O04826,2025-10-19,C0454,Pooja Iyer,Male,50,Jaipur,Rajasthan,North,P011,Coffee Maker,Home Appliances,2,5500,0.1,9900.0,6800,3100.0
O04827,2025-11-23,C0584,Amit Reddy,Female,59,Jaipur,Rajasthan,North,P020,Notebook Set,Stationery,1,500,0.05,475.0,220,255.0
O04828,2025-03-10,C0189,Nikhil Khan,Male,58,Mumbai,Maharashtra,West,P010,Yoga Mat,Sports,1,1200,0.1,1080.0,650,430.0
O04829,2025-11-10,C0157,Aarav Kapoor,Female,44,Kolkata,West Bengal,East,P019,Cushion Set,Home Decor,3,1200,0.1,3240.0,1800,1440.0
O04830,2025-03-04,C0551,Rohan Iyer,Male,28,Kochi,Kerala,South,P008,Backpack,Accessories,4,2200,0.1,7920.0,4800,3120.0
O04831,2025-08-09,C0072,Karan Verma,Male,59,Bhubaneswar,Odisha,East,P008,Backpack,Accessories,1,2200,0.1,1980.0,1200,780.0
O04832,2025-01-16,C0342,Rahul Mehta,Male,40,Pune,Maharashtra,West,P009,Running Shoes,Sports,1,4500,0.25,3375.0,2700,675.0
O04833,2025-03-19,C0376,Vikram Verma,Male,35,Ahmedabad,Gujarat,West,P011,Coffee Maker,Home Appliances,2,5500,0.15,9350.0,6800,2550.0
O04834,2025-05-02,C0281,Rahul Reddy,Male,31,Kolkata,West Bengal,East,P011,Coffee Maker,Home Appliances,2,5500,0.2,8800.0,6800,2000.0
O04835,2025-09-15,C0130,Amit Reddy,Female,29,Jaipur,Rajasthan,North,P010,Yoga Mat,Sports,1,1200,0.1,1080.0,650,430.0
O04836,2025-08-05,C0260,Kavya Iyer,Male,56,Mumbai,Maharashtra,West,P006,Desk,Furniture,2,12000,0.1,21600.0,17000,4600.0
O04837,2025-04-24,C0245,Kavya Shah,Male,55,Chennai,Tamil Nadu,South,P019,Cushion Set,Home Decor,2,1200,0.0,2400.0,1200,1200.0
O04838,2025-05-26,C0382,Arjun Singh,Female,33,Jaipur,Rajasthan,North,P012,Air Fryer,Home Appliances,4,7500,0.05,28500.0,19200,9300.0
O04839,2025-08-25,C0551,Rohan Iyer,Male,28,Kochi,Kerala,South,P009,Running Shoes,Sports,1,4500,0.1,4050.0,2700,1350.0
O04840,2025-03-27,C0941,Simran Shah,Female,53,Ahmedabad,Gujarat,West,P013,Mixer Grinder,Home Appliances,5,4200,0.1,18900.0,13500,5400.0
O04841,2025-06-16,C0100,Nikhil Kapoor,Female,56,Kolkata,West Bengal,East,P015,Jeans,Fashion,1,2500,0.15,2125.0,1400,725.0
O04842,2025-05-09,C0790,Priya Joshi,Male,29,Kolkata,West Bengal,East,P020,Notebook Set,Stationery,2,500,0.1,900.0,440,460.0
O04843,2025-06-14,C0204,Varun Desai,Female,53,Pune,Maharashtra,West,P010,Yoga Mat,Sports,2,1200,0.2,1920.0,1300,620.0
O04844,2025-10-04,C0467,Karan Patel,Male,25,Hyderabad,Telangana,South,P002,Smartphone,Electronics,1,28000,0.25,21000.0,21500,-500.0
O04845,2025-09-14,C0425,Isha Khan,Male,55,Chennai,Tamil Nadu,South,P009,Running Shoes,Sports,2,4500,0.05,8550.0,5400,3150.0
O04846,2025-05-12,C0435,Sneha Shah,Female,18,Jaipur,Rajasthan,North,P010,Yoga Mat,Sports,1,1200,0.1,1080.0,650,430.0
O04847,2025-02-27,C0604,Vikram Verma,Female,45,Kochi,Kerala,South,P019,Cushion Set,Home Decor,1,1200,0.15,1020.0,600,420.0
O04848,2025-09-14,C0281,Rahul Reddy,Male,31,Kolkata,West Bengal,East,P008,Backpack,Accessories,1,2200,0.05,2090.0,1200,890.0
O04849,2025-05-21,C0231,Isha Verma,Female,20,Pune,Maharashtra,West,P020,Notebook Set,Stationery,2,500,0.05,950.0,440,510.0
O04850,2025-06-23,C0763,Aarav Nair,Female,55,Hyderabad,Telangana,South,P010,Yoga Mat,Sports,1,1200,0.15,1020.0,650,370.0
O04851,2025-06-24,C0155,Vikram Mehta,Male,34,Ahmedabad,Gujarat,West,P020,Notebook Set,Stationery,4,500,0.25,1500.0,880,620.0
O04852,2025-07-28,C0126,Simran Desai,Male,36,Bengaluru,Karnataka,South,P001,Laptop,Electronics,1,55000,0.15,46750.0,42000,4750.0
O04853,2025-07-23,C0011,Priya Patel,Male,47,Kochi,Kerala,South,P019,Cushion Set,Home Decor,1,1200,0.1,1080.0,600,480.0
O04854,2025-01-07,C0148,Ananya Gupta,Male,28,Mumbai,Maharashtra,West,P020,Notebook Set,Stationery,1,500,0.1,450.0,220,230.0
O04855,2025-02-20,C0399,Nikhil Joshi,Female,45,Ahmedabad,Gujarat,West,P020,Notebook Set,Stationery,2,500,0.1,900.0,440,460.0
O04856,2025-09-16,C0417,Simran Khan,Male,39,Pune,Maharashtra,West,P001,Laptop,Electronics,1,55000,0.1,49500.0,42000,7500.0
O04857,2025-06-27,C0181,Aarav Verma,Male,60,Ahmedabad,Gujarat,West,P003,Headphones,Electronics,1,2500,0.1,2250.0,1400,850.0
O04858,2025-01-31,C0049,Aarav Reddy,Male,51,Bhubaneswar,Odisha,East,P013,Mixer Grinder,Home Appliances,1,4200,0.05,3990.0,2700,1290.0
O04859,2025-12-22,C0628,Isha Khan,Male,42,Bengaluru,Karnataka,South,P001,Laptop,Electronics,1,55000,0.2,44000.0,42000,2000.0
O04860,2025-11-14,C0644,Arjun Khan,Female,37,Kochi,Kerala,South,P002,Smartphone,Electronics,2,28000,0.15,47600.0,43000,4600.0
O04861,2025-06-03,C0996,Raj Sharma,Male,40,Mumbai,Maharashtra,West,P004,Smart Watch,Electronics,2,6500,0.15,11050.0,8000,3050.0
O04862,2025-12-30,C0830,Isha Nair,Male,42,Pune,Maharashtra,West,P010,Yoga Mat,Sports,1,1200,0.2,960.0,650,310.0
O04863,2025-02-24,C0870,Ananya Iyer,Female,30,Mumbai,Maharashtra,West,P011,Coffee Maker,Home Appliances,1,5500,0.05,5225.0,3400,1825.0
O04864,2025-06-05,C0692,Kavya Gupta,Female,32,Bhubaneswar,Odisha,East,P001,Laptop,Electronics,3,55000,0.0,165000.0,126000,39000.0
O04865,2025-02-13,C0491,Nikhil Kapoor,Female,49,Bengaluru,Karnataka,South,P003,Headphones,Electronics,1,2500,0.15,2125.0,1400,725.0
O04866,2025-03-22,C0089,Aarav Sharma,Female,30,Bengaluru,Karnataka,South,P010,Yoga Mat,Sports,4,1200,0.25,3600.0,2600,1000.0
O04867,2025-06-15,C0498,Ananya Verma,Female,58,Mumbai,Maharashtra,West,P012,Air Fryer,Home Appliances,1,7500,0.1,6750.0,4800,1950.0
O04868,2025-01-30,C0038,Kavya Kapoor,Female,27,Lucknow,Uttar Pradesh,North,P003,Headphones,Electronics,1,2500,0.0,2500.0,1400,1100.0
O04869,2025-11-18,C0808,Kavya Verma,Male,51,Lucknow,Uttar Pradesh,North,P008,Backpack,Accessories,2,2200,0.15,3740.0,2400,1340.0
O04870,2025-05-16,C0366,Raj Desai,Female,45,Lucknow,Uttar Pradesh,North,P019,Cushion Set,Home Decor,3,1200,0.0,3600.0,1800,1800.0
O04871,2025-01-14,C0576,Priya Gupta,Female,34,Mumbai,Maharashtra,West,P020,Notebook Set,Stationery,1,500,0.1,450.0,220,230.0
O04872,2025-12-23,C0036,Meera Shah,Female,36,Bhubaneswar,Odisha,East,P020,Notebook Set,Stationery,1,500,0.05,475.0,220,255.0
O04873,2025-04-16,C0413,Nikhil Singh,Female,54,Delhi,Delhi,North,P018,Wall Clock,Home Decor,1,1500,0.2,1200.0,800,400.0
O04874,2025-12-25,C0217,Isha Nair,Female,52,Jaipur,Rajasthan,North,P008,Backpack,Accessories,4,2200,0.1,7920.0,4800,3120.0
O04875,2025-11-14,C0204,Varun Desai,Female,53,Pune,Maharashtra,West,P014,T-Shirt,Fashion,2,1200,0.2,1920.0,1300,620.0
O04876,2025-03-16,C0288,Varun Sharma,Male,30,Chennai,Tamil Nadu,South,P009,Running Shoes,Sports,1,4500,0.05,4275.0,2700,1575.0
O04877,2025-03-20,C0001,Rohan Mehta,Male,41,Mumbai,Maharashtra,West,P013,Mixer Grinder,Home Appliances,1,4200,0.1,3780.0,2700,1080.0
O04878,2025-07-13,C0353,Ananya Shah,Female,42,Bhubaneswar,Odisha,East,P006,Desk,Furniture,1,12000,0.2,9600.0,8500,1100.0
O04879,2025-12-29,C0370,Aarav Gupta,Female,31,Jaipur,Rajasthan,North,P012,Air Fryer,Home Appliances,1,7500,0.05,7125.0,4800,2325.0
O04880,2025-04-06,C0777,Rohan Mehta,Female,40,Pune,Maharashtra,West,P010,Yoga Mat,Sports,1,1200,0.1,1080.0,650,430.0
O04881,2025-02-09,C0337,Sneha Nair,Female,46,Ahmedabad,Gujarat,West,P001,Laptop,Electronics,2,55000,0.1,99000.0,84000,15000.0
O04882,2025-09-13,C0266,Nikhil Shah,Male,38,Pune,Maharashtra,West,P016,Jacket,Fashion,1,4500,0.15,3825.0,2700,1125.0
O04883,2025-04-17,C0990,Ananya Gupta,Female,60,Kochi,Kerala,South,P001,Laptop,Electronics,1,55000,0.05,52250.0,42000,10250.0
O04884,2025-01-17,C0448,Pooja Shah,Female,54,Bengaluru,Karnataka,South,P006,Desk,Furniture,2,12000,0.1,21600.0,17000,4600.0
O04885,2025-01-15,C0358,Nikhil Desai,Female,36,Bengaluru,Karnataka,South,P001,Laptop,Electronics,1,55000,0.15,46750.0,42000,4750.0
O04886,2025-09-29,C0379,Priya Reddy,Female,53,Lucknow,Uttar Pradesh,North,P008,Backpack,Accessories,1,2200,0.1,1980.0,1200,780.0
O04887,2025-01-13,C0706,Arjun Gupta,Male,21,Kolkata,West Bengal,East,P002,Smartphone,Electronics,1,28000,0.0,28000.0,21500,6500.0
O04888,2025-09-04,C0248,Rahul Nair,Male,43,Mumbai,Maharashtra,West,P019,Cushion Set,Home Decor,1,1200,0.15,1020.0,600,420.0
O04889,2025-08-02,C0287,Karan Iyer,Male,21,Mumbai,Maharashtra,West,P009,Running Shoes,Sports,3,4500,0.1,12150.0,8100,4050.0
O04890,2025-05-31,C0641,Aarav Joshi,Female,34,Bhubaneswar,Odisha,East,P009,Running Shoes,Sports,2,4500,0.0,9000.0,5400,3600.0
O04891,2025-10-19,C0050,Neha Khan,Male,29,Lucknow,Uttar Pradesh,North,P008,Backpack,Accessories,1,2200,0.1,1980.0,1200,780.0
O04892,2025-02-12,C0780,Karan Kapoor,Female,51,Hyderabad,Telangana,South,P013,Mixer Grinder,Home Appliances,1,4200,0.2,3360.0,2700,660.0
O04893,2025-04-24,C0322,Varun Nair,Male,26,Bhubaneswar,Odisha,East,P016,Jacket,Fashion,1,4500,0.0,4500.0,2700,1800.0
O04894,2025-11-26,C0458,Varun Desai,Female,33,Jaipur,Rajasthan,North,P013,Mixer Grinder,Home Appliances,2,4200,0.1,7560.0,5400,2160.0
O04895,2025-03-22,C0643,Neha Sharma,Female,46,Ahmedabad,Gujarat,West,P015,Jeans,Fashion,2,2500,0.15,4250.0,2800,1450.0
O04896,2025-12-16,C0190,Aarav Desai,Female,41,Pune,Maharashtra,West,P019,Cushion Set,Home Decor,1,1200,0.0,1200.0,600,600.0
O04897,2025-05-21,C0815,Pooja Singh,Male,57,Pune,Maharashtra,West,P018,Wall Clock,Home Decor,1,1500,0.0,1500.0,800,700.0
O04898,2025-01-30,C0961,Arjun Desai,Female,24,Chennai,Tamil Nadu,South,P014,T-Shirt,Fashion,1,1200,0.1,1080.0,650,430.0
O04899,2025-01-30,C0377,Aarav Singh,Male,54,Jaipur,Rajasthan,North,P004,Smart Watch,Electronics,2,6500,0.15,11050.0,8000,3050.0
O04900,2025-09-23,C0887,Raj Joshi,Male,46,Hyderabad,Telangana,South,P013,Mixer Grinder,Home Appliances,3,4200,0.05,11970.0,8100,3870.0
O04901,2025-04-09,C0001,Rohan Mehta,Male,41,Mumbai,Maharashtra,West,P010,Yoga Mat,Sports,4,1200,0.15,4080.0,2600,1480.0
O04902,2025-04-04,C0821,Kavya Desai,Female,23,Pune,Maharashtra,West,P014,T-Shirt,Fashion,1,1200,0.15,1020.0,650,370.0
O04903,2025-07-30,C0225,Aarav Patel,Female,47,Chennai,Tamil Nadu,South,P017,Table Lamp,Home Decor,2,1800,0.05,3420.0,1900,1520.0
O04904,2025-10-22,C0225,Aarav Patel,Female,47,Chennai,Tamil Nadu,South,P015,Jeans,Fashion,2,2500,0.1,4500.0,2800,1700.0
O04905,2025-02-06,C0161,Aarav Reddy,Female,24,Kochi,Kerala,South,P017,Table Lamp,Home Decor,4,1800,0.25,5400.0,3800,1600.0
O04906,2025-03-30,C0229,Rohan Singh,Male,52,Lucknow,Uttar Pradesh,North,P002,Smartphone,Electronics,1,28000,0.05,26600.0,21500,5100.0
O04907,2025-09-12,C0150,Arjun Kapoor,Female,41,Lucknow,Uttar Pradesh,North,P001,Laptop,Electronics,2,55000,0.1,99000.0,84000,15000.0
O04908,2025-08-02,C0838,Karan Nair,Male,25,Pune,Maharashtra,West,P005,Office Chair,Furniture,1,8500,0.1,7650.0,6000,1650.0
O04909,2025-01-14,C0828,Meera Gupta,Male,60,Ahmedabad,Gujarat,West,P019,Cushion Set,Home Decor,2,1200,0.05,2280.0,1200,1080.0
O04910,2025-07-11,C0070,Vikram Shah,Female,54,Chennai,Tamil Nadu,South,P017,Table Lamp,Home Decor,1,1800,0.0,1800.0,950,850.0
O04911,2025-10-22,C0099,Vikram Mehta,Female,28,Bhubaneswar,Odisha,East,P014,T-Shirt,Fashion,2,1200,0.0,2400.0,1300,1100.0
O04912,2025-07-01,C0775,Sneha Desai,Female,23,Ahmedabad,Gujarat,West,P014,T-Shirt,Fashion,3,1200,0.05,3420.0,1950,1470.0
O04913,2025-05-10,C0295,Raj Singh,Female,51,Jaipur,Rajasthan,North,P015,Jeans,Fashion,1,2500,0.0,2500.0,1400,1100.0
O04914,2025-08-12,C0118,Aditi Gupta,Female,56,Bengaluru,Karnataka,South,P020,Notebook Set,Stationery,2,500,0.15,850.0,440,410.0
O04915,2025-02-12,C0392,Neha Patel,Male,26,Bengaluru,Karnataka,South,P017,Table Lamp,Home Decor,1,1800,0.25,1350.0,950,400.0
O04916,2025-06-30,C0310,Pooja Nair,Male,40,Kochi,Kerala,South,P013,Mixer Grinder,Home Appliances,1,4200,0.0,4200.0,2700,1500.0
O04917,2025-06-18,C0154,Arjun Nair,Male,28,Lucknow,Uttar Pradesh,North,P014,T-Shirt,Fashion,1,1200,0.1,1080.0,650,430.0
O04918,2025-09-21,C0601,Raj Desai,Female,27,Delhi,Delhi,North,P004,Smart Watch,Electronics,1,6500,0.0,6500.0,4000,2500.0
O04919,2025-04-06,C0507,Priya Patel,Female,28,Bhubaneswar,Odisha,East,P014,T-Shirt,Fashion,3,1200,0.05,3420.0,1950,1470.0
O04920,2025-07-22,C0068,Rahul Shah,Male,47,Kolkata,West Bengal,East,P009,Running Shoes,Sports,1,4500,0.05,4275.0,2700,1575.0
O04921,2025-11-17,C0869,Ananya Patel,Female,50,Chennai,Tamil Nadu,South,P003,Headphones,Electronics,2,2500,0.1,4500.0,2800,1700.0
O04922,2025-12-01,C0436,Pooja Patel,Female,37,Kochi,Kerala,South,P016,Jacket,Fashion,3,4500,0.2,10800.0,8100,2700.0
O04923,2025-03-09,C0178,Nikhil Kapoor,Female,39,Kolkata,West Bengal,East,P010,Yoga Mat,Sports,3,1200,0.1,3240.0,1950,1290.0
O04924,2025-04-02,C0145,Aarav Khan,Female,23,Bengaluru,Karnataka,South,P020,Notebook Set,Stationery,3,500,0.1,1350.0,660,690.0
O04925,2025-09-23,C0094,Vikram Kapoor,Male,59,Delhi,Delhi,North,P005,Office Chair,Furniture,1,8500,0.05,8075.0,6000,2075.0
O04926,2025-11-27,C0317,Aarav Gupta,Male,45,Kochi,Kerala,South,P010,Yoga Mat,Sports,3,1200,0.0,3600.0,1950,1650.0
O04927,2025-06-27,C0094,Vikram Kapoor,Male,59,Delhi,Delhi,North,P009,Running Shoes,Sports,1,4500,0.2,3600.0,2700,900.0
O04928,2025-05-31,C0309,Priya Joshi,Male,34,Lucknow,Uttar Pradesh,North,P003,Headphones,Electronics,4,2500,0.0,10000.0,5600,4400.0
O04929,2025-11-13,C0103,Rohan Patel,Male,45,Bengaluru,Karnataka,South,P009,Running Shoes,Sports,2,4500,0.25,6750.0,5400,1350.0
O04930,2025-02-16,C0533,Karan Shah,Female,22,Kochi,Kerala,South,P006,Desk,Furniture,3,12000,0.05,34200.0,25500,8700.0
O04931,2025-01-03,C0676,Varun Sharma,Male,22,Hyderabad,Telangana,South,P003,Headphones,Electronics,1,2500,0.1,2250.0,1400,850.0
O04932,2025-04-13,C0428,Arjun Verma,Female,41,Delhi,Delhi,North,P005,Office Chair,Furniture,2,8500,0.25,12750.0,12000,750.0
O04933,2025-09-30,C0557,Ananya Gupta,Male,58,Delhi,Delhi,North,P004,Smart Watch,Electronics,3,6500,0.05,18525.0,12000,6525.0
O04934,2025-01-22,C0889,Aditi Kapoor,Male,34,Delhi,Delhi,North,P015,Jeans,Fashion,3,2500,0.1,6750.0,4200,2550.0
O04935,2025-04-26,C0514,Nikhil Desai,Female,28,Chennai,Tamil Nadu,South,P001,Laptop,Electronics,1,55000,0.15,46750.0,42000,4750.0
O04936,2025-12-13,C0267,Neha Nair,Male,36,Pune,Maharashtra,West,P013,Mixer Grinder,Home Appliances,4,4200,0.0,16800.0,10800,6000.0
O04937,2025-04-14,C0338,Karan Nair,Male,50,Kochi,Kerala,South,P015,Jeans,Fashion,1,2500,0.15,2125.0,1400,725.0
O04938,2025-09-16,C0773,Sneha Desai,Male,49,Hyderabad,Telangana,South,P010,Yoga Mat,Sports,2,1200,0.0,2400.0,1300,1100.0
O04939,2025-11-04,C0090,Simran Nair,Female,51,Pune,Maharashtra,West,P020,Notebook Set,Stationery,2,500,0.05,950.0,440,510.0
O04940,2025-10-25,C0236,Simran Singh,Male,36,Bengaluru,Karnataka,South,P014,T-Shirt,Fashion,1,1200,0.05,1140.0,650,490.0
O04941,2025-05-10,C0454,Pooja Iyer,Male,50,Jaipur,Rajasthan,North,P015,Jeans,Fashion,1,2500,0.2,2000.0,1400,600.0
O04942,2025-10-22,C0553,Priya Desai,Male,28,Bengaluru,Karnataka,South,P004,Smart Watch,Electronics,3,6500,0.05,18525.0,12000,6525.0
O04943,2025-10-29,C0650,Aditi Verma,Female,43,Delhi,Delhi,North,P016,Jacket,Fashion,1,4500,0.0,4500.0,2700,1800.0
O04944,2025-02-17,C0230,Arjun Reddy,Female,25,Hyderabad,Telangana,South,P017,Table Lamp,Home Decor,1,1800,0.1,1620.0,950,670.0
O04945,2025-01-27,C0101,Nikhil Shah,Male,21,Chennai,Tamil Nadu,South,P008,Backpack,Accessories,2,2200,0.1,3960.0,2400,1560.0
O04946,2025-01-15,C0917,Ananya Desai,Male,44,Hyderabad,Telangana,South,P004,Smart Watch,Electronics,3,6500,0.1,17550.0,12000,5550.0
O04947,2025-09-20,C0052,Nikhil Khan,Male,18,Chennai,Tamil Nadu,South,P008,Backpack,Accessories,2,2200,0.0,4400.0,2400,2000.0
O04948,2025-12-31,C0066,Raj Kapoor,Male,23,Lucknow,Uttar Pradesh,North,P015,Jeans,Fashion,1,2500,0.15,2125.0,1400,725.0
O04949,2025-10-25,C0378,Isha Joshi,Female,30,Lucknow,Uttar Pradesh,North,P009,Running Shoes,Sports,1,4500,0.1,4050.0,2700,1350.0
O04950,2025-09-22,C0718,Vikram Desai,Male,24,Lucknow,Uttar Pradesh,North,P015,Jeans,Fashion,2,2500,0.1,4500.0,2800,1700.0
O04951,2025-12-27,C0663,Simran Iyer,Male,46,Pune,Maharashtra,West,P002,Smartphone,Electronics,2,28000,0.05,53200.0,43000,10200.0
O04952,2025-05-14,C0888,Amit Mehta,Female,27,Kochi,Kerala,South,P016,Jacket,Fashion,2,4500,0.1,8100.0,5400,2700.0
O04953,2025-03-17,C0098,Raj Iyer,Female,38,Bhubaneswar,Odisha,East,P005,Office Chair,Furniture,3,8500,0.15,21675.0,18000,3675.0
O04954,2025-01-30,C0276,Rahul Desai,Female,27,Delhi,Delhi,North,P005,Office Chair,Furniture,1,8500,0.05,8075.0,6000,2075.0
O04955,2025-12-06,C0202,Raj Reddy,Male,20,Kochi,Kerala,South,P012,Air Fryer,Home Appliances,1,7500,0.0,7500.0,4800,2700.0
O04956,2025-05-06,C0774,Isha Khan,Female,56,Lucknow,Uttar Pradesh,North,P002,Smartphone,Electronics,4,28000,0.05,106400.0,86000,20400.0
O04957,2025-03-25,C0372,Raj Sharma,Male,58,Bhubaneswar,Odisha,East,P001,Laptop,Electronics,2,55000,0.15,93500.0,84000,9500.0
O04958,2025-02-23,C0019,Simran Desai,Male,40,Kochi,Kerala,South,P005,Office Chair,Furniture,2,8500,0.25,12750.0,12000,750.0
O04959,2025-10-10,C0587,Rahul Khan,Male,49,Chennai,Tamil Nadu,South,P011,Coffee Maker,Home Appliances,4,5500,0.0,22000.0,13600,8400.0
O04960,2025-12-06,C0287,Karan Iyer,Male,21,Mumbai,Maharashtra,West,P019,Cushion Set,Home Decor,4,1200,0.05,4560.0,2400,2160.0
O04961,2025-09-20,C0411,Raj Reddy,Female,27,Ahmedabad,Gujarat,West,P017,Table Lamp,Home Decor,2,1800,0.0,3600.0,1900,1700.0
O04962,2025-12-26,C0820,Aditi Reddy,Male,33,Jaipur,Rajasthan,North,P010,Yoga Mat,Sports,1,1200,0.05,1140.0,650,490.0
O04963,2025-08-10,C0183,Kavya Gupta,Female,27,Pune,Maharashtra,West,P001,Laptop,Electronics,5,55000,0.1,247500.0,210000,37500.0
O04964,2025-11-24,C0170,Rahul Reddy,Female,36,Bengaluru,Karnataka,South,P011,Coffee Maker,Home Appliances,2,5500,0.2,8800.0,6800,2000.0
O04965,2025-01-02,C0188,Kavya Patel,Male,19,Mumbai,Maharashtra,West,P014,T-Shirt,Fashion,1,1200,0.0,1200.0,650,550.0
O04966,2025-11-02,C0246,Varun Shah,Male,19,Mumbai,Maharashtra,West,P007,Bookshelf,Furniture,2,7000,0.15,11900.0,9600,2300.0
O04967,2025-05-26,C0074,Simran Nair,Male,52,Bengaluru,Karnataka,South,P002,Smartphone,Electronics,1,28000,0.1,25200.0,21500,3700.0
O04968,2025-01-18,C0575,Kavya Khan,Male,51,Delhi,Delhi,North,P005,Office Chair,Furniture,3,8500,0.15,21675.0,18000,3675.0
O04969,2025-01-16,C0146,Simran Iyer,Male,53,Chennai,Tamil Nadu,South,P016,Jacket,Fashion,1,4500,0.1,4050.0,2700,1350.0
O04970,2025-11-04,C0870,Ananya Iyer,Female,30,Mumbai,Maharashtra,West,P008,Backpack,Accessories,3,2200,0.0,6600.0,3600,3000.0
O04971,2025-06-08,C0152,Meera Kapoor,Male,32,Mumbai,Maharashtra,West,P017,Table Lamp,Home Decor,3,1800,0.2,4320.0,2850,1470.0
O04972,2025-12-06,C0182,Meera Desai,Male,20,Pune,Maharashtra,West,P007,Bookshelf,Furniture,3,7000,0.0,21000.0,14400,6600.0
O04973,2025-12-18,C0214,Karan Mehta,Male,26,Hyderabad,Telangana,South,P003,Headphones,Electronics,2,2500,0.1,4500.0,2800,1700.0
O04974,2025-10-25,C0656,Isha Patel,Female,58,Bhubaneswar,Odisha,East,P009,Running Shoes,Sports,3,4500,0.2,10800.0,8100,2700.0
O04975,2025-07-28,C0319,Rohan Desai,Male,18,Jaipur,Rajasthan,North,P009,Running Shoes,Sports,1,4500,0.0,4500.0,2700,1800.0
O04976,2025-07-24,C0718,Vikram Desai,Male,24,Lucknow,Uttar Pradesh,North,P001,Laptop,Electronics,1,55000,0.1,49500.0,42000,7500.0
O04977,2025-04-23,C0676,Varun Sharma,Male,22,Hyderabad,Telangana,South,P002,Smartphone,Electronics,3,28000,0.15,71400.0,64500,6900.0
O04978,2025-06-27,C0875,Pooja Nair,Female,31,Hyderabad,Telangana,South,P003,Headphones,Electronics,1,2500,0.25,1875.0,1400,475.0
O04979,2025-07-28,C0642,Meera Joshi,Male,35,Chennai,Tamil Nadu,South,P002,Smartphone,Electronics,1,28000,0.15,23800.0,21500,2300.0
O04980,2025-05-04,C0036,Meera Shah,Female,36,Bhubaneswar,Odisha,East,P007,Bookshelf,Furniture,1,7000,0.05,6650.0,4800,1850.0
O04981,2025-01-15,C0742,Raj Shah,Female,39,Bengaluru,Karnataka,South,P020,Notebook Set,Stationery,1,500,0.15,425.0,220,205.0
O04982,2025-12-12,C0889,Aditi Kapoor,Male,34,Delhi,Delhi,North,P010,Yoga Mat,Sports,2,1200,0.15,2040.0,1300,740.0
O04983,2025-10-25,C0988,Aditi Mehta,Female,45,Lucknow,Uttar Pradesh,North,P013,Mixer Grinder,Home Appliances,2,4200,0.15,7140.0,5400,1740.0
O04984,2025-02-14,C0086,Simran Kapoor,Male,22,Bhubaneswar,Odisha,East,P008,Backpack,Accessories,1,2200,0.2,1760.0,1200,560.0
O04985,2025-04-04,C0489,Amit Mehta,Female,26,Pune,Maharashtra,West,P007,Bookshelf,Furniture,3,7000,0.0,21000.0,14400,6600.0
O04986,2025-04-17,C0140,Rahul Iyer,Male,23,Jaipur,Rajasthan,North,P001,Laptop,Electronics,1,55000,0.0,55000.0,42000,13000.0
O04987,2025-10-05,C0187,Aditi Iyer,Female,29,Ahmedabad,Gujarat,West,P010,Yoga Mat,Sports,3,1200,0.15,3060.0,1950,1110.0
O04988,2025-05-08,C0629,Varun Patel,Male,46,Kochi,Kerala,South,P010,Yoga Mat,Sports,1,1200,0.25,900.0,650,250.0
O04989,2025-02-07,C0958,Rohan Iyer,Female,45,Hyderabad,Telangana,South,P003,Headphones,Electronics,2,2500,0.1,4500.0,2800,1700.0
O04990,2025-04-07,C0471,Neha Sharma,Male,25,Kolkata,West Bengal,East,P015,Jeans,Fashion,1,2500,0.25,1875.0,1400,475.0
O04991,2025-07-17,C0760,Raj Khan,Female,42,Chennai,Tamil Nadu,South,P010,Yoga Mat,Sports,1,1200,0.2,960.0,650,310.0
O04992,2025-07-11,C0006,Amit Iyer,Male,35,Kochi,Kerala,South,P007,Bookshelf,Furniture,3,7000,0.2,16800.0,14400,2400.0
O04993,2025-12-23,C0025,Vikram Shah,Male,41,Chennai,Tamil Nadu,South,P003,Headphones,Electronics,1,2500,0.2,2000.0,1400,600.0
O04994,2025-01-07,C0472,Sneha Verma,Male,39,Bengaluru,Karnataka,South,P011,Coffee Maker,Home Appliances,4,5500,0.2,17600.0,13600,4000.0
O04995,2025-02-13,C0287,Karan Iyer,Male,21,Mumbai,Maharashtra,West,P015,Jeans,Fashion,2,2500,0.15,4250.0,2800,1450.0
O04996,2025-11-28,C0814,Vikram Mehta,Female,50,Ahmedabad,Gujarat,West,P005,Office Chair,Furniture,1,8500,0.15,7225.0,6000,1225.0
O04997,2025-01-07,C0217,Isha Nair,Female,52,Jaipur,Rajasthan,North,P004,Smart Watch,Electronics,2,6500,0.0,13000.0,8000,5000.0
O04998,2025-07-13,C0323,Sneha Gupta,Female,44,Kochi,Kerala,South,P010,Yoga Mat,Sports,1,1200,0.05,1140.0,650,490.0
O04999,2025-11-12,C0408,Varun Patel,Female,52,Pune,Maharashtra,West,P003,Headphones,Electronics,2,2500,0.05,4750.0,2800,1950.0
O05000,2025-01-01,C0195,Karan Reddy,Female,36,Jaipur,Rajasthan,North,P014,T-Shirt,Fashion,5,1200,0.0,6000.0,3250,2750.0
